"PERSONNEL_ID","BEGIN_DATE","END_DATE","STATUS_ID","STATUS_NAME","ACTION_ID","ACTION_NAME","REASON_ID","REASON_NAME","MODIFY_USER"
"80007149","20250701","99991231","1","ไม่ใช้งาน","ZW","จ้างงาน-บุคคลภายนอก","01","บรรจุ/จ้าง","BSIRADA"
"80007150","20250701","99991231","1","ไม่ใช้งาน","ZW","จ้างงาน-บุคคลภายนอก","01","บรรจุ/จ้าง","BSIRADA"
"80007151","20250701","99991231","1","ไม่ใช้งาน","ZW","จ้างงาน-บุคคลภายนอก","01","บรรจุ/จ้าง","BSIRADA"
"80007152","20250701","99991231","1","ไม่ใช้งาน","ZW","จ้างงาน-บุคคลภายนอก","01","บรรจุ/จ้าง","BSIRADA"
"80007153","20250701","99991231","1","ไม่ใช้งาน","ZW","จ้างงาน-บุคคลภายนอก","01","บรรจุ/จ้าง","BSIRADA"
"80007154","20250701","99991231","1","ไม่ใช้งาน","ZW","จ้างงาน-บุคคลภายนอก","01","บรรจุ/จ้าง","BSIRADA"
"80007155","20250701","99991231","1","ไม่ใช้งาน","ZW","จ้างงาน-บุคคลภายนอก","01","บรรจุ/จ้าง","BSIRADA"
"80007156","20250801","99991231","1","ไม่ใช้งาน","ZW","จ้างงาน-บุคคลภายนอก","01","บรรจุ/จ้าง","BSIRADA"
"80006758","20241101","99991231","1","ไม่ใช้งาน","ZW","จ้างงาน-บุคคลภายนอก","01","บรรจุ/จ้าง","2100HR01"
"80006759","20241101","99991231","1","ไม่ใช้งาน","ZW","จ้างงาน-บุคคลภายนอก","01","บรรจุ/จ้าง","2100HR01"
"80006760","20241101","99991231","1","ไม่ใช้งาน","ZW","จ้างงาน-บุคคลภายนอก","01","บรรจุ/จ้าง","2100HR01"
"10026143","20260201","99991231","3","พนักงานปกติ","W0","การประเมินต่อสัญญาจ้าง","05","ปรับเงินครบทดลองงาน(สัญญา1ปี)","0100PAA104"
"00038241","20260401","99991231","3","พนักงานปกติ","XA","เลื่อนเงินเดือน"," "," ","0100PAA108"
"80000218","20191001","99991231","1","ไม่ใช้งาน","V0","ปรับปรุงข้อมูลกำหนดทางองค์กร","","","IAM-HR04"
"10002763","20251001","99991231","3","พนักงานปกติ","W1","การประเมินปรับเงินเดือน","01","ปรับเงินประจำปี","0100PAA101"
"80006879","20250324","99991231","1","ไม่ใช้งาน","ZW","จ้างงาน-บุคคลภายนอก","01","บรรจุ/จ้าง","2100HR01"
"80006880","20250324","99991231","1","ไม่ใช้งาน","ZW","จ้างงาน-บุคคลภายนอก","01","บรรจุ/จ้าง","2100HR01"
"10026571","20250901","99991231","3","พนักงานปกติ","Z0","จ้างงาน-ผ่านการสรรหา","01","บรรจุ/จ้าง","0100PAA104"
"10026576","20250901","99991231","3","พนักงานปกติ","Z0","จ้างงาน-ผ่านการสรรหา","01","บรรจุ/จ้าง","0100PAA104"
"10026603","20251001","20260930","3","พนักงานปกติ","Z1","จ้างงาน-ไม่ผ่านการสรรหา","01","บรรจุ/จ้าง","0100PAA104"
"80007448","20251101","99991231","1","ไม่ใช้งาน","ZW","จ้างงาน-บุคคลภายนอก","01","บรรจุ/จ้าง","2100HR01"
"80007449","20251101","99991231","1","ไม่ใช้งาน","ZW","จ้างงาน-บุคคลภายนอก","01","บรรจุ/จ้าง","2100HR01"
"80007450","20251101","99991231","1","ไม่ใช้งาน","ZW","จ้างงาน-บุคคลภายนอก","01","บรรจุ/จ้าง","2100HR01"
"80007451","20251101","99991231","1","ไม่ใช้งาน","ZW","จ้างงาน-บุคคลภายนอก","01","บรรจุ/จ้าง","2100HR01"
"80007452","20251101","99991231","1","ไม่ใช้งาน","ZW","จ้างงาน-บุคคลภายนอก","01","บรรจุ/จ้าง","2100HR01"
"80007453","20251101","99991231","1","ไม่ใช้งาน","ZW","จ้างงาน-บุคคลภายนอก","01","บรรจุ/จ้าง","2100HR01"
"10021501","20260301","99991231","3","พนักงานปกติ","Z5","เปลี่ยนสัญญา(ลาออกบรรจุกลับ)","05","เปลี่ยนสัญญา (นับอายุงาน)","0100PAA104"
"00042010","20260401","99991231","3","พนักงานปกติ","XA","เลื่อนเงินเดือน"," "," ","0100PAA108"
"00040548","20260401","99991231","3","พนักงานปกติ","XA","เลื่อนเงินเดือน"," "," ","0100PAA108"
"80006390","20240901","99991231","1","ไม่ใช้งาน","ZW","จ้างงาน-บุคคลภายนอก","01","บรรจุ/จ้าง","2100HR03"
"80006391","20240901","99991231","1","ไม่ใช้งาน","ZW","จ้างงาน-บุคคลภายนอก","01","บรรจุ/จ้าง","2100HR03"
"80006392","20240901","99991231","1","ไม่ใช้งาน","ZW","จ้างงาน-บุคคลภายนอก","01","บรรจุ/จ้าง","2100HR03"
"10000393","20251001","99991231","3","พนักงานปกติ","W1","การประเมินปรับเงินเดือน","01","ปรับเงินประจำปี","0100PAA101"
"10026074","20260101","99991231","3","พนักงานปกติ","W0","การประเมินต่อสัญญาจ้าง","05","ปรับเงินครบทดลองงาน(สัญญา1ปี)","0100PAA104"
"10026075","20260101","99991231","3","พนักงานปกติ","W0","การประเมินต่อสัญญาจ้าง","05","ปรับเงินครบทดลองงาน(สัญญา1ปี)","0100PAA104"
"10003091","20251001","99991231","3","พนักงานปกติ","W1","การประเมินปรับเงินเดือน","01","ปรับเงินประจำปี","0100PAA101"
"10020283","20251101","99991231","3","พนักงานปกติ","W0","การประเมินต่อสัญญาจ้าง","01","ต่อสัญญาปฏิบัติงาน","0100PAA104"
"10026609","20251001","99991231","3","พนักงานปกติ","Z0","จ้างงาน-ผ่านการสรรหา","01","บรรจุ/จ้าง","0100PAA104"
"10026179","20260201","20270131","3","พนักงานปกติ","Z5","เปลี่ยนสัญญา(ลาออกบรรจุกลับ)","02","จ้างงานใหม่-พนักงานวิสามัญ","0100PAA104"
"10026649","20251001","99991231","3","พนักงานปกติ","Z0","จ้างงาน-ผ่านการสรรหา","01","บรรจุ/จ้าง","0100PAA104"
"10017130","20251001","99991231","3","พนักงานปกติ","W1","การประเมินปรับเงินเดือน","01","ปรับเงินประจำปี","0100PAA101"
"00031010","20251001","99991231","2","พนักงานเกษียณอายุ","Y8","เกษียณอายุราชการ(บำนาญ)","03","เกษียณอายุ","0100PAA104"
"10026745","20251101","99991231","3","พนักงานปกติ","Z0","จ้างงาน-ผ่านการสรรหา","01","บรรจุ/จ้าง","0100PAA104"
"10025894","20241001","20260930","3","พนักงานปกติ","Z1","จ้างงาน-ไม่ผ่านการสรรหา","01","บรรจุ/จ้าง","0100PAA104"
"10025895","20241001","20260930","3","พนักงานปกติ","Z1","จ้างงาน-ไม่ผ่านการสรรหา","01","บรรจุ/จ้าง","0100PAA104"
"10024199","20260105","99991231","3","พนักงานปกติ","Z4","กลับจากการลา","06","ลาฝึกอบรมต่างประเทศ","0100TM01"
"10024735","20251001","99991231","3","พนักงานปกติ","W1","การประเมินปรับเงินเดือน","01","ปรับเงินประจำปี","0100PAA101"
"80007517","20260105","99991231","1","ไม่ใช้งาน","ZV","แต่งตั้งผ่านระบบอ.พิเศษ"," "," ","RPA01"
"80007906","20260105","99991231","1","ไม่ใช้งาน","ZW","จ้างงาน-บุคคลภายนอก","02","แต่งตั้งผ่านระบบอ.พิเศษ","RPA01"
"10026912","20260301","99991231","3","พนักงานปกติ","Z0","จ้างงาน-ผ่านการสรรหา","01","บรรจุ/จ้าง","0100PAA104"
"10026913","20260301","99991231","3","พนักงานปกติ","Z0","จ้างงาน-ผ่านการสรรหา","01","บรรจุ/จ้าง","0100PAA104"
"80002291","20220301","99991231","1","ไม่ใช้งาน","ZW","จ้างงาน-บุคคลภายนอก","01","บรรจุ/จ้าง","0100PAA104"
"80006814","20260301","99991231","1","ไม่ใช้งาน","X3","การย้าย/เปลี่ยนตำแหน่ง"," "," ","0100PAA101"
"10026939","20260101","20260430","3","พนักงานปกติ","Z1","จ้างงาน-ไม่ผ่านการสรรหา","01","บรรจุ/จ้าง","0100PAA104"
"10026940","20260101","20260430","3","พนักงานปกติ","Z1","จ้างงาน-ไม่ผ่านการสรรหา","01","บรรจุ/จ้าง","0100PAA104"
"10026941","20260101","20260430","3","พนักงานปกติ","Z1","จ้างงาน-ไม่ผ่านการสรรหา","01","บรรจุ/จ้าง","0100PAA104"
"10026942","20260101","20260430","3","พนักงานปกติ","Z1","จ้างงาน-ไม่ผ่านการสรรหา","01","บรรจุ/จ้าง","0100PAA104"
"10024836","20251001","99991231","3","พนักงานปกติ","W1","การประเมินปรับเงินเดือน","01","ปรับเงินประจำปี","0100PAA101"
"10002025","20251001","99991231","3","พนักงานปกติ","W1","การประเมินปรับเงินเดือน","01","ปรับเงินประจำปี","0100PAA101"
"10026304","20260105","99991231","3","พนักงานปกติ","X7","บันทึกตน.บริหาร ผู้บริหาร ฯลฯ"," "," ","0100OM01"
"10017569","20251001","99991231","3","พนักงานปกติ","W1","การประเมินปรับเงินเดือน","01","ปรับเงินประจำปี","0100PAA101"
"10024950","20260101","99991231","3","พนักงานปกติ","X2","เปลี่ยนสัญญา(ปรับวุฒิ/ตำแหน่ง)","04","เข้าสู่ตำแหน่ง-อ.เข้าสู่ผ.ศ.","0100PAA104"
"10026778","20251201","99991231","3","พนักงานปกติ","Z0","จ้างงาน-ผ่านการสรรหา","01","บรรจุ/จ้าง","0100PAA104"
"10026790","20251201","20261130","3","พนักงานปกติ","Z1","จ้างงาน-ไม่ผ่านการสรรหา","01","บรรจุ/จ้าง","0100PAA104"
"80007711","20251101","99991231","1","ไม่ใช้งาน","ZW","จ้างงาน-บุคคลภายนอก","01","บรรจุ/จ้าง","2100HR01"
"10002061","20260401","99991231","3","พนักงานปกติ","X7","บันทึกตน.บริหาร ผู้บริหาร ฯลฯ"," "," ","0100OM01"
"80001931","20260101","99991231","1","ไม่ใช้งาน","X3","การย้าย/เปลี่ยนตำแหน่ง"," "," ","0100PAA101"
"80007840","20260201","99991231","1","ไม่ใช้งาน","ZW","จ้างงาน-บุคคลภายนอก","01","บรรจุ/จ้าง","2100HR01"
"80007841","20260201","99991231","1","ไม่ใช้งาน","ZW","จ้างงาน-บุคคลภายนอก","01","บรรจุ/จ้าง","2100HR01"
"10000408","20251001","99991231","3","พนักงานปกติ","W1","การประเมินปรับเงินเดือน","01","ปรับเงินประจำปี","0100PAA101"
"10026428","20250701","99991231","3","พนักงานปกติ","Z0","จ้างงาน-ผ่านการสรรหา","01","บรรจุ/จ้าง","0100PAA104"
"10026430","20250701","99991231","3","พนักงานปกติ","Z1","จ้างงาน-ไม่ผ่านการสรรหา","01","บรรจุ/จ้าง","0100PAA104"
"10025012","20251001","99991231","3","พนักงานปกติ","W1","การประเมินปรับเงินเดือน","01","ปรับเงินประจำปี","0100PAA101"
"10026359","20250601","99991231","3","พนักงานปกติ","Z0","จ้างงาน-ผ่านการสรรหา","01","บรรจุ/จ้าง","0100PAA104"
"80006991","20250501","99991231","1","ไม่ใช้งาน","ZW","จ้างงาน-บุคคลภายนอก","01","บรรจุ/จ้าง","2100HR01"
"80006992","20250501","99991231","1","ไม่ใช้งาน","ZW","จ้างงาน-บุคคลภายนอก","01","บรรจุ/จ้าง","2100HR01"
"10026820","20260101","99991231","3","พนักงานปกติ","Z0","จ้างงาน-ผ่านการสรรหา","01","บรรจุ/จ้าง","0100PAA104"
"10024584","20251001","99991231","3","พนักงานปกติ","W1","การประเมินปรับเงินเดือน","01","ปรับเงินประจำปี","0100PAA101"
"80007842","20260401","99991231","1","ไม่ใช้งาน","ZW","จ้างงาน-บุคคลภายนอก","01","บรรจุ/จ้าง","2100HR01"
"10023929","20251001","99991231","3","พนักงานปกติ","W1","การประเมินปรับเงินเดือน","01","ปรับเงินประจำปี","0100PAA101"
"10026847","20260101","20261231","3","พนักงานปกติ","Z1","จ้างงาน-ไม่ผ่านการสรรหา","01","บรรจุ/จ้าง","0100PAA104"
"00038419","20260401","99991231","3","พนักงานปกติ","XA","เลื่อนเงินเดือน"," "," ","0100PAA108"
"00032103","20251001","99991231","2","พนักงานเกษียณอายุ","Y8","เกษียณอายุราชการ(บำนาญ)","03","เกษียณอายุ","0100PAA104"
"10002815","20260301","99991231","3","พนักงานปกติ","V1","บันทึกการลา(ที่ต้องออกคำสั่ง)"," "," ","0100TM01"
"80007800","20260115","99991231","1","ไม่ใช้งาน","ZW","จ้างงาน-บุคคลภายนอก","01","บรรจุ/จ้าง","2100HR01"
"10025764","20250901","99991231","3","พนักงานปกติ","W0","การประเมินต่อสัญญาจ้าง","05","ปรับเงินครบทดลองงาน(สัญญา1ปี)","0100PAA104"
"80007816","20260102","99991231","1","ไม่ใช้งาน","ZW","จ้างงาน-บุคคลภายนอก","01","บรรจุ/จ้าง","2100HR01"
"80007817","20260302","99991231","1","ไม่ใช้งาน","ZW","จ้างงาน-บุคคลภายนอก","01","บรรจุ/จ้าง","2100HR01"
"80007818","20260302","99991231","1","ไม่ใช้งาน","ZW","จ้างงาน-บุคคลภายนอก","01","บรรจุ/จ้าง","2100HR01"
"80007000","20250601","99991231","1","ไม่ใช้งาน","ZW","จ้างงาน-บุคคลภายนอก","01","บรรจุ/จ้าง","2100HR01"
"80007820","20260401","99991231","1","ไม่ใช้งาน","ZW","จ้างงาน-บุคคลภายนอก","01","บรรจุ/จ้าง","2100HR01"
"10004087","20251001","99991231","3","พนักงานปกติ","W1","การประเมินปรับเงินเดือน","01","ปรับเงินประจำปี","0100PAA101"
"00033029","20251001","99991231","2","พนักงานเกษียณอายุ","Y8","เกษียณอายุราชการ(บำนาญ)","03","เกษียณอายุ","0100PAA104"
"10015468","20251115","99991231","3","พนักงานปกติ","X8","บันทึกการออกจากวาระตำแหน่ง"," "," ","0100OM01"
"10000417","20251001","99991231","3","พนักงานปกติ","W1","การประเมินปรับเงินเดือน","01","ปรับเงินประจำปี","0100PAA101"
"00012039","20191001","99991231","2","พนักงานเกษียณอายุ","V0","ปรับปรุงข้อมูลกำหนดทางองค์กร","","","IAM-HR04"
"00041033","20241001","99991231","2","พนักงานเกษียณอายุ","Y1","เกษียณอายุ(บำเหน็จรายเดือน)","03","เกษียณอายุ","0100PAA104"
"00010002","20191001","99991231","2","พนักงานเกษียณอายุ","V0","ปรับปรุงข้อมูลกำหนดทางองค์กร","","","IAM-HR04"
"10002442","20251001","99991231","3","พนักงานปกติ","W1","การประเมินปรับเงินเดือน","01","ปรับเงินประจำปี","0100PAA101"
"10000403","20251001","99991231","3","พนักงานปกติ","W1","การประเมินปรับเงินเดือน","01","ปรับเงินประจำปี","0100PAA101"
"00014129","20191001","99991231","2","พนักงานเกษียณอายุ","V0","ปรับปรุงข้อมูลกำหนดทางองค์กร","","","IAM-HR04"
"00012088","20191001","99991231","2","พนักงานเกษียณอายุ","V0","ปรับปรุงข้อมูลกำหนดทางองค์กร","","","IAM-HR04"
"00012089","20191001","99991231","2","พนักงานเกษียณอายุ","V0","ปรับปรุงข้อมูลกำหนดทางองค์กร","","","IAM-HR04"
"00012090","20191001","99991231","2","พนักงานเกษียณอายุ","V0","ปรับปรุงข้อมูลกำหนดทางองค์กร","","","IAM-HR04"
"00012092","20191001","99991231","2","พนักงานเกษียณอายุ","V0","ปรับปรุงข้อมูลกำหนดทางองค์กร","","","IAM-HR04"
"00012096","20191001","99991231","2","พนักงานเกษียณอายุ","V0","ปรับปรุงข้อมูลกำหนดทางองค์กร","","","IAM-HR04"
"00012102","20191001","99991231","2","พนักงานเกษียณอายุ","V0","ปรับปรุงข้อมูลกำหนดทางองค์กร","","","IAM-HR04"
"10003551","20251001","99991231","3","พนักงานปกติ","W1","การประเมินปรับเงินเดือน","01","ปรับเงินประจำปี","0100PAA101"
"10002306","20251001","99991231","3","พนักงานปกติ","W1","การประเมินปรับเงินเดือน","01","ปรับเงินประจำปี","0100PAA101"
"10001868","20251001","99991231","3","พนักงานปกติ","W1","การประเมินปรับเงินเดือน","01","ปรับเงินประจำปี","0100PAA101"
"10002968","20251001","99991231","3","พนักงานปกติ","W1","การประเมินปรับเงินเดือน","01","ปรับเงินประจำปี","0100PAA101"
"10003408","20251001","99991231","3","พนักงานปกติ","W1","การประเมินปรับเงินเดือน","01","ปรับเงินประจำปี","0100PAA101"
"10001301","20251001","99991231","3","พนักงานปกติ","W1","การประเมินปรับเงินเดือน","01","ปรับเงินประจำปี","0100PAA101"
"10002101","20251001","99991231","3","พนักงานปกติ","W1","การประเมินปรับเงินเดือน","01","ปรับเงินประจำปี","0100PAA101"
"00006039","20191001","99991231","2","พนักงานเกษียณอายุ","V0","ปรับปรุงข้อมูลกำหนดทางองค์กร","","","IAM-HR04"
"10002110","20251001","99991231","3","พนักงานปกติ","W1","การประเมินปรับเงินเดือน","01","ปรับเงินประจำปี","0100PAA101"
"00008040","20191001","99991231","2","พนักงานเกษียณอายุ","V0","ปรับปรุงข้อมูลกำหนดทางองค์กร","","","IAM-HR04"
"00008041","20191001","99991231","2","พนักงานเกษียณอายุ","V0","ปรับปรุงข้อมูลกำหนดทางองค์กร","","","IAM-HR04"
"10002351","20251001","99991231","3","พนักงานปกติ","W1","การประเมินปรับเงินเดือน","01","ปรับเงินประจำปี","0100PAA101"
"10002732","20251001","99991231","3","พนักงานปกติ","W1","การประเมินปรับเงินเดือน","01","ปรับเงินประจำปี","0100PAA101"
"10002734","20251001","99991231","3","พนักงานปกติ","W1","การประเมินปรับเงินเดือน","01","ปรับเงินประจำปี","0100PAA101"
"00012079","20191001","99991231","2","พนักงานเกษียณอายุ","V0","ปรับปรุงข้อมูลกำหนดทางองค์กร","","","IAM-HR04"
"10003090","20251001","99991231","3","พนักงานปกติ","W1","การประเมินปรับเงินเดือน","01","ปรับเงินประจำปี","0100PAA101"
"00008022","20191001","99991231","2","พนักงานเกษียณอายุ","V0","ปรับปรุงข้อมูลกำหนดทางองค์กร","","","IAM-HR04"
"10002124","20251001","99991231","3","พนักงานปกติ","W1","การประเมินปรับเงินเดือน","01","ปรับเงินประจำปี","0100PAA101"
"10002336","20251001","99991231","3","พนักงานปกติ","W1","การประเมินปรับเงินเดือน","01","ปรับเงินประจำปี","0100PAA101"
"00008042","20191001","99991231","2","พนักงานเกษียณอายุ","V0","ปรับปรุงข้อมูลกำหนดทางองค์กร","","","IAM-HR04"
"00008043","20191001","99991231","2","พนักงานเกษียณอายุ","V0","ปรับปรุงข้อมูลกำหนดทางองค์กร","","","IAM-HR04"
"10002125","20251001","99991231","3","พนักงานปกติ","W1","การประเมินปรับเงินเดือน","01","ปรับเงินประจำปี","0100PAA101"
"00009018","20191001","99991231","2","พนักงานเกษียณอายุ","V0","ปรับปรุงข้อมูลกำหนดทางองค์กร","","","IAM-HR04"
"00011027","20191001","99991231","2","พนักงานเกษียณอายุ","V0","ปรับปรุงข้อมูลกำหนดทางองค์กร","","","IAM-HR04"
"00011030","20191001","99991231","2","พนักงานเกษียณอายุ","V0","ปรับปรุงข้อมูลกำหนดทางองค์กร","","","IAM-HR04"
"10001698","20251001","99991231","3","พนักงานปกติ","W1","การประเมินปรับเงินเดือน","01","ปรับเงินประจำปี","0100PAA101"
"10002341","20251001","99991231","3","พนักงานปกติ","W1","การประเมินปรับเงินเดือน","01","ปรับเงินประจำปี","0100PAA101"
"10002344","20251001","99991231","3","พนักงานปกติ","W1","การประเมินปรับเงินเดือน","01","ปรับเงินประจำปี","0100PAA101"
"10002060","20251001","99991231","3","พนักงานปกติ","W1","การประเมินปรับเงินเดือน","01","ปรับเงินประจำปี","0100PAA101"
"10002128","20251124","99991231","3","พนักงานปกติ","Z4","กลับจากการลา","06","ลาฝึกอบรมต่างประเทศ","0100TM01"
"10002384","20251001","99991231","3","พนักงานปกติ","W1","การประเมินปรับเงินเดือน","01","ปรับเงินประจำปี","0100PAA101"
"00011008","20191001","99991231","2","พนักงานเกษียณอายุ","V0","ปรับปรุงข้อมูลกำหนดทางองค์กร","","","IAM-HR04"
"00011010","20191001","99991231","2","พนักงานเกษียณอายุ","V0","ปรับปรุงข้อมูลกำหนดทางองค์กร","","","IAM-HR04"
"10001901","20251001","99991231","3","พนักงานปกติ","W1","การประเมินปรับเงินเดือน","01","ปรับเงินประจำปี","0100PAA101"
"10002765","20251001","99991231","3","พนักงานปกติ","W1","การประเมินปรับเงินเดือน","01","ปรับเงินประจำปี","0100PAA101"
"00036376","20260401","99991231","3","พนักงานปกติ","XA","เลื่อนเงินเดือน"," "," ","0100PAA103"
"10026821","20260101","99991231","3","พนักงานปกติ","Z0","จ้างงาน-ผ่านการสรรหา","01","บรรจุ/จ้าง","0100PAA104"
"10026822","20260101","99991231","3","พนักงานปกติ","Z0","จ้างงาน-ผ่านการสรรหา","01","บรรจุ/จ้าง","0100PAA104"
"10003163","20251001","99991231","3","พนักงานปกติ","W1","การประเมินปรับเงินเดือน","01","ปรับเงินประจำปี","0100PAA101"
"10003705","20251001","99991231","3","พนักงานปกติ","W1","การประเมินปรับเงินเดือน","01","ปรับเงินประจำปี","0100PAA101"
"10003693","20251001","99991231","3","พนักงานปกติ","W1","การประเมินปรับเงินเดือน","01","ปรับเงินประจำปี","0100PAA101"
"10003836","20251001","99991231","3","พนักงานปกติ","W1","การประเมินปรับเงินเดือน","01","ปรับเงินประจำปี","0100PAA101"
"10003182","20251001","99991231","3","พนักงานปกติ","W1","การประเมินปรับเงินเดือน","01","ปรับเงินประจำปี","0100PAA101"
"00013112","20191001","99991231","2","พนักงานเกษียณอายุ","V0","ปรับปรุงข้อมูลกำหนดทางองค์กร","","","IAM-HR04"
"10025754","20250901","99991231","3","พนักงานปกติ","W0","การประเมินต่อสัญญาจ้าง","05","ปรับเงินครบทดลองงาน(สัญญา1ปี)","0100PAA104"
"10003226","20251001","99991231","3","พนักงานปกติ","W1","การประเมินปรับเงินเดือน","01","ปรับเงินประจำปี","0100PAA101"
"00014041","20191001","99991231","2","พนักงานเกษียณอายุ","V0","ปรับปรุงข้อมูลกำหนดทางองค์กร","","","IAM-HR04"
"00014107","20191001","99991231","2","พนักงานเกษียณอายุ","V0","ปรับปรุงข้อมูลกำหนดทางองค์กร","","","IAM-HR04"
"00013011","20191001","99991231","2","พนักงานเกษียณอายุ","V0","ปรับปรุงข้อมูลกำหนดทางองค์กร","","","IAM-HR04"
"00013013","20191001","99991231","2","พนักงานเกษียณอายุ","V0","ปรับปรุงข้อมูลกำหนดทางองค์กร","","","IAM-HR04"
"10003516","20251001","99991231","3","พนักงานปกติ","W1","การประเมินปรับเงินเดือน","01","ปรับเงินประจำปี","0100PAA101"
"00005020","20191001","99991231","2","พนักงานเกษียณอายุ","V0","ปรับปรุงข้อมูลกำหนดทางองค์กร","","","IAM-HR04"
"00013041","20191001","99991231","2","พนักงานเกษียณอายุ","V0","ปรับปรุงข้อมูลกำหนดทางองค์กร","","","IAM-HR04"
"00013060","20191001","99991231","2","พนักงานเกษียณอายุ","V0","ปรับปรุงข้อมูลกำหนดทางองค์กร","","","IAM-HR04"
"00037214","20211001","99991231","2","พนักงานเกษียณอายุ","Y1","เกษียณอายุ(บำเหน็จรายเดือน)","03","เกษียณอายุ","0100PAA104"
"00013142","20191001","99991231","2","พนักงานเกษียณอายุ","V0","ปรับปรุงข้อมูลกำหนดทางองค์กร","","","IAM-HR04"
"10002345","20251001","99991231","3","พนักงานปกติ","W1","การประเมินปรับเงินเดือน","01","ปรับเงินประจำปี","0100PAA101"
"00013147","20191001","99991231","2","พนักงานเกษียณอายุ","V0","ปรับปรุงข้อมูลกำหนดทางองค์กร","","","IAM-HR04"
"10001994","20251001","99991231","3","พนักงานปกติ","W1","การประเมินปรับเงินเดือน","01","ปรับเงินประจำปี","0100PAA101"
"10002355","20251001","99991231","3","พนักงานปกติ","W1","การประเมินปรับเงินเดือน","01","ปรับเงินประจำปี","0100PAA101"
"10002731","20251001","99991231","3","พนักงานปกติ","W1","การประเมินปรับเงินเดือน","01","ปรับเงินประจำปี","0100PAA101"
"10026303","20250501","99991231","3","พนักงานปกติ","Z0","จ้างงาน-ผ่านการสรรหา","01","บรรจุ/จ้าง","0100PAA104"
"00005033","20191001","99991231","2","พนักงานเกษียณอายุ","V0","ปรับปรุงข้อมูลกำหนดทางองค์กร","","","IAM-HR04"
"00006004","20191001","99991231","2","พนักงานเกษียณอายุ","V0","ปรับปรุงข้อมูลกำหนดทางองค์กร","","","IAM-HR04"
"10002014","20251001","99991231","3","พนักงานปกติ","W1","การประเมินปรับเงินเดือน","01","ปรับเงินประจำปี","0100PAA101"
"10002585","20251001","99991231","3","พนักงานปกติ","W1","การประเมินปรับเงินเดือน","01","ปรับเงินประจำปี","0100PAA101"
"00006018","20191001","99991231","2","พนักงานเกษียณอายุ","V0","ปรับปรุงข้อมูลกำหนดทางองค์กร","","","IAM-HR04"
"00006019","20191001","99991231","2","พนักงานเกษียณอายุ","V0","ปรับปรุงข้อมูลกำหนดทางองค์กร","","","IAM-HR04"
"00006020","20191001","99991231","2","พนักงานเกษียณอายุ","V0","ปรับปรุงข้อมูลกำหนดทางองค์กร","","","IAM-HR04"
"10003176","20251001","99991231","3","พนักงานปกติ","W1","การประเมินปรับเงินเดือน","01","ปรับเงินประจำปี","0100PAA101"
"10002239","20251001","99991231","3","พนักงานปกติ","W1","การประเมินปรับเงินเดือน","01","ปรับเงินประจำปี","0100PAA101"
"10004011","20251001","99991231","3","พนักงานปกติ","W1","การประเมินปรับเงินเดือน","01","ปรับเงินประจำปี","0100PAA101"
"10002269","20251001","99991231","3","พนักงานปกติ","W1","การประเมินปรับเงินเดือน","01","ปรับเงินประจำปี","0100PAA101"
"10002383","20251001","99991231","3","พนักงานปกติ","W1","การประเมินปรับเงินเดือน","01","ปรับเงินประจำปี","0100PAA101"
"10002385","20251001","99991231","3","พนักงานปกติ","W1","การประเมินปรับเงินเดือน","01","ปรับเงินประจำปี","0100PAA101"
"10002305","20251001","99991231","3","พนักงานปกติ","W1","การประเมินปรับเงินเดือน","01","ปรับเงินประจำปี","0100PAA101"
"10002307","20251001","99991231","3","พนักงานปกติ","W1","การประเมินปรับเงินเดือน","01","ปรับเงินประจำปี","0100PAA101"
"00003017","20191001","99991231","2","พนักงานเกษียณอายุ","V0","ปรับปรุงข้อมูลกำหนดทางองค์กร","","","IAM-HR04"
"00003042","20191001","99991231","2","พนักงานเกษียณอายุ","V0","ปรับปรุงข้อมูลกำหนดทางองค์กร","","","IAM-HR04"
"00004011","20191001","99991231","2","พนักงานเกษียณอายุ","V0","ปรับปรุงข้อมูลกำหนดทางองค์กร","","","IAM-HR04"
"00004044","20191001","99991231","2","พนักงานเกษียณอายุ","V0","ปรับปรุงข้อมูลกำหนดทางองค์กร","","","IAM-HR04"
"10001817","20251001","99991231","3","พนักงานปกติ","W1","การประเมินปรับเงินเดือน","01","ปรับเงินประจำปี","0100PAA101"
"00041280","20260401","99991231","3","พนักงานปกติ","XA","เลื่อนเงินเดือน"," "," ","0100PAA108"
"10001869","20251001","99991231","3","พนักงานปกติ","W1","การประเมินปรับเงินเดือน","01","ปรับเงินประจำปี","0100PAA101"
"10019274","20251001","99991231","3","พนักงานปกติ","W1","การประเมินปรับเงินเดือน","01","ปรับเงินประจำปี","0100PAA101"
"00007015","20191001","99991231","2","พนักงานเกษียณอายุ","V0","ปรับปรุงข้อมูลกำหนดทางองค์กร","","","IAM-HR04"
"00007016","20191001","99991231","2","พนักงานเกษียณอายุ","V0","ปรับปรุงข้อมูลกำหนดทางองค์กร","","","IAM-HR04"
"10001998","20251001","99991231","3","พนักงานปกติ","W1","การประเมินปรับเงินเดือน","01","ปรับเงินประจำปี","0100PAA101"
"10002001","20251001","99991231","3","พนักงานปกติ","W1","การประเมินปรับเงินเดือน","01","ปรับเงินประจำปี","0100PAA101"
"10001105","20251001","99991231","3","พนักงานปกติ","W1","การประเมินปรับเงินเดือน","01","ปรับเงินประจำปี","0100PAA101"
"00041035","20260401","99991231","3","พนักงานปกติ","X0","บันทึกเลื่อนขั้น","01","0.5","0100PAA103"
"10023659","20251001","99991231","3","พนักงานปกติ","W1","การประเมินปรับเงินเดือน","01","ปรับเงินประจำปี","0100PAA101"
"10026201","20260301","99991231","3","พนักงานปกติ","W0","การประเมินต่อสัญญาจ้าง","05","ปรับเงินครบทดลองงาน(สัญญา1ปี)","0100PAA104"
"10025861","20260401","20280331","3","พนักงานปกติ","Z5","เปลี่ยนสัญญา(ลาออกบรรจุกลับ)","02","จ้างงานใหม่-พนักงานวิสามัญ","0100PAA104"
"80007384","20250901","99991231","1","ไม่ใช้งาน","ZW","จ้างงาน-บุคคลภายนอก","01","บรรจุ/จ้าง","2100HR01"
"00015159","20191001","99991231","2","พนักงานเกษียณอายุ","V0","ปรับปรุงข้อมูลกำหนดทางองค์กร","","","IAM-HR04"
"10004061","20251001","99991231","3","พนักงานปกติ","W1","การประเมินปรับเงินเดือน","01","ปรับเงินประจำปี","0100PAA101"
"00014074","20191001","99991231","2","พนักงานเกษียณอายุ","V0","ปรับปรุงข้อมูลกำหนดทางองค์กร","","","IAM-HR04"
"00014075","20191001","99991231","2","พนักงานเกษียณอายุ","V0","ปรับปรุงข้อมูลกำหนดทางองค์กร","","","IAM-HR04"
"00014076","20191001","99991231","2","พนักงานเกษียณอายุ","V0","ปรับปรุงข้อมูลกำหนดทางองค์กร","","","IAM-HR04"
"10003980","20251001","99991231","3","พนักงานปกติ","W1","การประเมินปรับเงินเดือน","01","ปรับเงินประจำปี","0100PAA101"
"00014100","20191001","99991231","2","พนักงานเกษียณอายุ","V0","ปรับปรุงข้อมูลกำหนดทางองค์กร","","","IAM-HR04"
"10004039","20251001","99991231","3","พนักงานปกติ","W1","การประเมินปรับเงินเดือน","01","ปรับเงินประจำปี","0100PAA101"
"10003505","20251001","99991231","3","พนักงานปกติ","W1","การประเมินปรับเงินเดือน","01","ปรับเงินประจำปี","0100PAA101"
"00015010","20191001","99991231","2","พนักงานเกษียณอายุ","V0","ปรับปรุงข้อมูลกำหนดทางองค์กร","","","IAM-HR04"
"00015011","20191001","99991231","2","พนักงานเกษียณอายุ","V0","ปรับปรุงข้อมูลกำหนดทางองค์กร","","","IAM-HR04"
"00015051","20191001","99991231","2","พนักงานเกษียณอายุ","V0","ปรับปรุงข้อมูลกำหนดทางองค์กร","","","IAM-HR04"
"00015057","20191001","99991231","2","พนักงานเกษียณอายุ","V0","ปรับปรุงข้อมูลกำหนดทางองค์กร","","","IAM-HR04"
"00015058","20191001","99991231","2","พนักงานเกษียณอายุ","V0","ปรับปรุงข้อมูลกำหนดทางองค์กร","","","IAM-HR04"
"00015061","20191001","99991231","2","พนักงานเกษียณอายุ","V0","ปรับปรุงข้อมูลกำหนดทางองค์กร","","","IAM-HR04"
"00015063","20191001","99991231","2","พนักงานเกษียณอายุ","V0","ปรับปรุงข้อมูลกำหนดทางองค์กร","","","IAM-HR04"
"00015064","20191001","99991231","2","พนักงานเกษียณอายุ","V0","ปรับปรุงข้อมูลกำหนดทางองค์กร","","","IAM-HR04"
"00015070","20191001","99991231","2","พนักงานเกษียณอายุ","V0","ปรับปรุงข้อมูลกำหนดทางองค์กร","","","IAM-HR04"
"10026232","20260401","20280331","3","พนักงานปกติ","Z5","เปลี่ยนสัญญา(ลาออกบรรจุกลับ)","02","จ้างงานใหม่-พนักงานวิสามัญ","0100PAA104"
"00018101","20191001","99991231","2","พนักงานเกษียณอายุ","V0","ปรับปรุงข้อมูลกำหนดทางองค์กร","","","IAM-HR04"
"00015091","20191001","99991231","2","พนักงานเกษียณอายุ","V0","ปรับปรุงข้อมูลกำหนดทางองค์กร","","","IAM-HR04"
"00015092","20191001","99991231","2","พนักงานเกษียณอายุ","V0","ปรับปรุงข้อมูลกำหนดทางองค์กร","","","IAM-HR04"
"00015100","20191001","99991231","2","พนักงานเกษียณอายุ","V0","ปรับปรุงข้อมูลกำหนดทางองค์กร","","","IAM-HR04"
"00015117","20191001","99991231","2","พนักงานเกษียณอายุ","V0","ปรับปรุงข้อมูลกำหนดทางองค์กร","","","IAM-HR04"
"00015126","20191001","99991231","2","พนักงานเกษียณอายุ","V0","ปรับปรุงข้อมูลกำหนดทางองค์กร","","","IAM-HR04"
"00015128","20191001","99991231","2","พนักงานเกษียณอายุ","V0","ปรับปรุงข้อมูลกำหนดทางองค์กร","","","IAM-HR04"
"00015136","20191001","99991231","2","พนักงานเกษียณอายุ","V0","ปรับปรุงข้อมูลกำหนดทางองค์กร","","","IAM-HR04"
"00015142","20191001","99991231","2","พนักงานเกษียณอายุ","V0","ปรับปรุงข้อมูลกำหนดทางองค์กร","","","IAM-HR04"
"10020038","20260101","99991231","3","พนักงานปกติ","X8","บันทึกการออกจากวาระตำแหน่ง"," "," ","0100OM01"
"10003964","20251001","99991231","3","พนักงานปกติ","W1","การประเมินปรับเงินเดือน","01","ปรับเงินประจำปี","0100PAA101"
"00016014","20191001","99991231","2","พนักงานเกษียณอายุ","V0","ปรับปรุงข้อมูลกำหนดทางองค์กร","","","IAM-HR04"
"10019265","20251001","99991231","3","พนักงานปกติ","W1","การประเมินปรับเงินเดือน","01","ปรับเงินประจำปี","0100PAA101"
"00016033","20191001","99991231","2","พนักงานเกษียณอายุ","V0","ปรับปรุงข้อมูลกำหนดทางองค์กร","","","IAM-HR04"
"10004029","20251001","99991231","3","พนักงานปกติ","W1","การประเมินปรับเงินเดือน","01","ปรับเงินประจำปี","0100PAA101"
"10018797","20251001","20280930","3","พนักงานปกติ","W0","การประเมินต่อสัญญาจ้าง","01","ต่อสัญญาปฏิบัติงาน","0100PAA104"
"00016088","20191001","99991231","2","พนักงานเกษียณอายุ","V0","ปรับปรุงข้อมูลกำหนดทางองค์กร","","","IAM-HR04"
"00016092","20191001","99991231","2","พนักงานเกษียณอายุ","V0","ปรับปรุงข้อมูลกำหนดทางองค์กร","","","IAM-HR04"
"00016098","20191001","99991231","2","พนักงานเกษียณอายุ","V0","ปรับปรุงข้อมูลกำหนดทางองค์กร","","","IAM-HR04"
"00016116","20191001","99991231","2","พนักงานเกษียณอายุ","V0","ปรับปรุงข้อมูลกำหนดทางองค์กร","","","IAM-HR04"
"00016123","20191001","99991231","2","พนักงานเกษียณอายุ","V0","ปรับปรุงข้อมูลกำหนดทางองค์กร","","","IAM-HR04"
"00016126","20191001","99991231","2","พนักงานเกษียณอายุ","V0","ปรับปรุงข้อมูลกำหนดทางองค์กร","","","IAM-HR04"
"00016128","20191001","99991231","2","พนักงานเกษียณอายุ","V0","ปรับปรุงข้อมูลกำหนดทางองค์กร","","","IAM-HR04"
"00016133","20191001","99991231","2","พนักงานเกษียณอายุ","V0","ปรับปรุงข้อมูลกำหนดทางองค์กร","","","IAM-HR04"
"00016134","20191001","99991231","2","พนักงานเกษียณอายุ","V0","ปรับปรุงข้อมูลกำหนดทางองค์กร","","","IAM-HR04"
"00017109","20191001","99991231","2","พนักงานเกษียณอายุ","V0","ปรับปรุงข้อมูลกำหนดทางองค์กร","","","IAM-HR04"
"00017111","20191001","99991231","2","พนักงานเกษียณอายุ","V0","ปรับปรุงข้อมูลกำหนดทางองค์กร","","","IAM-HR04"
"00017136","20191001","99991231","2","พนักงานเกษียณอายุ","V0","ปรับปรุงข้อมูลกำหนดทางองค์กร","","","IAM-HR04"
"00017157","20191001","99991231","2","พนักงานเกษียณอายุ","V0","ปรับปรุงข้อมูลกำหนดทางองค์กร","","","IAM-HR04"
"00017188","20191001","99991231","2","พนักงานเกษียณอายุ","V0","ปรับปรุงข้อมูลกำหนดทางองค์กร","","","IAM-HR04"
"00018014","20191001","99991231","2","พนักงานเกษียณอายุ","V0","ปรับปรุงข้อมูลกำหนดทางองค์กร","","","IAM-HR04"
"00018037","20191001","99991231","2","พนักงานเกษียณอายุ","V0","ปรับปรุงข้อมูลกำหนดทางองค์กร","","","IAM-HR04"
"00018052","20191001","99991231","2","พนักงานเกษียณอายุ","V0","ปรับปรุงข้อมูลกำหนดทางองค์กร","","","IAM-HR04"
"00018060","20191001","99991231","2","พนักงานเกษียณอายุ","V0","ปรับปรุงข้อมูลกำหนดทางองค์กร","","","IAM-HR04"
"00018119","20191001","99991231","2","พนักงานเกษียณอายุ","V0","ปรับปรุงข้อมูลกำหนดทางองค์กร","","","IAM-HR04"
"00018120","20191001","99991231","2","พนักงานเกษียณอายุ","V0","ปรับปรุงข้อมูลกำหนดทางองค์กร","","","IAM-HR04"
"00019049","20191001","99991231","2","พนักงานเกษียณอายุ","V0","ปรับปรุงข้อมูลกำหนดทางองค์กร","","","IAM-HR04"
"00019057","20191001","99991231","2","พนักงานเกษียณอายุ","V0","ปรับปรุงข้อมูลกำหนดทางองค์กร","","","IAM-HR04"
"00019058","20191001","99991231","2","พนักงานเกษียณอายุ","V0","ปรับปรุงข้อมูลกำหนดทางองค์กร","","","IAM-HR04"
"00019060","20191001","99991231","2","พนักงานเกษียณอายุ","V0","ปรับปรุงข้อมูลกำหนดทางองค์กร","","","IAM-HR04"
"00019061","20191001","99991231","2","พนักงานเกษียณอายุ","V0","ปรับปรุงข้อมูลกำหนดทางองค์กร","","","IAM-HR04"
"00019084","20191001","99991231","2","พนักงานเกษียณอายุ","V0","ปรับปรุงข้อมูลกำหนดทางองค์กร","","","IAM-HR04"
"00019108","20191001","99991231","2","พนักงานเกษียณอายุ","V0","ปรับปรุงข้อมูลกำหนดทางองค์กร","","","IAM-HR04"
"00019111","20191001","99991231","2","พนักงานเกษียณอายุ","V0","ปรับปรุงข้อมูลกำหนดทางองค์กร","","","IAM-HR04"
"00019114","20191001","99991231","2","พนักงานเกษียณอายุ","V0","ปรับปรุงข้อมูลกำหนดทางองค์กร","","","IAM-HR04"
"00019118","20191001","99991231","2","พนักงานเกษียณอายุ","V0","ปรับปรุงข้อมูลกำหนดทางองค์กร","","","IAM-HR04"
"00019158","20191001","99991231","2","พนักงานเกษียณอายุ","V0","ปรับปรุงข้อมูลกำหนดทางองค์กร","","","IAM-HR04"
"00017004","20191001","99991231","2","พนักงานเกษียณอายุ","V0","ปรับปรุงข้อมูลกำหนดทางองค์กร","","","IAM-HR04"
"00020023","20191001","99991231","2","พนักงานเกษียณอายุ","V0","ปรับปรุงข้อมูลกำหนดทางองค์กร","","","IAM-HR04"
"00017023","20191001","99991231","2","พนักงานเกษียณอายุ","V0","ปรับปรุงข้อมูลกำหนดทางองค์กร","","","IAM-HR04"
"10004550","20251001","99991231","3","พนักงานปกติ","W1","การประเมินปรับเงินเดือน","01","ปรับเงินประจำปี","0100PAA101"
"00020045","20191001","99991231","2","พนักงานเกษียณอายุ","V0","ปรับปรุงข้อมูลกำหนดทางองค์กร","","","IAM-HR04"
"10010522","20191001","99991231","2","พนักงานเกษียณอายุ","V0","ปรับปรุงข้อมูลกำหนดทางองค์กร","","","IAM-HR04"
"10017572","20251001","99991231","3","พนักงานปกติ","W1","การประเมินปรับเงินเดือน","01","ปรับเงินประจำปี","0100PAA101"
"00018125","20191001","99991231","2","พนักงานเกษียณอายุ","V0","ปรับปรุงข้อมูลกำหนดทางองค์กร","","","IAM-HR04"
"10011022","20191001","99991231","2","พนักงานเกษียณอายุ","V0","ปรับปรุงข้อมูลกำหนดทางองค์กร","","","IAM-HR04"
"10011026","20191001","99991231","2","พนักงานเกษียณอายุ","V0","ปรับปรุงข้อมูลกำหนดทางองค์กร","","","IAM-HR04"
"10011039","20191001","99991231","2","พนักงานเกษียณอายุ","V0","ปรับปรุงข้อมูลกำหนดทางองค์กร","","","IAM-HR04"
"00020074","20191001","99991231","2","พนักงานเกษียณอายุ","V0","ปรับปรุงข้อมูลกำหนดทางองค์กร","","","IAM-HR04"
"00020075","20191001","99991231","2","พนักงานเกษียณอายุ","V0","ปรับปรุงข้อมูลกำหนดทางองค์กร","","","IAM-HR04"
"00017068","20191001","99991231","2","พนักงานเกษียณอายุ","V0","ปรับปรุงข้อมูลกำหนดทางองค์กร","","","IAM-HR04"
"00017083","20191001","99991231","2","พนักงานเกษียณอายุ","V0","ปรับปรุงข้อมูลกำหนดทางองค์กร","","","IAM-HR04"
"10004693","20251001","99991231","3","พนักงานปกติ","W1","การประเมินปรับเงินเดือน","01","ปรับเงินประจำปี","0100PAA101"
"10011952","20251001","99991231","3","พนักงานปกติ","W1","การประเมินปรับเงินเดือน","01","ปรับเงินประจำปี","0100PAA101"
"00017125","20191001","99991231","2","พนักงานเกษียณอายุ","V0","ปรับปรุงข้อมูลกำหนดทางองค์กร","","","IAM-HR04"
"00019035","20191001","99991231","2","พนักงานเกษียณอายุ","V0","ปรับปรุงข้อมูลกำหนดทางองค์กร","","","IAM-HR04"
"00019036","20191001","99991231","2","พนักงานเกษียณอายุ","V0","ปรับปรุงข้อมูลกำหนดทางองค์กร","","","IAM-HR04"
"00019037","20191001","99991231","2","พนักงานเกษียณอายุ","V0","ปรับปรุงข้อมูลกำหนดทางองค์กร","","","IAM-HR04"
"00019088","20191001","99991231","2","พนักงานเกษียณอายุ","V0","ปรับปรุงข้อมูลกำหนดทางองค์กร","","","IAM-HR04"
"00019093","20191001","99991231","2","พนักงานเกษียณอายุ","V0","ปรับปรุงข้อมูลกำหนดทางองค์กร","","","IAM-HR04"
"00019104","20191001","99991231","2","พนักงานเกษียณอายุ","V0","ปรับปรุงข้อมูลกำหนดทางองค์กร","","","IAM-HR04"
"00019195","20191001","99991231","2","พนักงานเกษียณอายุ","V0","ปรับปรุงข้อมูลกำหนดทางองค์กร","","","IAM-HR04"
"00020006","20191001","99991231","2","พนักงานเกษียณอายุ","V0","ปรับปรุงข้อมูลกำหนดทางองค์กร","","","IAM-HR04"
"00020007","20191001","99991231","2","พนักงานเกษียณอายุ","V0","ปรับปรุงข้อมูลกำหนดทางองค์กร","","","IAM-HR04"
"10010946","20191001","99991231","2","พนักงานเกษียณอายุ","V0","ปรับปรุงข้อมูลกำหนดทางองค์กร","","","IAM-HR04"
"00020102","20191001","99991231","2","พนักงานเกษียณอายุ","V0","ปรับปรุงข้อมูลกำหนดทางองค์กร","","","IAM-HR04"
"10011040","20191001","99991231","2","พนักงานเกษียณอายุ","V0","ปรับปรุงข้อมูลกำหนดทางองค์กร","","","IAM-HR04"
"10011043","20191001","99991231","2","พนักงานเกษียณอายุ","V0","ปรับปรุงข้อมูลกำหนดทางองค์กร","","","IAM-HR04"
"10011044","20191001","99991231","2","พนักงานเกษียณอายุ","V0","ปรับปรุงข้อมูลกำหนดทางองค์กร","","","IAM-HR04"
"10011045","20191001","99991231","2","พนักงานเกษียณอายุ","V0","ปรับปรุงข้อมูลกำหนดทางองค์กร","","","IAM-HR04"
"10011048","20191001","99991231","2","พนักงานเกษียณอายุ","V0","ปรับปรุงข้อมูลกำหนดทางองค์กร","","","IAM-HR04"
"10011050","20191001","99991231","2","พนักงานเกษียณอายุ","V0","ปรับปรุงข้อมูลกำหนดทางองค์กร","","","IAM-HR04"
"10011069","20191001","99991231","2","พนักงานเกษียณอายุ","V0","ปรับปรุงข้อมูลกำหนดทางองค์กร","","","IAM-HR04"
"10011071","20191001","99991231","2","พนักงานเกษียณอายุ","V0","ปรับปรุงข้อมูลกำหนดทางองค์กร","","","IAM-HR04"
"10011072","20191001","99991231","2","พนักงานเกษียณอายุ","V0","ปรับปรุงข้อมูลกำหนดทางองค์กร","","","IAM-HR04"
"10011076","20191001","99991231","2","พนักงานเกษียณอายุ","V0","ปรับปรุงข้อมูลกำหนดทางองค์กร","","","IAM-HR04"
"10011079","20191001","99991231","2","พนักงานเกษียณอายุ","V0","ปรับปรุงข้อมูลกำหนดทางองค์กร","","","IAM-HR04"
"00020138","20191001","99991231","2","พนักงานเกษียณอายุ","V0","ปรับปรุงข้อมูลกำหนดทางองค์กร","","","IAM-HR04"
"00020175","20191001","99991231","2","พนักงานเกษียณอายุ","V0","ปรับปรุงข้อมูลกำหนดทางองค์กร","","","IAM-HR04"
"00020177","20191001","99991231","2","พนักงานเกษียณอายุ","V0","ปรับปรุงข้อมูลกำหนดทางองค์กร","","","IAM-HR04"
"10011140","20191001","99991231","2","พนักงานเกษียณอายุ","V0","ปรับปรุงข้อมูลกำหนดทางองค์กร","","","IAM-HR04"
"00020201","20191001","99991231","2","พนักงานเกษียณอายุ","V0","ปรับปรุงข้อมูลกำหนดทางองค์กร","","","IAM-HR04"
"00020202","20191001","99991231","2","พนักงานเกษียณอายุ","V0","ปรับปรุงข้อมูลกำหนดทางองค์กร","","","IAM-HR04"
"00020215","20191001","99991231","2","พนักงานเกษียณอายุ","V0","ปรับปรุงข้อมูลกำหนดทางองค์กร","","","IAM-HR04"
"00021009","20191001","99991231","2","พนักงานเกษียณอายุ","V0","ปรับปรุงข้อมูลกำหนดทางองค์กร","","","IAM-HR04"
"00021037","20191001","99991231","2","พนักงานเกษียณอายุ","V0","ปรับปรุงข้อมูลกำหนดทางองค์กร","","","IAM-HR04"
"00038580","20260401","99991231","3","พนักงานปกติ","XA","เลื่อนเงินเดือน"," "," ","0100PAA103"
"10026233","20260401","20280331","3","พนักงานปกติ","Z5","เปลี่ยนสัญญา(ลาออกบรรจุกลับ)","02","จ้างงานใหม่-พนักงานวิสามัญ","0100PAA104"
"00039413","20241001","99991231","2","พนักงานเกษียณอายุ","Y8","เกษียณอายุราชการ(บำนาญ)","03","เกษียณอายุ","0100PAA104"
"10011380","20251001","99991231","3","พนักงานปกติ","W1","การประเมินปรับเงินเดือน","01","ปรับเงินประจำปี","0100PAA101"
"00021101","20191001","99991231","2","พนักงานเกษียณอายุ","V0","ปรับปรุงข้อมูลกำหนดทางองค์กร","","","IAM-HR04"
"00021127","20191001","99991231","2","พนักงานเกษียณอายุ","V0","ปรับปรุงข้อมูลกำหนดทางองค์กร","","","IAM-HR04"
"00021177","20191001","99991231","2","พนักงานเกษียณอายุ","V0","ปรับปรุงข้อมูลกำหนดทางองค์กร","","","IAM-HR04"
"10011957","20251001","99991231","3","พนักงานปกติ","W1","การประเมินปรับเงินเดือน","01","ปรับเงินประจำปี","0100PAA101"
"10011962","20251001","99991231","3","พนักงานปกติ","W1","การประเมินปรับเงินเดือน","01","ปรับเงินประจำปี","0100PAA101"
"10023362","20251001","99991231","3","พนักงานปกติ","W1","การประเมินปรับเงินเดือน","01","ปรับเงินประจำปี","0100PAA101"
"10011969","20251001","99991231","3","พนักงานปกติ","W1","การประเมินปรับเงินเดือน","01","ปรับเงินประจำปี","0100PAA101"
"00022054","20191001","99991231","2","พนักงานเกษียณอายุ","V0","ปรับปรุงข้อมูลกำหนดทางองค์กร","","","IAM-HR04"
"00022055","20191001","99991231","2","พนักงานเกษียณอายุ","V0","ปรับปรุงข้อมูลกำหนดทางองค์กร","","","IAM-HR04"
"00022063","20191001","99991231","2","พนักงานเกษียณอายุ","V0","ปรับปรุงข้อมูลกำหนดทางองค์กร","","","IAM-HR04"
"00022100","20191001","99991231","2","พนักงานเกษียณอายุ","V0","ปรับปรุงข้อมูลกำหนดทางองค์กร","","","IAM-HR04"
"00022142","20191001","99991231","2","พนักงานเกษียณอายุ","V0","ปรับปรุงข้อมูลกำหนดทางองค์กร","","","IAM-HR04"
"00022143","20191001","99991231","2","พนักงานเกษียณอายุ","V0","ปรับปรุงข้อมูลกำหนดทางองค์กร","","","IAM-HR04"
"10012595","20260401","99991231","3","พนักงานปกติ","XA","เลื่อนเงินเดือน"," "," ","0100PAA108"
"10012879","20251001","99991231","3","พนักงานปกติ","W1","การประเมินปรับเงินเดือน","01","ปรับเงินประจำปี","0100PAA101"
"10012954","20260301","99991231","3","พนักงานปกติ","W0","การประเมินต่อสัญญาจ้าง","06","รอผลการขอตำแหน่งทางวิชาการ","0100PAA104"
"10011028","20191001","99991231","2","พนักงานเกษียณอายุ","V0","ปรับปรุงข้อมูลกำหนดทางองค์กร","","","IAM-HR04"
"10011031","20191001","99991231","2","พนักงานเกษียณอายุ","V0","ปรับปรุงข้อมูลกำหนดทางองค์กร","","","IAM-HR04"
"10011032","20191001","99991231","2","พนักงานเกษียณอายุ","V0","ปรับปรุงข้อมูลกำหนดทางองค์กร","","","IAM-HR04"
"10011035","20191001","99991231","2","พนักงานเกษียณอายุ","V0","ปรับปรุงข้อมูลกำหนดทางองค์กร","","","IAM-HR04"
"10011053","20191001","99991231","2","พนักงานเกษียณอายุ","V0","ปรับปรุงข้อมูลกำหนดทางองค์กร","","","IAM-HR04"
"10011055","20191001","99991231","2","พนักงานเกษียณอายุ","V0","ปรับปรุงข้อมูลกำหนดทางองค์กร","","","IAM-HR04"
"10011056","20191001","99991231","2","พนักงานเกษียณอายุ","V0","ปรับปรุงข้อมูลกำหนดทางองค์กร","","","IAM-HR04"
"10011057","20191001","99991231","2","พนักงานเกษียณอายุ","V0","ปรับปรุงข้อมูลกำหนดทางองค์กร","","","IAM-HR04"
"10011058","20191001","99991231","2","พนักงานเกษียณอายุ","V0","ปรับปรุงข้อมูลกำหนดทางองค์กร","","","IAM-HR04"
"10011060","20191001","99991231","2","พนักงานเกษียณอายุ","V0","ปรับปรุงข้อมูลกำหนดทางองค์กร","","","IAM-HR04"
"10011062","20191001","99991231","2","พนักงานเกษียณอายุ","V0","ปรับปรุงข้อมูลกำหนดทางองค์กร","","","IAM-HR04"
"00020115","20191001","99991231","2","พนักงานเกษียณอายุ","V0","ปรับปรุงข้อมูลกำหนดทางองค์กร","","","IAM-HR04"
"00020124","20191001","99991231","2","พนักงานเกษียณอายุ","V0","ปรับปรุงข้อมูลกำหนดทางองค์กร","","","IAM-HR04"
"10011082","20191001","99991231","2","พนักงานเกษียณอายุ","V0","ปรับปรุงข้อมูลกำหนดทางองค์กร","","","IAM-HR04"
"00020159","20191001","99991231","2","พนักงานเกษียณอายุ","V0","ปรับปรุงข้อมูลกำหนดทางองค์กร","","","IAM-HR04"
"10011095","20191001","99991231","2","พนักงานเกษียณอายุ","V0","ปรับปรุงข้อมูลกำหนดทางองค์กร","","","IAM-HR04"
"00020163","20191001","99991231","2","พนักงานเกษียณอายุ","V0","ปรับปรุงข้อมูลกำหนดทางองค์กร","","","IAM-HR04"
"00020232","20191001","99991231","2","พนักงานเกษียณอายุ","V0","ปรับปรุงข้อมูลกำหนดทางองค์กร","","","IAM-HR04"
"80005929","20260201","99991231","1","ไม่ใช้งาน","X3","การย้าย/เปลี่ยนตำแหน่ง"," "," ","0100PAA101"
"00020234","20191001","99991231","2","พนักงานเกษียณอายุ","V0","ปรับปรุงข้อมูลกำหนดทางองค์กร","","","IAM-HR04"
"80007703","20251201","99991231","1","ไม่ใช้งาน","ZW","จ้างงาน-บุคคลภายนอก","01","บรรจุ/จ้าง","2100HR01"
"80007704","20251201","99991231","1","ไม่ใช้งาน","ZW","จ้างงาน-บุคคลภายนอก","01","บรรจุ/จ้าง","2100HR01"
"10026380","20260401","20280331","3","พนักงานปกติ","Z5","เปลี่ยนสัญญา(ลาออกบรรจุกลับ)","02","จ้างงานใหม่-พนักงานวิสามัญ","0100PAA104"
"10011385","20251001","99991231","3","พนักงานปกติ","W1","การประเมินปรับเงินเดือน","01","ปรับเงินประจำปี","0100PAA101"
"00040690","20260401","99991231","3","พนักงานปกติ","XA","เลื่อนเงินเดือน"," "," ","0100PAA108"
"10011795","20251001","99991231","3","พนักงานปกติ","W1","การประเมินปรับเงินเดือน","01","ปรับเงินประจำปี","0100PAA101"
"00021202","20191001","99991231","2","พนักงานเกษียณอายุ","V0","ปรับปรุงข้อมูลกำหนดทางองค์กร","","","IAM-HR04"
"00021215","20191001","99991231","2","พนักงานเกษียณอายุ","V0","ปรับปรุงข้อมูลกำหนดทางองค์กร","","","IAM-HR04"
"00022006","20191001","99991231","2","พนักงานเกษียณอายุ","V0","ปรับปรุงข้อมูลกำหนดทางองค์กร","","","IAM-HR04"
"00022027","20191001","99991231","2","พนักงานเกษียณอายุ","V0","ปรับปรุงข้อมูลกำหนดทางองค์กร","","","IAM-HR04"
"00022028","20191001","99991231","2","พนักงานเกษียณอายุ","V0","ปรับปรุงข้อมูลกำหนดทางองค์กร","","","IAM-HR04"
"10026382","20260401","20280331","3","พนักงานปกติ","Z5","เปลี่ยนสัญญา(ลาออกบรรจุกลับ)","02","จ้างงานใหม่-พนักงานวิสามัญ","0100PAA104"
"00022178","20191001","99991231","2","พนักงานเกษียณอายุ","V0","ปรับปรุงข้อมูลกำหนดทางองค์กร","","","IAM-HR04"
"10000407","20251001","99991231","3","พนักงานปกติ","W1","การประเมินปรับเงินเดือน","01","ปรับเงินประจำปี","0100PAA101"
"00022208","20191001","99991231","2","พนักงานเกษียณอายุ","V0","ปรับปรุงข้อมูลกำหนดทางองค์กร","","","IAM-HR04"
"10012865","20251001","99991231","3","พนักงานปกติ","W1","การประเมินปรับเงินเดือน","01","ปรับเงินประจำปี","0100PAA101"
"00022273","20191001","99991231","2","พนักงานเกษียณอายุ","V0","ปรับปรุงข้อมูลกำหนดทางองค์กร","","","IAM-HR04"
"00022280","20191001","99991231","2","พนักงานเกษียณอายุ","V0","ปรับปรุงข้อมูลกำหนดทางองค์กร","","","IAM-HR04"
"00023027","20191001","99991231","2","พนักงานเกษียณอายุ","V0","ปรับปรุงข้อมูลกำหนดทางองค์กร","","","IAM-HR04"
"00023088","20191001","99991231","2","พนักงานเกษียณอายุ","V0","ปรับปรุงข้อมูลกำหนดทางองค์กร","","","IAM-HR04"
"00023104","20191001","99991231","2","พนักงานเกษียณอายุ","V0","ปรับปรุงข้อมูลกำหนดทางองค์กร","","","IAM-HR04"
"00023134","20191001","99991231","2","พนักงานเกษียณอายุ","V0","ปรับปรุงข้อมูลกำหนดทางองค์กร","","","IAM-HR04"
"00023171","20191001","99991231","2","พนักงานเกษียณอายุ","V0","ปรับปรุงข้อมูลกำหนดทางองค์กร","","","IAM-HR04"
"00023183","20191001","99991231","2","พนักงานเกษียณอายุ","V0","ปรับปรุงข้อมูลกำหนดทางองค์กร","","","IAM-HR04"
"10013209","20251001","99991231","3","พนักงานปกติ","W1","การประเมินปรับเงินเดือน","01","ปรับเงินประจำปี","0100PAA101"
"10026789","20251201","20261130","3","พนักงานปกติ","Z1","จ้างงาน-ไม่ผ่านการสรรหา","01","บรรจุ/จ้าง","0100PAA104"
"80007819","20260302","99991231","1","ไม่ใช้งาน","ZW","จ้างงาน-บุคคลภายนอก","01","บรรจุ/จ้าง","2100HR01"
"00024050","20191001","99991231","2","พนักงานเกษียณอายุ","V0","ปรับปรุงข้อมูลกำหนดทางองค์กร","","","IAM-HR04"
"00024052","20191001","99991231","2","พนักงานเกษียณอายุ","V0","ปรับปรุงข้อมูลกำหนดทางองค์กร","","","IAM-HR04"
"10013656","20251001","99991231","3","พนักงานปกติ","W1","การประเมินปรับเงินเดือน","01","ปรับเงินประจำปี","0100PAA101"
"00024109","20191001","99991231","2","พนักงานเกษียณอายุ","V0","ปรับปรุงข้อมูลกำหนดทางองค์กร","","","IAM-HR04"
"10000424","20251001","99991231","3","พนักงานปกติ","W1","การประเมินปรับเงินเดือน","01","ปรับเงินประจำปี","0100PAA101"
"10000431","20251001","99991231","3","พนักงานปกติ","W1","การประเมินปรับเงินเดือน","01","ปรับเงินประจำปี","0100PAA101"
"10013670","20251001","99991231","3","พนักงานปกติ","W1","การประเมินปรับเงินเดือน","01","ปรับเงินประจำปี","0100PAA101"
"10019412","20251001","99991231","3","พนักงานปกติ","W1","การประเมินปรับเงินเดือน","01","ปรับเงินประจำปี","0100PAA101"
"10016816","20251001","99991231","3","พนักงานปกติ","W1","การประเมินปรับเงินเดือน","01","ปรับเงินประจำปี","0100PAA101"
"10013731","20251001","99991231","3","พนักงานปกติ","W1","การประเมินปรับเงินเดือน","01","ปรับเงินประจำปี","0100PAA101"
"10002767","20251001","99991231","3","พนักงานปกติ","W1","การประเมินปรับเงินเดือน","01","ปรับเงินประจำปี","0100PAA101"
"10013759","20251001","99991231","3","พนักงานปกติ","W1","การประเมินปรับเงินเดือน","01","ปรับเงินประจำปี","0100PAA101"
"10019656","20251001","99991231","3","พนักงานปกติ","W1","การประเมินปรับเงินเดือน","01","ปรับเงินประจำปี","0100PAA101"
"10013790","20251001","99991231","3","พนักงานปกติ","W1","การประเมินปรับเงินเดือน","01","ปรับเงินประจำปี","0100PAA101"
"10013996","20251001","99991231","3","พนักงานปกติ","W1","การประเมินปรับเงินเดือน","01","ปรับเงินประจำปี","0100PAA101"
"10024902","20251001","99991231","3","พนักงานปกติ","W1","การประเมินปรับเงินเดือน","01","ปรับเงินประจำปี","0100PAA101"
"00089005","20260401","99991231","3","พนักงานปกติ","XA","เลื่อนเงินเดือน"," "," ","0100PAA108"
"00025067","20191001","99991231","2","พนักงานเกษียณอายุ","Y8","เกษียณอายุราชการ(บำนาญ)","03","เกษียณอายุ","0100PAA202"
"00025073","20221001","99991231","2","พนักงานเกษียณอายุ","Y8","เกษียณอายุราชการ(บำนาญ)","03","เกษียณอายุ","0100PAA104"
"00025084","20201001","99991231","2","พนักงานเกษียณอายุ","Y8","เกษียณอายุราชการ(บำนาญ)","03","เกษียณอายุ","0100PAA202"
"00025085","20191001","99991231","2","พนักงานเกษียณอายุ","V0","ปรับปรุงข้อมูลกำหนดทางองค์กร","","","IAM-HR04"
"00025089","20191001","99991231","2","พนักงานเกษียณอายุ","V0","ปรับปรุงข้อมูลกำหนดทางองค์กร","","","IAM-HR04"
"00025093","20191001","99991231","2","พนักงานเกษียณอายุ","V0","ปรับปรุงข้อมูลกำหนดทางองค์กร","","","IAM-HR04"
"00025139","20191001","99991231","2","พนักงานเกษียณอายุ","V0","ปรับปรุงข้อมูลกำหนดทางองค์กร","","","IAM-HR04"
"10013663","20251001","99991231","3","พนักงานปกติ","W1","การประเมินปรับเงินเดือน","01","ปรับเงินประจำปี","0100PAA101"
"00022305","20191001","99991231","2","พนักงานเกษียณอายุ","V0","ปรับปรุงข้อมูลกำหนดทางองค์กร","","","IAM-HR04"
"00023009","20191001","99991231","2","พนักงานเกษียณอายุ","V0","ปรับปรุงข้อมูลกำหนดทางองค์กร","","","IAM-HR04"
"00023071","20191001","99991231","2","พนักงานเกษียณอายุ","V0","ปรับปรุงข้อมูลกำหนดทางองค์กร","","","IAM-HR04"
"00023072","20191001","99991231","2","พนักงานเกษียณอายุ","V0","ปรับปรุงข้อมูลกำหนดทางองค์กร","","","IAM-HR04"
"00023235","20191001","99991231","2","พนักงานเกษียณอายุ","V0","ปรับปรุงข้อมูลกำหนดทางองค์กร","","","IAM-HR04"
"10026379","20250601","20260531","3","พนักงานปกติ","Z1","จ้างงาน-ไม่ผ่านการสรรหา","01","บรรจุ/จ้าง","0100PAA104"
"00024059","20191001","99991231","2","พนักงานเกษียณอายุ","V0","ปรับปรุงข้อมูลกำหนดทางองค์กร","","","IAM-HR04"
"10024204","20251001","99991231","3","พนักงานปกติ","W1","การประเมินปรับเงินเดือน","01","ปรับเงินประจำปี","0100PAA101"
"00024076","20191001","99991231","2","พนักงานเกษียณอายุ","V0","ปรับปรุงข้อมูลกำหนดทางองค์กร","","","IAM-HR04"
"10015609","20251001","99991231","3","พนักงานปกติ","W1","การประเมินปรับเงินเดือน","01","ปรับเงินประจำปี","0100PAA101"
"00024123","20191001","99991231","2","พนักงานเกษียณอายุ","V0","ปรับปรุงข้อมูลกำหนดทางองค์กร","","","IAM-HR04"
"10013729","20251001","99991231","3","พนักงานปกติ","W1","การประเมินปรับเงินเดือน","01","ปรับเงินประจำปี","0100PAA101"
"10025496","20250501","20260430","3","พนักงานปกติ","Z5","เปลี่ยนสัญญา(ลาออกบรรจุกลับ)","02","จ้างงานใหม่-พนักงานวิสามัญ","0100PAA104"
"10013793","20251001","99991231","3","พนักงานปกติ","W1","การประเมินปรับเงินเดือน","01","ปรับเงินประจำปี","0100PAA101"
"00024169","20191001","99991231","2","พนักงานเกษียณอายุ","V0","ปรับปรุงข้อมูลกำหนดทางองค์กร","","","IAM-HR04"
"00024175","20191001","99991231","2","พนักงานเกษียณอายุ","V0","ปรับปรุงข้อมูลกำหนดทางองค์กร","","","IAM-HR04"
"00025004","20191001","99991231","2","พนักงานเกษียณอายุ","V0","ปรับปรุงข้อมูลกำหนดทางองค์กร","","","IAM-HR04"
"00025011","20191001","99991231","2","พนักงานเกษียณอายุ","V0","ปรับปรุงข้อมูลกำหนดทางองค์กร","","","IAM-HR04"
"00025053","20191001","99991231","2","พนักงานเกษียณอายุ","V0","ปรับปรุงข้อมูลกำหนดทางองค์กร","","","IAM-HR04"
"10014289","20251001","99991231","3","พนักงานปกติ","W1","การประเมินปรับเงินเดือน","01","ปรับเงินประจำปี","0100PAA101"
"10014307","20251001","99991231","3","พนักงานปกติ","W1","การประเมินปรับเงินเดือน","01","ปรับเงินประจำปี","0100PAA101"
"00025115","20191001","99991231","2","พนักงานเกษียณอายุ","V0","ปรับปรุงข้อมูลกำหนดทางองค์กร","","","IAM-HR04"
"00026002","20191001","99991231","2","พนักงานเกษียณอายุ","V0","ปรับปรุงข้อมูลกำหนดทางองค์กร","","","IAM-HR04"
"00026018","20191001","99991231","2","พนักงานเกษียณอายุ","V0","ปรับปรุงข้อมูลกำหนดทางองค์กร","","","IAM-HR04"
"00026030","20191001","99991231","2","พนักงานเกษียณอายุ","V0","ปรับปรุงข้อมูลกำหนดทางองค์กร","","","IAM-HR04"
"80007705","20260201","99991231","1","ไม่ใช้งาน","ZW","จ้างงาน-บุคคลภายนอก","01","บรรจุ/จ้าง","2100HR01"
"80007706","20260201","99991231","1","ไม่ใช้งาน","ZW","จ้างงาน-บุคคลภายนอก","01","บรรจุ/จ้าง","2100HR01"
"80007707","20260201","99991231","1","ไม่ใช้งาน","ZW","จ้างงาน-บุคคลภายนอก","01","บรรจุ/จ้าง","2100HR01"
"00026048","20201001","99991231","2","พนักงานเกษียณอายุ","Y8","เกษียณอายุราชการ(บำนาญ)","03","เกษียณอายุ","0100PAA202"
"00026071","20191001","99991231","2","พนักงานเกษียณอายุ","Y8","เกษียณอายุราชการ(บำนาญ)","03","เกษียณอายุ","0100PAA202"
"00026075","20211001","99991231","2","พนักงานเกษียณอายุ","Y8","เกษียณอายุราชการ(บำนาญ)","03","เกษียณอายุ","0100PAA104"
"00026076","20191001","99991231","2","พนักงานเกษียณอายุ","V0","ปรับปรุงข้อมูลกำหนดทางองค์กร","","","IAM-HR04"
"00026078","20231001","99991231","2","พนักงานเกษียณอายุ","Y8","เกษียณอายุราชการ(บำนาญ)","03","เกษียณอายุ","0100PAA102"
"00026082","20191001","99991231","2","พนักงานเกษียณอายุ","V0","ปรับปรุงข้อมูลกำหนดทางองค์กร","","","IAM-HR04"
"00026119","20191001","99991231","2","พนักงานเกษียณอายุ","V0","ปรับปรุงข้อมูลกำหนดทางองค์กร","","","IAM-HR04"
"80007708","20260201","99991231","1","ไม่ใช้งาน","ZW","จ้างงาน-บุคคลภายนอก","01","บรรจุ/จ้าง","2100HR01"
"00027006","20211001","99991231","2","พนักงานเกษียณอายุ","Y8","เกษียณอายุราชการ(บำนาญ)","03","เกษียณอายุ","0100PAA104"
"00026061","20191001","99991231","2","พนักงานเกษียณอายุ","Y8","เกษียณอายุราชการ(บำนาญ)","03","เกษียณอายุ","0100PAA202"
"00026066","20191001","99991231","2","พนักงานเกษียณอายุ","V0","ปรับปรุงข้อมูลกำหนดทางองค์กร","","","IAM-HR04"
"00027035","20191001","99991231","2","พนักงานเกษียณอายุ","V0","ปรับปรุงข้อมูลกำหนดทางองค์กร","","","IAM-HR04"
"00027036","20191001","99991231","2","พนักงานเกษียณอายุ","V0","ปรับปรุงข้อมูลกำหนดทางองค์กร","","","IAM-HR04"
"00027037","20191001","99991231","2","พนักงานเกษียณอายุ","V0","ปรับปรุงข้อมูลกำหนดทางองค์กร","","","IAM-HR04"
"00027039","20211001","99991231","2","พนักงานเกษียณอายุ","Y8","เกษียณอายุราชการ(บำนาญ)","03","เกษียณอายุ","0100PAA104"
"00027052","20191001","99991231","2","พนักงานเกษียณอายุ","V0","ปรับปรุงข้อมูลกำหนดทางองค์กร","","","IAM-HR04"
"10014705","20251001","99991231","3","พนักงานปกติ","W1","การประเมินปรับเงินเดือน","01","ปรับเงินประจำปี","0100PAA101"
"00027017","20211001","99991231","2","พนักงานเกษียณอายุ","Y8","เกษียณอายุราชการ(บำนาญ)","03","เกษียณอายุ","0100PAA101"
"00028110","20191001","99991231","2","พนักงานเกษียณอายุ","V0","ปรับปรุงข้อมูลกำหนดทางองค์กร","","","IAM-HR04"
"00027020","20191001","99991231","2","พนักงานเกษียณอายุ","V0","ปรับปรุงข้อมูลกำหนดทางองค์กร","","","IAM-HR04"
"00027027","20191001","99991231","2","พนักงานเกษียณอายุ","V0","ปรับปรุงข้อมูลกำหนดทางองค์กร","","","IAM-HR04"
"00027032","20191001","99991231","2","พนักงานเกษียณอายุ","V0","ปรับปรุงข้อมูลกำหนดทางองค์กร","","","IAM-HR04"
"00027033","20191001","99991231","2","พนักงานเกษียณอายุ","V0","ปรับปรุงข้อมูลกำหนดทางองค์กร","","","IAM-HR04"
"00028020","20191001","99991231","2","พนักงานเกษียณอายุ","V0","ปรับปรุงข้อมูลกำหนดทางองค์กร","","","IAM-HR04"
"00027053","20201001","99991231","2","พนักงานเกษียณอายุ","Y8","เกษียณอายุราชการ(บำนาญ)","03","เกษียณอายุ","0100PAA202"
"00027075","20191001","99991231","2","พนักงานเกษียณอายุ","V0","ปรับปรุงข้อมูลกำหนดทางองค์กร","","","IAM-HR04"
"00027080","20191001","99991231","2","พนักงานเกษียณอายุ","V0","ปรับปรุงข้อมูลกำหนดทางองค์กร","","","IAM-HR04"
"00028037","20191001","99991231","2","พนักงานเกษียณอายุ","V0","ปรับปรุงข้อมูลกำหนดทางองค์กร","","","IAM-HR04"
"00027098","20191001","99991231","2","พนักงานเกษียณอายุ","V0","ปรับปรุงข้อมูลกำหนดทางองค์กร","","","IAM-HR04"
"00028075","20191001","99991231","2","พนักงานเกษียณอายุ","V0","ปรับปรุงข้อมูลกำหนดทางองค์กร","","","IAM-HR04"
"00028095","20191001","99991231","2","พนักงานเกษียณอายุ","V0","ปรับปรุงข้อมูลกำหนดทางองค์กร","","","IAM-HR04"
"00028096","20231001","99991231","2","พนักงานเกษียณอายุ","Y8","เกษียณอายุราชการ(บำนาญ)","03","เกษียณอายุ","0100PAA102"
"00028057","20231001","99991231","2","พนักงานเกษียณอายุ","Y8","เกษียณอายุราชการ(บำนาญ)","03","เกษียณอายุ","0100PAA102"
"00028160","20191001","99991231","2","พนักงานเกษียณอายุ","V0","ปรับปรุงข้อมูลกำหนดทางองค์กร","","","IAM-HR04"
"00028085","20191001","99991231","2","พนักงานเกษียณอายุ","V0","ปรับปรุงข้อมูลกำหนดทางองค์กร","","","IAM-HR04"
"00029003","20191001","99991231","2","พนักงานเกษียณอายุ","V0","ปรับปรุงข้อมูลกำหนดทางองค์กร","","","IAM-HR04"
"00029012","20191001","99991231","2","พนักงานเกษียณอายุ","V0","ปรับปรุงข้อมูลกำหนดทางองค์กร","","","IAM-HR04"
"10020543","20251001","99991231","3","พนักงานปกติ","W1","การประเมินปรับเงินเดือน","01","ปรับเงินประจำปี","0100PAA101"
"00029084","20191001","99991231","2","พนักงานเกษียณอายุ","V0","ปรับปรุงข้อมูลกำหนดทางองค์กร","","","IAM-HR04"
"00029090","20191001","99991231","2","พนักงานเกษียณอายุ","V0","ปรับปรุงข้อมูลกำหนดทางองค์กร","","","IAM-HR04"
"10015213","20251001","99991231","3","พนักงานปกติ","W1","การประเมินปรับเงินเดือน","01","ปรับเงินประจำปี","0100PAA101"
"80007485","20251101","99991231","1","ไม่ใช้งาน","ZW","จ้างงาน-บุคคลภายนอก","01","บรรจุ/จ้าง","2100HR01"
"00030035","20191001","99991231","2","พนักงานเกษียณอายุ","V0","ปรับปรุงข้อมูลกำหนดทางองค์กร","","","IAM-HR04"
"80007486","20251101","99991231","1","ไม่ใช้งาน","ZW","จ้างงาน-บุคคลภายนอก","01","บรรจุ/จ้าง","2100HR01"
"80007487","20251101","99991231","1","ไม่ใช้งาน","ZW","จ้างงาน-บุคคลภายนอก","01","บรรจุ/จ้าง","2100HR01"
"00029046","20211001","99991231","2","พนักงานเกษียณอายุ","Y8","เกษียณอายุราชการ(บำนาญ)","03","เกษียณอายุ","0100PAA104"
"00029047","20191001","99991231","2","พนักงานเกษียณอายุ","V0","ปรับปรุงข้อมูลกำหนดทางองค์กร","","","IAM-HR04"
"00030014","20191001","99991231","2","พนักงานเกษียณอายุ","V0","ปรับปรุงข้อมูลกำหนดทางองค์กร","","","IAM-HR04"
"80006113","20260301","99991231","1","ไม่ใช้งาน","X3","การย้าย/เปลี่ยนตำแหน่ง"," "," ","0100PAA101"
"80007891","20260301","99991231","1","ไม่ใช้งาน","ZW","จ้างงาน-บุคคลภายนอก","01","บรรจุ/จ้าง","2100HR01"
"10015229","20251001","99991231","3","พนักงานปกติ","W1","การประเมินปรับเงินเดือน","01","ปรับเงินประจำปี","0100PAA101"
"10015147","20251001","99991231","3","พนักงานปกติ","W1","การประเมินปรับเงินเดือน","01","ปรับเงินประจำปี","0100PAA101"
"00030084","20231001","99991231","2","พนักงานเกษียณอายุ","Y1","เกษียณอายุ(บำเหน็จรายเดือน)","03","เกษียณอายุ","0100PAA102"
"00030092","20211001","99991231","2","พนักงานเกษียณอายุ","Y1","เกษียณอายุ(บำเหน็จรายเดือน)","03","เกษียณอายุ","0100PAA104"
"00030110","20191001","99991231","2","พนักงานเกษียณอายุ","V0","ปรับปรุงข้อมูลกำหนดทางองค์กร","","","IAM-HR04"
"00030111","20191001","99991231","2","พนักงานเกษียณอายุ","V0","ปรับปรุงข้อมูลกำหนดทางองค์กร","","","IAM-HR04"
"10025991","20251201","99991231","3","พนักงานปกติ","W0","การประเมินต่อสัญญาจ้าง","05","ปรับเงินครบทดลองงาน(สัญญา1ปี)","0100PAA104"
"00030120","20191001","99991231","2","พนักงานเกษียณอายุ","V0","ปรับปรุงข้อมูลกำหนดทางองค์กร","","","IAM-HR04"
"00030121","20191001","99991231","2","พนักงานเกษียณอายุ","V0","ปรับปรุงข้อมูลกำหนดทางองค์กร","","","IAM-HR04"
"00031052","20191001","99991231","2","พนักงานเกษียณอายุ","V0","ปรับปรุงข้อมูลกำหนดทางองค์กร","","","IAM-HR04"
"10015635","20251001","99991231","3","พนักงานปกติ","W1","การประเมินปรับเงินเดือน","01","ปรับเงินประจำปี","0100PAA101"
"00031072","20191001","99991231","2","พนักงานเกษียณอายุ","V0","ปรับปรุงข้อมูลกำหนดทางองค์กร","","","IAM-HR04"
"00031120","20191001","99991231","2","พนักงานเกษียณอายุ","V0","ปรับปรุงข้อมูลกำหนดทางองค์กร","","","IAM-HR04"
"00032016","20191001","99991231","2","พนักงานเกษียณอายุ","V0","ปรับปรุงข้อมูลกำหนดทางองค์กร","","","IAM-HR04"
"80000204","20191001","99991231","1","ไม่ใช้งาน","V0","ปรับปรุงข้อมูลกำหนดทางองค์กร","","","IAM-HR04"
"00032050","20231001","99991231","2","พนักงานเกษียณอายุ","Y8","เกษียณอายุราชการ(บำนาญ)","03","เกษียณอายุ","0100PAA102"
"00032052","20191001","99991231","2","พนักงานเกษียณอายุ","V0","ปรับปรุงข้อมูลกำหนดทางองค์กร","","","IAM-HR04"
"00032070","20191001","99991231","2","พนักงานเกษียณอายุ","Y8","เกษียณอายุราชการ(บำนาญ)","03","เกษียณอายุ","0100PAA202"
"80004764","20230801","99991231","1","ไม่ใช้งาน","ZW","จ้างงาน-บุคคลภายนอก","01","บรรจุ/จ้าง","0100PAA104"
"00031066","20191001","99991231","2","พนักงานเกษียณอายุ","V0","ปรับปรุงข้อมูลกำหนดทางองค์กร","","","IAM-HR04"
"10025574","20251001","99991231","3","พนักงานปกติ","W1","การประเมินปรับเงินเดือน","01","ปรับเงินประจำปี","0100PAA101"
"00031105","20191001","99991231","2","พนักงานเกษียณอายุ","V0","ปรับปรุงข้อมูลกำหนดทางองค์กร","","","IAM-HR04"
"00033117","20191001","99991231","2","พนักงานเกษียณอายุ","V0","ปรับปรุงข้อมูลกำหนดทางองค์กร","","","IAM-HR04"
"10016023","20251001","99991231","3","พนักงานปกติ","W1","การประเมินปรับเงินเดือน","01","ปรับเงินประจำปี","0100PAA101"
"00033040","20191001","99991231","2","พนักงานเกษียณอายุ","V0","ปรับปรุงข้อมูลกำหนดทางองค์กร","","","IAM-HR04"
"00033043","20260401","99991231","3","พนักงานปกติ","XA","เลื่อนเงินเดือน"," "," ","0100PAA108"
"00033044","20201001","99991231","2","พนักงานเกษียณอายุ","Y8","เกษียณอายุราชการ(บำนาญ)","03","เกษียณอายุ","0100PAA202"
"00033047","20221001","99991231","2","พนักงานเกษียณอายุ","Y8","เกษียณอายุราชการ(บำนาญ)","03","เกษียณอายุ","0100PAA104"
"00033052","20191001","99991231","2","พนักงานเกษียณอายุ","V0","ปรับปรุงข้อมูลกำหนดทางองค์กร","","","IAM-HR04"
"10025684","20250801","99991231","3","พนักงานปกติ","W0","การประเมินต่อสัญญาจ้าง","05","ปรับเงินครบทดลองงาน(สัญญา1ปี)","0100PAA104"
"00033053","20191001","99991231","2","พนักงานเกษียณอายุ","V0","ปรับปรุงข้อมูลกำหนดทางองค์กร","","","IAM-HR04"
"00033054","20191001","99991231","2","พนักงานเกษียณอายุ","V0","ปรับปรุงข้อมูลกำหนดทางองค์กร","","","IAM-HR04"
"10015762","20251001","99991231","3","พนักงานปกติ","W1","การประเมินปรับเงินเดือน","01","ปรับเงินประจำปี","0100PAA101"
"00033074","20260401","99991231","3","พนักงานปกติ","XA","เลื่อนเงินเดือน"," "," ","0100PAA108"
"00032031","20221001","99991231","2","พนักงานเกษียณอายุ","Y8","เกษียณอายุราชการ(บำนาญ)","03","เกษียณอายุ","0100PAA104"
"10016090","20251001","99991231","3","พนักงานปกติ","W1","การประเมินปรับเงินเดือน","01","ปรับเงินประจำปี","0100PAA101"
"10017017","20251001","99991231","3","พนักงานปกติ","W1","การประเมินปรับเงินเดือน","01","ปรับเงินประจำปี","0100PAA101"
"00032064","20191001","99991231","2","พนักงานเกษียณอายุ","V0","ปรับปรุงข้อมูลกำหนดทางองค์กร","","","IAM-HR04"
"10025768","20250901","99991231","3","พนักงานปกติ","W0","การประเมินต่อสัญญาจ้าง","05","ปรับเงินครบทดลองงาน(สัญญา1ปี)","0100PAA104"
"00032077","20191001","99991231","2","พนักงานเกษียณอายุ","Y8","เกษียณอายุราชการ(บำนาญ)","03","เกษียณอายุ","0100PAA202"
"00034014","20260401","99991231","3","พนักงานปกติ","XA","เลื่อนเงินเดือน"," "," ","0100PAA108"
"00034019","20260401","99991231","3","พนักงานปกติ","XA","เลื่อนเงินเดือน"," "," ","0100PAA108"
"00034031","20260401","99991231","3","พนักงานปกติ","XA","เลื่อนเงินเดือน"," "," ","0100PAA108"
"00033011","20191001","99991231","2","พนักงานเกษียณอายุ","V0","ปรับปรุงข้อมูลกำหนดทางองค์กร","","","IAM-HR04"
"10021389","20251001","99991231","3","พนักงานปกติ","W1","การประเมินปรับเงินเดือน","01","ปรับเงินประจำปี","0100PAA101"
"00033094","20191001","99991231","1","ไม่ใช้งาน","V0","ปรับปรุงข้อมูลกำหนดทางองค์กร","","","IAM-HR04"
"10016566","20251001","99991231","3","พนักงานปกติ","W1","การประเมินปรับเงินเดือน","01","ปรับเงินประจำปี","0100PAA101"
"10016026","20251001","99991231","3","พนักงานปกติ","W1","การประเมินปรับเงินเดือน","01","ปรับเงินประจำปี","0100PAA101"
"10016027","20251001","99991231","3","พนักงานปกติ","W1","การประเมินปรับเงินเดือน","01","ปรับเงินประจำปี","0100PAA101"
"00033055","20260401","99991231","3","พนักงานปกติ","XA","เลื่อนเงินเดือน"," "," ","0100PAA108"
"10016435","20251001","99991231","3","พนักงานปกติ","W1","การประเมินปรับเงินเดือน","01","ปรับเงินประจำปี","0100PAA101"
"10021440","20251001","99991231","3","พนักงานปกติ","W1","การประเมินปรับเงินเดือน","01","ปรับเงินประจำปี","0100PAA101"
"00034147","20191001","99991231","2","พนักงานเกษียณอายุ","V0","ปรับปรุงข้อมูลกำหนดทางองค์กร","","","IAM-HR04"
"10024874","20250601","20270531","3","พนักงานปกติ","Z5","เปลี่ยนสัญญา(ลาออกบรรจุกลับ)","08","จ้างงานใหม่-Competitive Track","0100PAA104"
"00034153","20260401","99991231","3","พนักงานปกติ","XA","เลื่อนเงินเดือน"," "," ","0100PAA108"
"00034157","20260401","99991231","3","พนักงานปกติ","XA","เลื่อนเงินเดือน"," "," ","0100PAA108"
"10016568","20251001","99991231","3","พนักงานปกติ","W1","การประเมินปรับเงินเดือน","01","ปรับเงินประจำปี","0100PAA101"
"10016260","20251001","99991231","3","พนักงานปกติ","W1","การประเมินปรับเงินเดือน","01","ปรับเงินประจำปี","0100PAA101"
"00034175","20251001","99991231","2","พนักงานเกษียณอายุ","Y8","เกษียณอายุราชการ(บำนาญ)","03","เกษียณอายุ","0100PAA104"
"00034010","20191001","99991231","2","พนักงานเกษียณอายุ","V0","ปรับปรุงข้อมูลกำหนดทางองค์กร","","","IAM-HR04"
"00034011","20221001","99991231","2","พนักงานเกษียณอายุ","Y8","เกษียณอายุราชการ(บำนาญ)","03","เกษียณอายุ","0100PAA104"
"00034024","20201001","99991231","2","พนักงานเกษียณอายุ","Y8","เกษียณอายุราชการ(บำนาญ)","03","เกษียณอายุ","0100PAA202"
"10016348","20251001","99991231","3","พนักงานปกติ","W1","การประเมินปรับเงินเดือน","01","ปรับเงินประจำปี","0100PAA101"
"10016351","20251001","99991231","3","พนักงานปกติ","W1","การประเมินปรับเงินเดือน","01","ปรับเงินประจำปี","0100PAA101"
"00034043","20201001","99991231","2","พนักงานเกษียณอายุ","Y8","เกษียณอายุราชการ(บำนาญ)","03","เกษียณอายุ","0100PAA202"
"00034081","20191001","99991231","2","พนักงานเกษียณอายุ","V0","ปรับปรุงข้อมูลกำหนดทางองค์กร","","","IAM-HR04"
"80006637","20241201","99991231","1","ไม่ใช้งาน","ZW","จ้างงาน-บุคคลภายนอก","01","บรรจุ/จ้าง","2100HR01"
"00034108","20260401","99991231","3","พนักงานปกติ","XA","เลื่อนเงินเดือน"," "," ","0100PAA108"
"10016484","20251001","99991231","3","พนักงานปกติ","W1","การประเมินปรับเงินเดือน","01","ปรับเงินประจำปี","0100PAA101"
"10016488","20251001","99991231","3","พนักงานปกติ","W1","การประเมินปรับเงินเดือน","01","ปรับเงินประจำปี","0100PAA101"
"10016489","20251001","99991231","3","พนักงานปกติ","W1","การประเมินปรับเงินเดือน","01","ปรับเงินประจำปี","0100PAA101"
"00034120","20260401","99991231","3","พนักงานปกติ","XA","เลื่อนเงินเดือน"," "," ","0100PAA108"
"00034121","20231001","99991231","2","พนักงานเกษียณอายุ","Y8","เกษียณอายุราชการ(บำนาญ)","03","เกษียณอายุ","0100PAA102"
"00034127","20221001","99991231","2","พนักงานเกษียณอายุ","Y8","เกษียณอายุราชการ(บำนาญ)","03","เกษียณอายุ","0100PAA104"
"00034136","20260401","99991231","3","พนักงานปกติ","XA","เลื่อนเงินเดือน"," "," ","0100PAA108"
"10016553","20251001","99991231","3","พนักงานปกติ","W1","การประเมินปรับเงินเดือน","01","ปรับเงินประจำปี","0100PAA101"
"10016567","20251001","99991231","3","พนักงานปกติ","W1","การประเมินปรับเงินเดือน","01","ปรับเงินประจำปี","0100PAA101"
"10024119","20251001","99991231","3","พนักงานปกติ","W1","การประเมินปรับเงินเดือน","01","ปรับเงินประจำปี","0100PAA101"
"10019910","20251001","99991231","3","พนักงานปกติ","W1","การประเมินปรับเงินเดือน","01","ปรับเงินประจำปี","0100PAA101"
"80007710","20260201","99991231","1","ไม่ใช้งาน","ZW","จ้างงาน-บุคคลภายนอก","01","บรรจุ/จ้าง","2100HR01"
"80007488","20251101","99991231","1","ไม่ใช้งาน","ZW","จ้างงาน-บุคคลภายนอก","01","บรรจุ/จ้าง","2100HR01"
"00035010","20260401","99991231","3","พนักงานปกติ","XA","เลื่อนเงินเดือน"," "," ","0100PAA108"
"00035024","20260401","99991231","3","พนักงานปกติ","XA","เลื่อนเงินเดือน"," "," ","0100PAA108"
"00035050","20221001","99991231","2","พนักงานเกษียณอายุ","Y8","เกษียณอายุราชการ(บำนาญ)","03","เกษียณอายุ","0100PAA104"
"10021709","20251001","99991231","3","พนักงานปกติ","W1","การประเมินปรับเงินเดือน","01","ปรับเงินประจำปี","0100PAA101"
"10016781","20251001","99991231","3","พนักงานปกติ","W1","การประเมินปรับเงินเดือน","01","ปรับเงินประจำปี","0100PAA101"
"00035055","20260401","99991231","3","พนักงานปกติ","XA","เลื่อนเงินเดือน"," "," ","0100PAA108"
"10016817","20251001","99991231","3","พนักงานปกติ","W1","การประเมินปรับเงินเดือน","01","ปรับเงินประจำปี","0100PAA101"
"00035076","20191001","99991231","2","พนักงานเกษียณอายุ","V0","ปรับปรุงข้อมูลกำหนดทางองค์กร","","","IAM-HR04"
"00035078","20231001","99991231","2","พนักงานเกษียณอายุ","Y8","เกษียณอายุราชการ(บำนาญ)","03","เกษียณอายุ","0100PAA102"
"00035086","20191001","99991231","2","พนักงานเกษียณอายุ","V0","ปรับปรุงข้อมูลกำหนดทางองค์กร","","","IAM-HR04"
"10016881","20251001","99991231","3","พนักงานปกติ","W1","การประเมินปรับเงินเดือน","01","ปรับเงินประจำปี","0100PAA101"
"10024481","20250701","99991231","3","พนักงานปกติ","W0","การประเมินต่อสัญญาจ้าง","05","ปรับเงินครบทดลองงาน(สัญญา1ปี)","0100PAA104"
"00035013","20260401","99991231","3","พนักงานปกติ","XA","เลื่อนเงินเดือน"," "," ","0100PAA108"
"00035017","20191001","99991231","2","พนักงานเกษียณอายุ","V0","ปรับปรุงข้อมูลกำหนดทางองค์กร","","","IAM-HR04"
"00035023","20221001","99991231","2","พนักงานเกษียณอายุ","Y8","เกษียณอายุราชการ(บำนาญ)","03","เกษียณอายุ","0100PAA104"
"10025506","20251001","99991231","3","พนักงานปกติ","W1","การประเมินปรับเงินเดือน","01","ปรับเงินประจำปี","0100PAA101"
"00035027","20191001","99991231","1","ไม่ใช้งาน","V0","ปรับปรุงข้อมูลกำหนดทางองค์กร","","","IAM-HR04"
"00035056","20260401","99991231","3","พนักงานปกติ","XA","เลื่อนเงินเดือน"," "," ","0100PAA108"
"00035081","20260401","99991231","3","พนักงานปกติ","XA","เลื่อนเงินเดือน"," "," ","0100PAA108"
"10016565","20251001","99991231","3","พนักงานปกติ","W1","การประเมินปรับเงินเดือน","01","ปรับเงินประจำปี","0100PAA101"
"00035114","20191001","99991231","1","ไม่ใช้งาน","V0","ปรับปรุงข้อมูลกำหนดทางองค์กร","","","IAM-HR04"
"00035123","20191001","99991231","2","พนักงานเกษียณอายุ","V0","ปรับปรุงข้อมูลกำหนดทางองค์กร","","","IAM-HR04"
"00036098","20231001","99991231","2","พนักงานเกษียณอายุ","Y8","เกษียณอายุราชการ(บำนาญ)","03","เกษียณอายุ","0100PAA102"
"00036110","20260401","99991231","3","พนักงานปกติ","XA","เลื่อนเงินเดือน"," "," ","0100PAA108"
"10020737","20251001","99991231","3","พนักงานปกติ","W1","การประเมินปรับเงินเดือน","01","ปรับเงินประจำปี","0100PAA101"
"00036074","20260401","99991231","3","พนักงานปกติ","XA","เลื่อนเงินเดือน"," "," ","0100PAA108"
"10017086","20251001","99991231","3","พนักงานปกติ","W1","การประเมินปรับเงินเดือน","01","ปรับเงินประจำปี","0100PAA101"
"10011743","20251001","99991231","3","พนักงานปกติ","W1","การประเมินปรับเงินเดือน","01","ปรับเงินประจำปี","0100PAA101"
"10016878","20251001","99991231","3","พนักงานปกติ","W0","การประเมินต่อสัญญาจ้าง","01","ต่อสัญญาปฏิบัติงาน","0100PAA104"
"10016885","20251001","99991231","3","พนักงานปกติ","W1","การประเมินปรับเงินเดือน","01","ปรับเงินประจำปี","0100PAA101"
"00036125","20260401","99991231","3","พนักงานปกติ","XA","เลื่อนเงินเดือน"," "," ","0100PAA108"
"00036129","20201001","99991231","2","พนักงานเกษียณอายุ","Y8","เกษียณอายุราชการ(บำนาญ)","03","เกษียณอายุ","0100PAA202"
"00036130","20191001","99991231","2","พนักงานเกษียณอายุ","V0","ปรับปรุงข้อมูลกำหนดทางองค์กร","","","IAM-HR04"
"00035187","20260401","99991231","3","พนักงานปกติ","X0","บันทึกเลื่อนขั้น","05","เต็มขั้น(ค่าตอบแทนพิเศษ 4%)","0100PAA103"
"10017225","20251001","99991231","3","พนักงานปกติ","W1","การประเมินปรับเงินเดือน","01","ปรับเงินประจำปี","0100PAA101"
"00036042","20210401","99991231","2","พนักงานเกษียณอายุ","Y8","เกษียณอายุราชการ(บำนาญ)","05","การเปลี่ยนสถานภาพ","0100HRAD01"
"00036279","20260401","99991231","3","พนักงานปกติ","X0","บันทึกเลื่อนขั้น","04","เต็มขั้น(ค่าตอบแทนพิเศษ 2%)","0100PAA103"
"10017018","20251001","99991231","3","พนักงานปกติ","W1","การประเมินปรับเงินเดือน","01","ปรับเงินประจำปี","0100PAA101"
"00036108","20191001","99991231","2","พนักงานเกษียณอายุ","V0","ปรับปรุงข้อมูลกำหนดทางองค์กร","","","IAM-HR04"
"00036111","20260401","99991231","3","พนักงานปกติ","XA","เลื่อนเงินเดือน"," "," ","0100PAA108"
"00036112","20221101","99991231","2","พนักงานเกษียณอายุ","X8","บันทึกการออกจากวาระตำแหน่ง","","","0100OM01"
"00036122","20191001","99991231","2","พนักงานเกษียณอายุ","V0","ปรับปรุงข้อมูลกำหนดทางองค์กร","","","IAM-HR04"
"10024597","20241001","20260930","3","พนักงานปกติ","Z5","เปลี่ยนสัญญา(ลาออกบรรจุกลับ)","02","จ้างงานใหม่-พนักงานวิสามัญ","0100PAA104"
"00037076","20260401","99991231","3","พนักงานปกติ","XA","เลื่อนเงินเดือน"," "," ","0100PAA108"
"00036228","20260401","99991231","3","พนักงานปกติ","XA","เลื่อนเงินเดือน"," "," ","0100PAA108"
"10017224","20251001","99991231","3","พนักงานปกติ","W1","การประเมินปรับเงินเดือน","01","ปรับเงินประจำปี","0100PAA101"
"10017226","20251001","99991231","3","พนักงานปกติ","W1","การประเมินปรับเงินเดือน","01","ปรับเงินประจำปี","0100PAA101"
"00036327","20191001","99991231","2","พนักงานเกษียณอายุ","V0","ปรับปรุงข้อมูลกำหนดทางองค์กร","","","IAM-HR04"
"10019932","20251001","99991231","3","พนักงานปกติ","W1","การประเมินปรับเงินเดือน","01","ปรับเงินประจำปี","0100PAA101"
"10017249","20251001","99991231","3","พนักงานปกติ","W1","การประเมินปรับเงินเดือน","01","ปรับเงินประจำปี","0100PAA101"
"00037043","20260401","99991231","3","พนักงานปกติ","XA","เลื่อนเงินเดือน"," "," ","0100PAA108"
"00037078","20191001","99991231","2","พนักงานเกษียณอายุ","V0","ปรับปรุงข้อมูลกำหนดทางองค์กร","","","IAM-HR04"
"00037080","20191001","99991231","2","พนักงานเกษียณอายุ","V0","ปรับปรุงข้อมูลกำหนดทางองค์กร","","","IAM-HR04"
"10022923","20260301","99991231","3","พนักงานปกติ","W0","การประเมินต่อสัญญาจ้าง","01","ต่อสัญญาปฏิบัติงาน","0100PAA104"
"00037138","20191001","99991231","1","ไม่ใช้งาน","V0","ปรับปรุงข้อมูลกำหนดทางองค์กร","","","IAM-HR04"
"10017410","20251001","99991231","3","พนักงานปกติ","W1","การประเมินปรับเงินเดือน","01","ปรับเงินประจำปี","0100PAA101"
"00037145","20191001","99991231","2","พนักงานเกษียณอายุ","V0","ปรับปรุงข้อมูลกำหนดทางองค์กร","","","IAM-HR04"
"00037236","20260401","99991231","3","พนักงานปกติ","X0","บันทึกเลื่อนขั้น","04","เต็มขั้น(ค่าตอบแทนพิเศษ 2%)","0100PAA103"
"00037159","20191001","99991231","2","พนักงานเกษียณอายุ","V0","ปรับปรุงข้อมูลกำหนดทางองค์กร","","","IAM-HR04"
"10025411","20251001","99991231","3","พนักงานปกติ","W1","การประเมินปรับเงินเดือน","01","ปรับเงินประจำปี","0100PAA101"
"10021092","20251001","99991231","3","พนักงานปกติ","W1","การประเมินปรับเงินเดือน","01","ปรับเงินประจำปี","0100PAA101"
"10019952","20251001","99991231","3","พนักงานปกติ","W1","การประเมินปรับเงินเดือน","01","ปรับเงินประจำปี","0100PAA101"
"10017602","20251001","99991231","3","พนักงานปกติ","W1","การประเมินปรับเงินเดือน","01","ปรับเงินประจำปี","0100PAA101"
"00037217","20231201","99991231","2","พนักงานเกษียณอายุ","Y1","เกษียณอายุ(บำเหน็จรายเดือน)","01","ลาออก","0100PAA104"
"00038034","20191001","99991231","2","พนักงานเกษียณอายุ","V0","ปรับปรุงข้อมูลกำหนดทางองค์กร","","","IAM-HR04"
"10017721","20251001","99991231","3","พนักงานปกติ","W1","การประเมินปรับเงินเดือน","01","ปรับเงินประจำปี","0100PAA101"
"00038003","20260401","99991231","3","พนักงานปกติ","XA","เลื่อนเงินเดือน"," "," ","0100PAA108"
"10020409","20260201","99991231","3","พนักงานปกติ","W0","การประเมินต่อสัญญาจ้าง","01","ต่อสัญญาปฏิบัติงาน","0100PAA104"
"10019909","20251001","99991231","3","พนักงานปกติ","W1","การประเมินปรับเงินเดือน","01","ปรับเงินประจำปี","0100PAA101"
"10019773","20251001","99991231","3","พนักงานปกติ","W1","การประเมินปรับเงินเดือน","01","ปรับเงินประจำปี","0100PAA101"
"10017722","20251001","99991231","3","พนักงานปกติ","W1","การประเมินปรับเงินเดือน","01","ปรับเงินประจำปี","0100PAA101"
"10017723","20251001","99991231","3","พนักงานปกติ","W1","การประเมินปรับเงินเดือน","01","ปรับเงินประจำปี","0100PAA101"
"10017724","20251001","99991231","3","พนักงานปกติ","W1","การประเมินปรับเงินเดือน","01","ปรับเงินประจำปี","0100PAA101"
"00038140","20191001","99991231","2","พนักงานเกษียณอายุ","V0","ปรับปรุงข้อมูลกำหนดทางองค์กร","","","IAM-HR04"
"00038211","20191001","99991231","2","พนักงานเกษียณอายุ","V0","ปรับปรุงข้อมูลกำหนดทางองค์กร","","","IAM-HR04"
"10017726","20251001","99991231","3","พนักงานปกติ","W1","การประเมินปรับเงินเดือน","01","ปรับเงินประจำปี","0100PAA101"
"10017727","20251001","99991231","3","พนักงานปกติ","W1","การประเมินปรับเงินเดือน","01","ปรับเงินประจำปี","0100PAA101"
"10017746","20251001","99991231","3","พนักงานปกติ","W1","การประเมินปรับเงินเดือน","01","ปรับเงินประจำปี","0100PAA101"
"80007404","20251001","99991231","1","ไม่ใช้งาน","ZW","จ้างงาน-บุคคลภายนอก","01","บรรจุ/จ้าง","2100HR01"
"10026221","20260401","20280331","3","พนักงานปกติ","Z5","เปลี่ยนสัญญา(ลาออกบรรจุกลับ)","02","จ้างงานใหม่-พนักงานวิสามัญ","0100PAA104"
"80000362","20230814","99991231","1","ไม่ใช้งาน","ZV","แต่งตั้งผ่านระบบอ.พิเศษ","","","0100PAA104"
"80001806","20201201","99991231","1","ไม่ใช้งาน","ZW","จ้างงาน-บุคคลภายนอก","01","บรรจุ/จ้าง","0100PAA104"
"80001962","20201001","99991231","1","ไม่ใช้งาน","ZW","จ้างงาน-บุคคลภายนอก","01","บรรจุ/จ้าง","0100PAA104"
"00038251","20221001","99991231","2","พนักงานเกษียณอายุ","Y8","เกษียณอายุราชการ(บำนาญ)","03","เกษียณอายุ","0100PAA104"
"00038302","20260401","99991231","3","พนักงานปกติ","XA","เลื่อนเงินเดือน"," "," ","0100PAA108"
"00038308","20260401","99991231","3","พนักงานปกติ","XA","เลื่อนเงินเดือน"," "," ","0100PAA108"
"00038295","20260401","99991231","3","พนักงานปกติ","XA","เลื่อนเงินเดือน"," "," ","0100PAA108"
"00038299","20231001","99991231","2","พนักงานเกษียณอายุ","Y8","เกษียณอายุราชการ(บำนาญ)","03","เกษียณอายุ","0100PAA102"
"10000394","20251001","99991231","3","พนักงานปกติ","W1","การประเมินปรับเงินเดือน","01","ปรับเงินประจำปี","0100PAA101"
"10017939","20251001","99991231","3","พนักงานปกติ","W1","การประเมินปรับเงินเดือน","01","ปรับเงินประจำปี","0100PAA101"
"00038294","20191001","99991231","2","พนักงานเกษียณอายุ","V0","ปรับปรุงข้อมูลกำหนดทางองค์กร","","","IAM-HR04"
"10026225","20260401","20280331","3","พนักงานปกติ","Z5","เปลี่ยนสัญญา(ลาออกบรรจุกลับ)","02","จ้างงานใหม่-พนักงานวิสามัญ","0100PAA104"
"00038619","20191001","99991231","1","ไม่ใช้งาน","V0","ปรับปรุงข้อมูลกำหนดทางองค์กร","","","IAM-HR04"
"00038626","20191001","99991231","2","พนักงานเกษียณอายุ","V0","ปรับปรุงข้อมูลกำหนดทางองค์กร","","","IAM-HR04"
"10026229","20260401","20280331","3","พนักงานปกติ","Z5","เปลี่ยนสัญญา(ลาออกบรรจุกลับ)","02","จ้างงานใหม่-พนักงานวิสามัญ","0100PAA104"
"10026226","20260401","20280331","3","พนักงานปกติ","Z5","เปลี่ยนสัญญา(ลาออกบรรจุกลับ)","02","จ้างงานใหม่-พนักงานวิสามัญ","0100PAA104"
"10019520","20251001","99991231","3","พนักงานปกติ","W1","การประเมินปรับเงินเดือน","01","ปรับเงินประจำปี","0100PAA101"
"10018172","20251001","99991231","3","พนักงานปกติ","W1","การประเมินปรับเงินเดือน","01","ปรับเงินประจำปี","0100PAA101"
"00038426","20260401","99991231","3","พนักงานปกติ","XA","เลื่อนเงินเดือน"," "," ","0100PAA108"
"10026227","20260401","20280331","3","พนักงานปกติ","Z5","เปลี่ยนสัญญา(ลาออกบรรจุกลับ)","02","จ้างงานใหม่-พนักงานวิสามัญ","0100PAA104"
"00038639","20191001","99991231","2","พนักงานเกษียณอายุ","V0","ปรับปรุงข้อมูลกำหนดทางองค์กร","","","IAM-HR04"
"10018177","20251001","99991231","3","พนักงานปกติ","W1","การประเมินปรับเงินเดือน","01","ปรับเงินประจำปี","0100PAA101"
"10018091","20251001","99991231","3","พนักงานปกติ","W1","การประเมินปรับเงินเดือน","01","ปรับเงินประจำปี","0100PAA101"
"10004183","20251001","99991231","3","พนักงานปกติ","W1","การประเมินปรับเงินเดือน","01","ปรับเงินประจำปี","0100PAA101"
"10018217","20251001","99991231","3","พนักงานปกติ","W1","การประเมินปรับเงินเดือน","01","ปรับเงินประจำปี","0100PAA101"
"10018228","20251001","99991231","3","พนักงานปกติ","W1","การประเมินปรับเงินเดือน","01","ปรับเงินประจำปี","0100PAA101"
"00038674","20191001","99991231","2","พนักงานเกษียณอายุ","V0","ปรับปรุงข้อมูลกำหนดทางองค์กร","","","IAM-HR04"
"10018200","20251001","99991231","3","พนักงานปกติ","W1","การประเมินปรับเงินเดือน","01","ปรับเงินประจำปี","0100PAA101"
"00038679","20260401","99991231","3","พนักงานปกติ","XA","เลื่อนเงินเดือน"," "," ","0100PAA108"
"00038688","20260401","99991231","3","พนักงานปกติ","XA","เลื่อนเงินเดือน"," "," ","0100PAA108"
"00038630","20191001","99991231","2","พนักงานเกษียณอายุ","V0","ปรับปรุงข้อมูลกำหนดทางองค์กร","","","IAM-HR04"
"00038631","20260401","99991231","3","พนักงานปกติ","XA","เลื่อนเงินเดือน"," "," ","0100PAA108"
"00038658","20211001","99991231","2","พนักงานเกษียณอายุ","Y8","เกษียณอายุราชการ(บำนาญ)","03","เกษียณอายุ","0100PAA104"
"10023056","20251001","99991231","3","พนักงานปกติ","W1","การประเมินปรับเงินเดือน","01","ปรับเงินประจำปี","0100PAA101"
"10018285","20251001","99991231","3","พนักงานปกติ","W1","การประเมินปรับเงินเดือน","01","ปรับเงินประจำปี","0100PAA101"
"10026082","20260101","99991231","3","พนักงานปกติ","W0","การประเมินต่อสัญญาจ้าง","05","ปรับเงินครบทดลองงาน(สัญญา1ปี)","0100PAA101"
"80002239","20220101","99991231","1","ไม่ใช้งาน","ZW","จ้างงาน-บุคคลภายนอก","01","บรรจุ/จ้าง","0100PAA104"
"00039321","20191001","99991231","1","ไม่ใช้งาน","V0","ปรับปรุงข้อมูลกำหนดทางองค์กร","","","IAM-HR04"
"10019162","20251001","99991231","3","พนักงานปกติ","W1","การประเมินปรับเงินเดือน","01","ปรับเงินประจำปี","0100PAA101"
"10017127","20251001","99991231","3","พนักงานปกติ","W1","การประเมินปรับเงินเดือน","01","ปรับเงินประจำปี","0100PAA101"
"00039356","20221001","99991231","2","พนักงานเกษียณอายุ","Y1","เกษียณอายุ(บำเหน็จรายเดือน)","03","เกษียณอายุ","0100PAA104"
"80002240","20211215","99991231","1","ไม่ใช้งาน","ZW","จ้างงาน-บุคคลภายนอก","01","บรรจุ/จ้าง","0100PAA104"
"80003716","20210113","99991231","1","ไม่ใช้งาน","ZW","จ้างงาน-บุคคลภายนอก","01","บรรจุ/จ้าง","0100PAA104"
"00039420","20191001","99991231","2","พนักงานเกษียณอายุ","V0","ปรับปรุงข้อมูลกำหนดทางองค์กร","","","IAM-HR04"
"10024112","20241001","20260930","3","พนักงานปกติ","Z5","เปลี่ยนสัญญา(ลาออกบรรจุกลับ)","02","จ้างงานใหม่-พนักงานวิสามัญ","0100PAA104"
"00040387","20260401","99991231","3","พนักงานปกติ","X0","บันทึกเลื่อนขั้น","01","0.5","0100PAA103"
"10024408","20241001","20260930","3","พนักงานปกติ","Z5","เปลี่ยนสัญญา(ลาออกบรรจุกลับ)","02","จ้างงานใหม่-พนักงานวิสามัญ","0100PAA104"
"10018872","20251001","99991231","3","พนักงานปกติ","W1","การประเมินปรับเงินเดือน","01","ปรับเงินประจำปี","0100PAA101"
"10018878","20251001","99991231","3","พนักงานปกติ","W1","การประเมินปรับเงินเดือน","01","ปรับเงินประจำปี","0100PAA101"
"00040481","20191001","99991231","2","พนักงานเกษียณอายุ","V0","ปรับปรุงข้อมูลกำหนดทางองค์กร","","","IAM-HR04"
"10026228","20260401","20280331","3","พนักงานปกติ","Z5","เปลี่ยนสัญญา(ลาออกบรรจุกลับ)","02","จ้างงานใหม่-พนักงานวิสามัญ","0100PAA104"
"10018921","20251001","99991231","3","พนักงานปกติ","W1","การประเมินปรับเงินเดือน","01","ปรับเงินประจำปี","0100PAA101"
"10019031","20251001","99991231","3","พนักงานปกติ","W1","การประเมินปรับเงินเดือน","01","ปรับเงินประจำปี","0100PAA101"
"10024488","20241001","20260930","3","พนักงานปกติ","Z5","เปลี่ยนสัญญา(ลาออกบรรจุกลับ)","02","จ้างงานใหม่-พนักงานวิสามัญ","0100PAA104"
"10026383","20260401","20280331","3","พนักงานปกติ","Z5","เปลี่ยนสัญญา(ลาออกบรรจุกลับ)","02","จ้างงานใหม่-พนักงานวิสามัญ","0100PAA104"
"00040674","20260401","99991231","3","พนักงานปกติ","XA","เลื่อนเงินเดือน"," "," ","0100PAA108"
"00040675","20191001","99991231","2","พนักงานเกษียณอายุ","V0","ปรับปรุงข้อมูลกำหนดทางองค์กร","","","IAM-HR04"
"00040680","20260401","99991231","3","พนักงานปกติ","XA","เลื่อนเงินเดือน"," "," ","0100PAA108"
"00040681","20191001","99991231","2","พนักงานเกษียณอายุ","V0","ปรับปรุงข้อมูลกำหนดทางองค์กร","","","IAM-HR04"
"00040689","20191001","99991231","2","พนักงานเกษียณอายุ","V0","ปรับปรุงข้อมูลกำหนดทางองค์กร","","","IAM-HR04"
"10019158","20251001","99991231","3","พนักงานปกติ","W1","การประเมินปรับเงินเดือน","01","ปรับเงินประจำปี","0100PAA101"
"10019160","20251001","99991231","3","พนักงานปกติ","W1","การประเมินปรับเงินเดือน","01","ปรับเงินประจำปี","0100PAA101"
"10019161","20251001","99991231","3","พนักงานปกติ","W1","การประเมินปรับเงินเดือน","01","ปรับเงินประจำปี","0100PAA101"
"10017567","20251001","99991231","3","พนักงานปกติ","W1","การประเมินปรับเงินเดือน","01","ปรับเงินประจำปี","0100PAA101"
"00039150","20260401","99991231","3","พนักงานปกติ","XA","เลื่อนเงินเดือน"," "," ","0100PAA108"
"80004765","20230801","99991231","1","ไม่ใช้งาน","ZW","จ้างงาน-บุคคลภายนอก","01","บรรจุ/จ้าง","0100PAA104"
"80006158","20240801","99991231","1","ไม่ใช้งาน","ZW","จ้างงาน-บุคคลภายนอก","01","บรรจุ/จ้าง","0100PAA104"
"00039373","20260401","99991231","3","พนักงานปกติ","XA","เลื่อนเงินเดือน"," "," ","0100PAA108"
"00039380","20260401","99991231","3","พนักงานปกติ","XA","เลื่อนเงินเดือน"," "," ","0100PAA108"
"00039381","20260401","99991231","3","พนักงานปกติ","XA","เลื่อนเงินเดือน"," "," ","0100PAA108"
"00039385","20260401","99991231","3","พนักงานปกติ","XA","เลื่อนเงินเดือน"," "," ","0100PAA108"
"00039409","20191001","99991231","2","พนักงานเกษียณอายุ","V0","ปรับปรุงข้อมูลกำหนดทางองค์กร","","","IAM-HR04"
"10020441","20251201","99991231","3","พนักงานปกติ","Z5","เปลี่ยนสัญญา(ลาออกบรรจุกลับ)","05","เปลี่ยนสัญญา (นับอายุงาน)","0100PAA104"
"00039428","20230801","99991231","2","พนักงานเกษียณอายุ","Y8","เกษียณอายุราชการ(บำนาญ)","01","ลาออก","0100PAA104"
"10026266","20250401","99991231","3","พนักงานปกติ","Z0","จ้างงาน-ผ่านการสรรหา","01","บรรจุ/จ้าง","0100PAA104"
"00039450","20260401","99991231","3","พนักงานปกติ","XA","เลื่อนเงินเดือน"," "," ","0100PAA108"
"00039459","20260401","99991231","3","พนักงานปกติ","XA","เลื่อนเงินเดือน"," "," ","0100PAA108"
"10018756","20251001","99991231","3","พนักงานปกติ","W1","การประเมินปรับเงินเดือน","01","ปรับเงินประจำปี","0100PAA101"
"00039461","20191001","99991231","1","ไม่ใช้งาน","V0","ปรับปรุงข้อมูลกำหนดทางองค์กร","","","IAM-HR04"
"10018793","20251001","99991231","3","พนักงานปกติ","W1","การประเมินปรับเงินเดือน","01","ปรับเงินประจำปี","0100PAA101"
"00040461","20260401","99991231","3","พนักงานปกติ","XA","เลื่อนเงินเดือน"," "," ","0100PAA108"
"00040510","20260401","99991231","3","พนักงานปกติ","XA","เลื่อนเงินเดือน"," "," ","0100PAA108"
"80005949","20241001","99991231","1","ไม่ใช้งาน","X3","การย้าย/เปลี่ยนตำแหน่ง","01","กรณีปกติ","0100PAA104"
"00040541","20191001","99991231","2","พนักงานเกษียณอายุ","V0","ปรับปรุงข้อมูลกำหนดทางองค์กร","","","IAM-HR04"
"00034230","20251001","99991231","2","พนักงานเกษียณอายุ","Y1","เกษียณอายุ(บำเหน็จรายเดือน)","03","เกษียณอายุ","0100PAA104"
"80005262","20230701","99991231","1","ไม่ใช้งาน","ZW","จ้างงาน-บุคคลภายนอก","01","บรรจุ/จ้าง","0100PAA102"
"80005399","20231101","99991231","1","ไม่ใช้งาน","ZW","จ้างงาน-บุคคลภายนอก","01","บรรจุ/จ้าง","2100HR01"
"00040549","20211001","99991231","2","พนักงานเกษียณอายุ","Y8","เกษียณอายุราชการ(บำนาญ)","03","เกษียณอายุ","0100PAA104"
"00040550","20191001","99991231","2","พนักงานเกษียณอายุ","V0","ปรับปรุงข้อมูลกำหนดทางองค์กร","","","IAM-HR04"
"10019365","20251001","99991231","3","พนักงานปกติ","W1","การประเมินปรับเงินเดือน","01","ปรับเงินประจำปี","0100PAA101"
"10003178","20251001","99991231","3","พนักงานปกติ","W1","การประเมินปรับเงินเดือน","01","ปรับเงินประจำปี","0100PAA101"
"00040670","20260401","99991231","3","พนักงานปกติ","XA","เลื่อนเงินเดือน"," "," ","0100PAA108"
"00040671","20260401","99991231","3","พนักงานปกติ","XA","เลื่อนเงินเดือน"," "," ","0100PAA108"
"00040673","20191001","99991231","1","ไม่ใช้งาน","V0","ปรับปรุงข้อมูลกำหนดทางองค์กร","","","IAM-HR04"
"00040677","20260401","99991231","3","พนักงานปกติ","XA","เลื่อนเงินเดือน"," "," ","0100PAA108"
"00040678","20191001","99991231","2","พนักงานเกษียณอายุ","V0","ปรับปรุงข้อมูลกำหนดทางองค์กร","","","IAM-HR04"
"00040679","20191001","99991231","2","พนักงานเกษียณอายุ","V0","ปรับปรุงข้อมูลกำหนดทางองค์กร","","","IAM-HR04"
"10019519","20251001","99991231","3","พนักงานปกติ","W1","การประเมินปรับเงินเดือน","01","ปรับเงินประจำปี","0100PAA101"
"10019159","20251001","99991231","3","พนักงานปกติ","W1","การประเมินปรับเงินเดือน","01","ปรับเงินประจำปี","0100PAA101"
"00040760","20260401","99991231","3","พนักงานปกติ","XA","เลื่อนเงินเดือน"," "," ","0100PAA108"
"10019267","20251001","99991231","3","พนักงานปกติ","W1","การประเมินปรับเงินเดือน","01","ปรับเงินประจำปี","0100PAA101"
"10019285","20251001","99991231","3","พนักงานปกติ","W1","การประเมินปรับเงินเดือน","01","ปรับเงินประจำปี","0100PAA101"
"10019319","20251001","99991231","3","พนักงานปกติ","W1","การประเมินปรับเงินเดือน","01","ปรับเงินประจำปี","0100PAA101"
"10019366","20251001","99991231","3","พนักงานปกติ","W1","การประเมินปรับเงินเดือน","01","ปรับเงินประจำปี","0100PAA101"
"10022656","20251001","99991231","3","พนักงานปกติ","W1","การประเมินปรับเงินเดือน","01","ปรับเงินประจำปี","0100PAA101"
"10023893","20260101","99991231","3","พนักงานปกติ","X2","เปลี่ยนสัญญา(ปรับวุฒิ/ตำแหน่ง)","04","เข้าสู่ตำแหน่ง-อ.เข้าสู่ผ.ศ.","0100PAA104"
"10017745","20251001","99991231","3","พนักงานปกติ","W1","การประเมินปรับเงินเดือน","01","ปรับเงินประจำปี","0100PAA101"
"10019413","20251001","99991231","3","พนักงานปกติ","W1","การประเมินปรับเงินเดือน","01","ปรับเงินประจำปี","0100PAA101"
"10023992","20241001","20260930","3","พนักงานปกติ","Z5","เปลี่ยนสัญญา(ลาออกบรรจุกลับ)","02","จ้างงานใหม่-พนักงานวิสามัญ","0100PAA104"
"10026147","20260201","99991231","3","พนักงานปกติ","W0","การประเมินต่อสัญญาจ้าง","05","ปรับเงินครบทดลองงาน(สัญญา1ปี)","0100PAA104"
"80004754","20240701","99991231","1","ไม่ใช้งาน","X3","การย้าย/เปลี่ยนตำแหน่ง","01","กรณีปกติ","0100PAA107"
"80004755","20230701","99991231","1","ไม่ใช้งาน","ZW","จ้างงาน-บุคคลภายนอก","01","บรรจุ/จ้าง","0100PAA104"
"00041031","20260401","99991231","3","พนักงานปกติ","X0","บันทึกเลื่อนขั้น","01","0.5","0100PAA103"
"10019649","20251001","99991231","3","พนักงานปกติ","W1","การประเมินปรับเงินเดือน","01","ปรับเงินประจำปี","0100PAA101"
"00041053","20260401","99991231","3","พนักงานปกติ","XA","เลื่อนเงินเดือน"," "," ","0100PAA108"
"00041055","20191001","99991231","2","พนักงานเกษียณอายุ","V0","ปรับปรุงข้อมูลกำหนดทางองค์กร","","","IAM-HR04"
"10019653","20251001","99991231","3","พนักงานปกติ","W1","การประเมินปรับเงินเดือน","01","ปรับเงินประจำปี","0100PAA101"
"10017230","20251001","99991231","3","พนักงานปกติ","W1","การประเมินปรับเงินเดือน","01","ปรับเงินประจำปี","0100PAA101"
"10019765","20251001","99991231","3","พนักงานปกติ","W1","การประเมินปรับเงินเดือน","01","ปรับเงินประจำปี","0100PAA101"
"10019768","20251001","99991231","3","พนักงานปกติ","W1","การประเมินปรับเงินเดือน","01","ปรับเงินประจำปี","0100PAA101"
"00041233","20191001","99991231","2","พนักงานเกษียณอายุ","V0","ปรับปรุงข้อมูลกำหนดทางองค์กร","","","IAM-HR04"
"00041234","20230701","99991231","2","พนักงานเกษียณอายุ","Y8","เกษียณอายุราชการ(บำนาญ)","01","ลาออก","0100PAA102"
"00041286","20191001","99991231","2","พนักงานเกษียณอายุ","V0","ปรับปรุงข้อมูลกำหนดทางองค์กร","","","IAM-HR04"
"00041287","20191001","99991231","1","ไม่ใช้งาน","V0","ปรับปรุงข้อมูลกำหนดทางองค์กร","","","IAM-HR04"
"00041288","20260401","99991231","3","พนักงานปกติ","XA","เลื่อนเงินเดือน"," "," ","0100PAA108"
"00041289","20260401","99991231","3","พนักงานปกติ","XA","เลื่อนเงินเดือน"," "," ","0100PAA108"
"10011221","20251001","99991231","3","พนักงานปกติ","W1","การประเมินปรับเงินเดือน","01","ปรับเงินประจำปี","0100PAA101"
"10018042","20251001","99991231","3","พนักงานปกติ","W1","การประเมินปรับเงินเดือน","01","ปรับเงินประจำปี","0100PAA101"
"10019301","20251001","99991231","3","พนักงานปกติ","W1","การประเมินปรับเงินเดือน","01","ปรับเงินประจำปี","0100PAA101"
"10019318","20251001","99991231","3","พนักงานปกติ","W1","การประเมินปรับเงินเดือน","01","ปรับเงินประจำปี","0100PAA101"
"10019393","20251001","99991231","3","พนักงานปกติ","W1","การประเมินปรับเงินเดือน","01","ปรับเงินประจำปี","0100PAA101"
"10019395","20251001","99991231","3","พนักงานปกติ","W1","การประเมินปรับเงินเดือน","01","ปรับเงินประจำปี","0100PAA101"
"10019414","20251001","99991231","3","พนักงานปกติ","W1","การประเมินปรับเงินเดือน","01","ปรับเงินประจำปี","0100PAA101"
"00042152","20191001","99991231","2","พนักงานเกษียณอายุ","V0","ปรับปรุงข้อมูลกำหนดทางองค์กร","","","IAM-HR04"
"00040767","20191001","99991231","2","พนักงานเกษียณอายุ","V0","ปรับปรุงข้อมูลกำหนดทางองค์กร","","","IAM-HR04"
"10020095","20251001","99991231","3","พนักงานปกติ","W1","การประเมินปรับเงินเดือน","01","ปรับเงินประจำปี","0100PAA101"
"10019462","20251001","99991231","3","พนักงานปกติ","W1","การประเมินปรับเงินเดือน","01","ปรับเงินประจำปี","0100PAA101"
"10020022","20251001","99991231","3","พนักงานปกติ","W1","การประเมินปรับเงินเดือน","01","ปรับเงินประจำปี","0100PAA101"
"00042118","20260401","99991231","3","พนักงานปกติ","XA","เลื่อนเงินเดือน"," "," ","0100PAA108"
"00040781","20260401","99991231","3","พนักงานปกติ","XA","เลื่อนเงินเดือน"," "," ","0100PAA108"
"10024107","20241001","20260930","3","พนักงานปกติ","Z5","เปลี่ยนสัญญา(ลาออกบรรจุกลับ)","02","จ้างงานใหม่-พนักงานวิสามัญ","0100PAA104"
"00089027","20191001","99991231","2","พนักงานเกษียณอายุ","V0","ปรับปรุงข้อมูลกำหนดทางองค์กร","","","IAM-HR04"
"10019637","20251001","99991231","3","พนักงานปกติ","W1","การประเมินปรับเงินเดือน","01","ปรับเงินประจำปี","0100PAA101"
"10019648","20251001","99991231","3","พนักงานปกติ","W1","การประเมินปรับเงินเดือน","01","ปรับเงินประจำปี","0100PAA101"
"10019650","20251001","99991231","3","พนักงานปกติ","W1","การประเมินปรับเงินเดือน","01","ปรับเงินประจำปี","0100PAA101"
"00089102","20191001","99991231","2","พนักงานเกษียณอายุ","V0","ปรับปรุงข้อมูลกำหนดทางองค์กร","","","IAM-HR04"
"10026230","20260401","20280331","3","พนักงานปกติ","Z5","เปลี่ยนสัญญา(ลาออกบรรจุกลับ)","02","จ้างงานใหม่-พนักงานวิสามัญ","0100PAA104"
"00041190","20260401","99991231","3","พนักงานปกติ","XA","เลื่อนเงินเดือน"," "," ","0100PAA108"
"00041191","20260401","99991231","3","พนักงานปกติ","XA","เลื่อนเงินเดือน"," "," ","0100PAA108"
"00041195","20260401","99991231","3","พนักงานปกติ","XA","เลื่อนเงินเดือน"," "," ","0100PAA108"
"00041200","20260401","99991231","3","พนักงานปกติ","XA","เลื่อนเงินเดือน"," "," ","0100PAA108"
"10026231","20260401","20280331","3","พนักงานปกติ","Z5","เปลี่ยนสัญญา(ลาออกบรรจุกลับ)","02","จ้างงานใหม่-พนักงานวิสามัญ","0100PAA104"
"10019810","20251001","99991231","3","พนักงานปกติ","W1","การประเมินปรับเงินเดือน","01","ปรับเงินประจำปี","0100PAA101"
"00041281","20260401","99991231","3","พนักงานปกติ","XA","เลื่อนเงินเดือน"," "," ","0100PAA108"
"00041332","20221001","99991231","1","ไม่ใช้งาน","YB","เปลี่ยนสถานภาพ ต่อกบข.","","","0100HRAD01"
"10019941","20251001","99991231","3","พนักงานปกติ","W1","การประเมินปรับเงินเดือน","01","ปรับเงินประจำปี","0100PAA101"
"00042125","20260401","99991231","3","พนักงานปกติ","XA","เลื่อนเงินเดือน"," "," ","0100PAA108"
"10023300","20251001","99991231","3","พนักงานปกติ","W1","การประเมินปรับเงินเดือน","01","ปรับเงินประจำปี","0100PAA101"
"00042145","20191001","99991231","1","ไม่ใช้งาน","V0","ปรับปรุงข้อมูลกำหนดทางองค์กร","","","IAM-HR04"
"00042146","20231001","99991231","1","ไม่ใช้งาน","YB","เปลี่ยนสถานภาพ ต่อกบข.","","","0100HRAD02"
"00089006","20191001","99991231","2","พนักงานเกษียณอายุ","V0","ปรับปรุงข้อมูลกำหนดทางองค์กร","","","IAM-HR04"
"00089063","20191001","99991231","2","พนักงานเกษียณอายุ","V0","ปรับปรุงข้อมูลกำหนดทางองค์กร","","","IAM-HR04"
"10016439","20251001","99991231","3","พนักงานปกติ","W1","การประเมินปรับเงินเดือน","01","ปรับเงินประจำปี","0100PAA101"
"10016494","20251001","99991231","3","พนักงานปกติ","W1","การประเมินปรับเงินเดือน","01","ปรับเงินประจำปี","0100PAA101"
"00089122","20260401","99991231","3","พนักงานปกติ","XA","เลื่อนเงินเดือน"," "," ","0100PAA108"
"00099011","20211001","99991231","2","พนักงานเกษียณอายุ","Y8","เกษียณอายุราชการ(บำนาญ)","03","เกษียณอายุ","0100PAA104"
"00099013","20191001","99991231","2","พนักงานเกษียณอายุ","V0","ปรับปรุงข้อมูลกำหนดทางองค์กร","","","IAM-HR04"
"10020320","20251001","99991231","3","พนักงานปกติ","W1","การประเมินปรับเงินเดือน","01","ปรับเงินประจำปี","0100PAA101"
"00036175","20260401","99991231","3","พนักงานปกติ","XA","เลื่อนเงินเดือน"," "," ","0100PAA108"
"10000398","20251201","99991231","3","พนักงานปกติ","W0","การประเมินต่อสัญญาจ้าง","01","ต่อสัญญาปฏิบัติงาน","0100PAA104"
"00040714","20260401","99991231","3","พนักงานปกติ","XA","เลื่อนเงินเดือน"," "," ","0100PAA108"
"10026432","20250701","99991231","3","พนักงานปกติ","Z1","จ้างงาน-ไม่ผ่านการสรรหา","01","บรรจุ/จ้าง","0100PAA104"
"10000522","20251001","99991231","3","พนักงานปกติ","W1","การประเมินปรับเงินเดือน","01","ปรับเงินประจำปี","0100PAA101"
"10023765","20251001","99991231","3","พนักงานปกติ","W1","การประเมินปรับเงินเดือน","01","ปรับเงินประจำปี","0100PAA101"
"10020492","20251001","99991231","3","พนักงานปกติ","W1","การประเมินปรับเงินเดือน","01","ปรับเงินประจำปี","0100PAA101"
"10016828","20251001","99991231","3","พนักงานปกติ","W1","การประเมินปรับเงินเดือน","01","ปรับเงินประจำปี","0100PAA101"
"10001104","20191001","99991231","2","พนักงานเกษียณอายุ","V0","ปรับปรุงข้อมูลกำหนดทางองค์กร","","","IAM-HR04"
"10000397","20251001","99991231","3","พนักงานปกติ","W1","การประเมินปรับเงินเดือน","01","ปรับเงินประจำปี","0100PAA101"
"10020691","20251001","99991231","3","พนักงานปกติ","W1","การประเมินปรับเงินเดือน","01","ปรับเงินประจำปี","0100PAA101"
"10020620","20251001","99991231","3","พนักงานปกติ","W1","การประเมินปรับเงินเดือน","01","ปรับเงินประจำปี","0100PAA101"
"10023956","20251001","99991231","3","พนักงานปกติ","W1","การประเมินปรับเงินเดือน","01","ปรับเงินประจำปี","0100PAA101"
"10020702","20251001","99991231","3","พนักงานปกติ","W1","การประเมินปรับเงินเดือน","01","ปรับเงินประจำปี","0100PAA101"
"00034254","20220601","99991231","2","พนักงานเกษียณอายุ","Y1","เกษียณอายุ(บำเหน็จรายเดือน)","01","ลาออก","0100PAA104"
"10020375","20251001","99991231","3","พนักงานปกติ","W1","การประเมินปรับเงินเดือน","01","ปรับเงินประจำปี","0100PAA101"
"10016887","20251001","99991231","3","พนักงานปกติ","W1","การประเมินปรับเงินเดือน","01","ปรับเงินประจำปี","0100PAA101"
"10020412","20251001","99991231","3","พนักงานปกติ","W1","การประเมินปรับเงินเดือน","01","ปรับเงินประจำปี","0100PAA101"
"10019299","20251001","99991231","3","พนักงานปกติ","W1","การประเมินปรับเงินเดือน","01","ปรับเงินประจำปี","0100PAA101"
"10025890","20260401","20280331","3","พนักงานปกติ","Z5","เปลี่ยนสัญญา(ลาออกบรรจุกลับ)","02","จ้างงานใหม่-พนักงานวิสามัญ","0100PAA104"
"10001650","20251001","99991231","3","พนักงานปกติ","W1","การประเมินปรับเงินเดือน","01","ปรับเงินประจำปี","0100PAA101"
"10016750","20251001","99991231","3","พนักงานปกติ","W1","การประเมินปรับเงินเดือน","01","ปรับเงินประจำปี","0100PAA101"
"10020538","20251001","99991231","3","พนักงานปกติ","W1","การประเมินปรับเงินเดือน","01","ปรับเงินประจำปี","0100PAA101"
"10001679","20251001","99991231","3","พนักงานปกติ","W1","การประเมินปรับเงินเดือน","01","ปรับเงินประจำปี","0100PAA101"
"10015354","20251001","99991231","3","พนักงานปกติ","W1","การประเมินปรับเงินเดือน","01","ปรับเงินประจำปี","0100PAA101"
"10020666","20251001","99991231","3","พนักงานปกติ","W1","การประเมินปรับเงินเดือน","01","ปรับเงินประจำปี","0100PAA101"
"10020668","20251001","99991231","3","พนักงานปกติ","W1","การประเมินปรับเงินเดือน","01","ปรับเงินประจำปี","0100PAA101"
"10001392","20251001","99991231","3","พนักงานปกติ","W1","การประเมินปรับเงินเดือน","01","ปรับเงินประจำปี","0100PAA101"
"10022975","20260301","99991231","3","พนักงานปกติ","X2","เปลี่ยนสัญญา(ปรับวุฒิ/ตำแหน่ง)","04","เข้าสู่ตำแหน่ง-อ.เข้าสู่ผ.ศ.","0100PAA104"
"10020736","20251001","99991231","3","พนักงานปกติ","W1","การประเมินปรับเงินเดือน","01","ปรับเงินประจำปี","0100PAA101"
"10001649","20251001","99991231","3","พนักงานปกติ","W1","การประเมินปรับเงินเดือน","01","ปรับเงินประจำปี","0100PAA101"
"10001651","20251001","99991231","3","พนักงานปกติ","W1","การประเมินปรับเงินเดือน","01","ปรับเงินประจำปี","0100PAA108"
"10020846","20251001","99991231","3","พนักงานปกติ","W1","การประเมินปรับเงินเดือน","01","ปรับเงินประจำปี","0100PAA101"
"10001680","20251001","99991231","3","พนักงานปกติ","W1","การประเมินปรับเงินเดือน","01","ปรับเงินประจำปี","0100PAA101"
"10020906","20251001","99991231","3","พนักงานปกติ","W1","การประเมินปรับเงินเดือน","01","ปรับเงินประจำปี","0100PAA101"
"00042144","20191001","99991231","2","พนักงานเกษียณอายุ","V0","ปรับปรุงข้อมูลกำหนดทางองค์กร","","","IAM-HR04"
"10021066","20251001","99991231","3","พนักงานปกติ","W1","การประเมินปรับเงินเดือน","01","ปรับเงินประจำปี","0100PAA101"
"10025893","20260401","20280331","3","พนักงานปกติ","Z5","เปลี่ยนสัญญา(ลาออกบรรจุกลับ)","02","จ้างงานใหม่-พนักงานวิสามัญ","0100PAA104"
"80007484","20251101","99991231","1","ไม่ใช้งาน","ZW","จ้างงาน-บุคคลภายนอก","01","บรรจุ/จ้าง","2100HR01"
"80007489","20251101","99991231","1","ไม่ใช้งาน","ZW","จ้างงาน-บุคคลภายนอก","01","บรรจุ/จ้าง","2100HR01"
"00036103","20251001","99991231","2","พนักงานเกษียณอายุ","Y8","เกษียณอายุราชการ(บำนาญ)","03","เกษียณอายุ","0100PAA104"
"00032025","20241001","99991231","2","พนักงานเกษียณอายุ","Y8","เกษียณอายุราชการ(บำนาญ)","03","เกษียณอายุ","0100PAA104"
"10000409","20251001","99991231","3","พนักงานปกติ","W1","การประเมินปรับเงินเดือน","01","ปรับเงินประจำปี","0100PAA101"
"10019812","20260105","99991231","3","พนักงานปกติ","X8","บันทึกการออกจากวาระตำแหน่ง"," "," ","0100OM01"
"10021705","20251001","99991231","3","พนักงานปกติ","W1","การประเมินปรับเงินเดือน","01","ปรับเงินประจำปี","0100PAA101"
"10016492","20251001","99991231","3","พนักงานปกติ","W1","การประเมินปรับเงินเดือน","01","ปรับเงินประจำปี","0100PAA101"
"10016495","20251001","99991231","3","พนักงานปกติ","W1","การประเมินปรับเงินเดือน","01","ปรับเงินประจำปี","0100PAA101"
"10002349","20251001","99991231","3","พนักงานปกติ","W1","การประเมินปรับเงินเดือน","01","ปรับเงินประจำปี","0100PAA101"
"10021142","20251001","99991231","3","พนักงานปกติ","W1","การประเมินปรับเงินเดือน","01","ปรับเงินประจำปี","0100PAA101"
"00039227","20251001","99991231","2","พนักงานเกษียณอายุ","Y8","เกษียณอายุราชการ(บำนาญ)","03","เกษียณอายุ","0100PAA104"
"10016253","20251001","99991231","3","พนักงานปกติ","W1","การประเมินปรับเงินเดือน","01","ปรับเงินประจำปี","0100PAA101"
"10021266","20251001","99991231","3","พนักงานปกติ","W1","การประเมินปรับเงินเดือน","01","ปรับเงินประจำปี","0100PAA101"
"10021493","20251001","99991231","3","พนักงานปกติ","W1","การประเมินปรับเงินเดือน","01","ปรับเงินประจำปี","0100PAA101"
"10021408","20251001","99991231","3","พนักงานปกติ","W1","การประเมินปรับเงินเดือน","01","ปรับเงินประจำปี","0100PAA101"
"10021798","20251001","99991231","3","พนักงานปกติ","W1","การประเมินปรับเงินเดือน","01","ปรับเงินประจำปี","0100PAA101"
"10021706","20251001","99991231","3","พนักงานปกติ","W1","การประเมินปรับเงินเดือน","01","ปรับเงินประจำปี","0100PAA101"
"10022492","20251001","99991231","3","พนักงานปกติ","W1","การประเมินปรับเงินเดือน","01","ปรับเงินประจำปี","0100PAA101"
"10022286","20251001","99991231","3","พนักงานปกติ","W1","การประเมินปรับเงินเดือน","01","ปรับเงินประจำปี","0100PAA101"
"10020285","20251001","99991231","3","พนักงานปกติ","W1","การประเมินปรับเงินเดือน","01","ปรับเงินประจำปี","0100PAA101"
"10022502","20251219","99991231","3","พนักงานปกติ","W0","การประเมินต่อสัญญาจ้าง","01","ต่อสัญญาปฏิบัติงาน","0100PAA104"
"10022421","20251001","99991231","3","พนักงานปกติ","W1","การประเมินปรับเงินเดือน","01","ปรับเงินประจำปี","0100PAA101"
"10013683","20251001","99991231","3","พนักงานปกติ","W1","การประเมินปรับเงินเดือน","01","ปรับเงินประจำปี","0100PAA101"
"10016831","20251001","99991231","3","พนักงานปกติ","W1","การประเมินปรับเงินเดือน","01","ปรับเงินประจำปี","0100PAA101"
"10022422","20251001","99991231","3","พนักงานปกติ","W1","การประเมินปรับเงินเดือน","01","ปรับเงินประจำปี","0100PAA101"
"10022498","20251001","99991231","3","พนักงานปกติ","W1","การประเมินปรับเงินเดือน","01","ปรับเงินประจำปี","0100PAA101"
"00036154","20251001","99991231","2","พนักงานเกษียณอายุ","Y8","เกษียณอายุราชการ(บำนาญ)","03","เกษียณอายุ","0100PAA104"
"80006852","20250301","99991231","1","ไม่ใช้งาน","ZW","จ้างงาน-บุคคลภายนอก","01","บรรจุ/จ้าง","2100HR01"
"80006853","20250301","99991231","1","ไม่ใช้งาน","ZW","จ้างงาน-บุคคลภายนอก","01","บรรจุ/จ้าง","2100HR01"
"80006854","20250201","99991231","1","ไม่ใช้งาน","ZW","จ้างงาน-บุคคลภายนอก","01","บรรจุ/จ้าง","2100HR01"
"80006156","20240801","99991231","1","ไม่ใช้งาน","ZW","จ้างงาน-บุคคลภายนอก","01","บรรจุ/จ้าง","0100PAA104"
"00038641","20221001","99991231","2","พนักงานเกษียณอายุ","Y8","เกษียณอายุราชการ(บำนาญ)","03","เกษียณอายุ","0100PAA104"
"10022775","20251001","99991231","3","พนักงานปกติ","W1","การประเมินปรับเงินเดือน","01","ปรับเงินประจำปี","0100PAA101"
"80006855","20250201","99991231","1","ไม่ใช้งาน","ZW","จ้างงาน-บุคคลภายนอก","01","บรรจุ/จ้าง","2100HR01"
"10022834","20251001","99991231","3","พนักงานปกติ","W1","การประเมินปรับเงินเดือน","01","ปรับเงินประจำปี","0100PAA101"
"10022924","20260301","99991231","3","พนักงานปกติ","W0","การประเมินต่อสัญญาจ้าง","01","ต่อสัญญาปฏิบัติงาน","0100PAA104"
"10001632","20251001","99991231","3","พนักงานปกติ","W1","การประเมินปรับเงินเดือน","01","ปรับเงินประจำปี","0100PAA101"
"10022967","20251001","99991231","3","พนักงานปกติ","W1","การประเมินปรับเงินเดือน","01","ปรับเงินประจำปี","0100PAA101"
"10023002","20251001","99991231","3","พนักงานปกติ","W1","การประเมินปรับเงินเดือน","01","ปรับเงินประจำปี","0100PAA101"
"10011760","20251001","99991231","3","พนักงานปกติ","W1","การประเมินปรับเงินเดือน","01","ปรับเงินประจำปี","0100PAA101"
"10016826","20251001","99991231","3","พนักงานปกติ","W1","การประเมินปรับเงินเดือน","01","ปรับเงินประจำปี","0100PAA101"
"10023096","20251001","99991231","3","พนักงานปกติ","W1","การประเมินปรับเงินเดือน","01","ปรับเงินประจำปี","0100PAA101"
"10002909","20251001","99991231","3","พนักงานปกติ","W1","การประเมินปรับเงินเดือน","01","ปรับเงินประจำปี","0100PAA101"
"10022964","20251001","99991231","3","พนักงานปกติ","W1","การประเมินปรับเงินเดือน","01","ปรับเงินประจำปี","0100PAA101"
"10004707","20251001","99991231","3","พนักงานปกติ","W1","การประเมินปรับเงินเดือน","01","ปรับเงินประจำปี","0100PAA101"
"10023240","20251001","99991231","3","พนักงานปกติ","W1","การประเมินปรับเงินเดือน","01","ปรับเงินประจำปี","0100PAA101"
"10023304","20251001","99991231","3","พนักงานปกติ","W1","การประเมินปรับเงินเดือน","01","ปรับเงินประจำปี","0100PAA101"
"80002609","20240805","99991231","1","ไม่ใช้งาน","ZV","แต่งตั้งผ่านระบบอ.พิเศษ","","","RPA01"
"10023396","20251001","99991231","3","พนักงานปกติ","W1","การประเมินปรับเงินเดือน","01","ปรับเงินประจำปี","0100PAA101"
"80007709","20260201","99991231","1","ไม่ใช้งาน","ZW","จ้างงาน-บุคคลภายนอก","01","บรรจุ/จ้าง","2100HR01"
"80005909","20260101","99991231","1","ไม่ใช้งาน","X3","การย้าย/เปลี่ยนตำแหน่ง"," "," ","0100PAA101"
"10021244","20251001","99991231","3","พนักงานปกติ","W1","การประเมินปรับเงินเดือน","01","ปรับเงินประจำปี","0100PAA101"
"80001567","20250201","99991231","1","ไม่ใช้งาน","X3","การย้าย/เปลี่ยนตำแหน่ง"," "," ","0100PAA101"
"10023660","20251001","99991231","3","พนักงานปกติ","W1","การประเมินปรับเงินเดือน","01","ปรับเงินประจำปี","0100PAA101"
"10023770","20251001","99991231","3","พนักงานปกติ","W1","การประเมินปรับเงินเดือน","01","ปรับเงินประจำปี","0100PAA101"
"80005950","20260101","99991231","1","ไม่ใช้งาน","X3","การย้าย/เปลี่ยนตำแหน่ง"," "," ","0100PAA101"
"10023957","20260101","99991231","3","พนักงานปกติ","W0","การประเมินต่อสัญญาจ้าง","01","ต่อสัญญาปฏิบัติงาน","0100PAA104"
"10023999","20260201","99991231","3","พนักงานปกติ","W0","การประเมินต่อสัญญาจ้าง","01","ต่อสัญญาปฏิบัติงาน","0100PAA104"
"10013658","20251001","99991231","3","พนักงานปกติ","W1","การประเมินปรับเงินเดือน","01","ปรับเงินประจำปี","0100PAA101"
"80006579","20260101","99991231","1","ไม่ใช้งาน","X3","การย้าย/เปลี่ยนตำแหน่ง"," "," ","0100PAA101"
"10024118","20251001","99991231","3","พนักงานปกติ","W1","การประเมินปรับเงินเดือน","01","ปรับเงินประจำปี","0100PAA101"
"10024124","20251001","99991231","3","พนักงานปกติ","W1","การประเมินปรับเงินเดือน","01","ปรับเงินประจำปี","0100PAA101"
"80006851","20250301","99991231","1","ไม่ใช้งาน","ZW","จ้างงาน-บุคคลภายนอก","01","บรรจุ/จ้าง","2100HR01"
"10024284","20251001","99991231","3","พนักงานปกติ","W1","การประเมินปรับเงินเดือน","01","ปรับเงินประจำปี","0100PAA101"
"10024321","20251001","99991231","3","พนักงานปกติ","W1","การประเมินปรับเงินเดือน","01","ปรับเงินประจำปี","0100PAA101"
"10024456","20251001","99991231","3","พนักงานปกติ","W1","การประเมินปรับเงินเดือน","01","ปรับเงินประจำปี","0100PAA101"
"10024402","20250701","99991231","3","พนักงานปกติ","W0","การประเมินต่อสัญญาจ้าง","05","ปรับเงินครบทดลองงาน(สัญญา1ปี)","0100PAA104"
"10023299","20251001","99991231","3","พนักงานปกติ","W1","การประเมินปรับเงินเดือน","01","ปรับเงินประจำปี","0100PAA101"
"10024657","20251001","99991231","3","พนักงานปกติ","W1","การประเมินปรับเงินเดือน","01","ปรับเงินประจำปี","0100PAA101"
"10020541","20251001","99991231","3","พนักงานปกติ","W1","การประเมินปรับเงินเดือน","01","ปรับเงินประจำปี","0100PAA101"
"10002311","20251001","99991231","3","พนักงานปกติ","W1","การประเมินปรับเงินเดือน","01","ปรับเงินประจำปี","0100PAA101"
"10023651","20251001","99991231","3","พนักงานปกติ","W1","การประเมินปรับเงินเดือน","01","ปรับเงินประจำปี","0100PAA101"
"10003224","20251001","99991231","3","พนักงานปกติ","W1","การประเมินปรับเงินเดือน","01","ปรับเงินประจำปี","0100PAA101"
"10023738","20251001","99991231","3","พนักงานปกติ","W1","การประเมินปรับเงินเดือน","01","ปรับเงินประจำปี","0100PAA101"
"80006207","20240801","99991231","1","ไม่ใช้งาน","ZW","จ้างงาน-บุคคลภายนอก","01","บรรจุ/จ้าง","2100HR03"
"10023602","20251001","99991231","3","พนักงานปกติ","W1","การประเมินปรับเงินเดือน","01","ปรับเงินประจำปี","0100PAA101"
"80005326","20250201","99991231","1","ไม่ใช้งาน","X3","การย้าย/เปลี่ยนตำแหน่ง"," "," ","0100PAA101"
"10023771","20251001","99991231","3","พนักงานปกติ","W1","การประเมินปรับเงินเดือน","01","ปรับเงินประจำปี","0100PAA101"
"10024696","20251001","99991231","3","พนักงานปกติ","W1","การประเมินปรับเงินเดือน","01","ปรับเงินประจำปี","0100PAA101"
"10016420","20251001","99991231","3","พนักงานปกติ","W1","การประเมินปรับเงินเดือน","01","ปรับเงินประจำปี","0100PAA101"
"10002567","20251001","99991231","3","พนักงานปกติ","W1","การประเมินปรับเงินเดือน","01","ปรับเงินประจำปี","0100PAA101"
"10001825","20251001","99991231","3","พนักงานปกติ","W1","การประเมินปรับเงินเดือน","01","ปรับเงินประจำปี","0100PAA101"
"10024154","20251001","99991231","3","พนักงานปกติ","W1","การประเมินปรับเงินเดือน","01","ปรับเงินประจำปี","0100PAA101"
"10024320","20251001","99991231","3","พนักงานปกติ","W1","การประเมินปรับเงินเดือน","01","ปรับเงินประจำปี","0100PAA101"
"10024330","20251001","99991231","3","พนักงานปกติ","W1","การประเมินปรับเงินเดือน","01","ปรับเงินประจำปี","0100PAA101"
"10024331","20251001","99991231","3","พนักงานปกติ","W1","การประเมินปรับเงินเดือน","01","ปรับเงินประจำปี","0100PAA101"
"10024368","20251001","99991231","3","พนักงานปกติ","W1","การประเมินปรับเงินเดือน","01","ปรับเงินประจำปี","0100PAA101"
"10003451","20251001","99991231","3","พนักงานปกติ","W1","การประเมินปรับเงินเดือน","01","ปรับเงินประจำปี","0100PAA101"
"10024656","20251001","99991231","3","พนักงานปกติ","W1","การประเมินปรับเงินเดือน","01","ปรับเงินประจำปี","0100PAA101"
"10024581","20251001","99991231","3","พนักงานปกติ","W1","การประเมินปรับเงินเดือน","01","ปรับเงินประจำปี","0100PAA101"
"10024806","20251001","99991231","3","พนักงานปกติ","W1","การประเมินปรับเงินเดือน","01","ปรับเงินประจำปี","0100PAA101"
"10024837","20251001","99991231","3","พนักงานปกติ","W1","การประเมินปรับเงินเดือน","01","ปรับเงินประจำปี","0100PAA101"
"10024839","20251001","99991231","3","พนักงานปกติ","W1","การประเมินปรับเงินเดือน","01","ปรับเงินประจำปี","0100PAA101"
"10001999","20251001","99991231","3","พนักงานปกติ","W1","การประเมินปรับเงินเดือน","01","ปรับเงินประจำปี","0100PAA101"
"10025061","20251001","99991231","3","พนักงานปกติ","W1","การประเมินปรับเงินเดือน","01","ปรับเงินประจำปี","0100PAA101"
"10003640","20251001","99991231","3","พนักงานปกติ","W1","การประเมินปรับเงินเดือน","01","ปรับเงินประจำปี","0100PAA101"
"10002015","20251001","99991231","3","พนักงานปกติ","W1","การประเมินปรับเงินเดือน","01","ปรับเงินประจำปี","0100PAA101"
"10003433","20251001","99991231","3","พนักงานปกติ","W1","การประเมินปรับเงินเดือน","01","ปรับเงินประจำปี","0100PAA101"
"80000206","20200101","99991231","1","ไม่ใช้งาน","V0","ปรับปรุงข้อมูลกำหนดทางองค์กร","","","0100PAA201"
"80000620","20191001","99991231","1","ไม่ใช้งาน","ZW","จ้างงาน-บุคคลภายนอก","01","บรรจุ/จ้าง","IAM-HR04"
"80000622","20191001","99991231","1","ไม่ใช้งาน","ZW","จ้างงาน-บุคคลภายนอก","01","บรรจุ/จ้าง","IAM-HR04"
"10025137","20251001","99991231","3","พนักงานปกติ","W1","การประเมินปรับเงินเดือน","01","ปรับเงินประจำปี","0100PAA101"
"10001690","20251001","99991231","3","พนักงานปกติ","W1","การประเมินปรับเงินเดือน","01","ปรับเงินประจำปี","0100PAA101"
"80000105","20191001","99991231","1","ไม่ใช้งาน","V0","ปรับปรุงข้อมูลกำหนดทางองค์กร","","","IAM-HR04"
"80000109","20191001","99991231","1","ไม่ใช้งาน","V0","ปรับปรุงข้อมูลกำหนดทางองค์กร","","","IAM-HR04"
"80000120","20191001","99991231","1","ไม่ใช้งาน","V0","ปรับปรุงข้อมูลกำหนดทางองค์กร","","","IAM-HR04"
"80001744","20201001","99991231","1","ไม่ใช้งาน","ZW","จ้างงาน-บุคคลภายนอก","01","บรรจุ/จ้าง","0100PAA202"
"10025458","20251001","99991231","3","พนักงานปกติ","W1","การประเมินปรับเงินเดือน","01","ปรับเงินประจำปี","0100PAA101"
"80001543","20210101","99991231","1","ไม่ใช้งาน","X3","การย้าย/เปลี่ยนตำแหน่ง","01","กรณีปกติ","0100PAA301"
"80001544","20220801","99991231","1","ไม่ใช้งาน","X3","การย้าย/เปลี่ยนตำแหน่ง","01","กรณีปกติ","0100PAA102"
"80001545","20220801","99991231","1","ไม่ใช้งาน","X3","การย้าย/เปลี่ยนตำแหน่ง","01","กรณีปกติ","0100PAA102"
"80001550","20210101","99991231","1","ไม่ใช้งาน","X3","การย้าย/เปลี่ยนตำแหน่ง","01","กรณีปกติ","0100PAA301"
"10025505","20251001","99991231","3","พนักงานปกติ","W1","การประเมินปรับเงินเดือน","01","ปรับเงินประจำปี","0100PAA101"
"80001595","20221001","99991231","1","ไม่ใช้งาน","X3","การย้าย/เปลี่ยนตำแหน่ง","01","กรณีปกติ","0100PAA104"
"80001777","20210101","99991231","1","ไม่ใช้งาน","ZW","จ้างงาน-บุคคลภายนอก","01","บรรจุ/จ้าง","0100PAA202"
"80001822","20210401","99991231","1","ไม่ใช้งาน","ZW","จ้างงาน-บุคคลภายนอก","01","บรรจุ/จ้าง","0100PAA104"
"80001867","20210201","99991231","1","ไม่ใช้งาน","ZW","จ้างงาน-บุคคลภายนอก","01","บรรจุ/จ้าง","0100PAA101"
"80001954","20210801","99991231","1","ไม่ใช้งาน","ZW","จ้างงาน-บุคคลภายนอก","01","บรรจุ/จ้าง","0100PAA104"
"00013127","20191001","99991231","2","พนักงานเกษียณอายุ","V0","ปรับปรุงข้อมูลกำหนดทางองค์กร","","","IAM-HR04"
"00038245","20260401","99991231","3","พนักงานปกติ","XA","เลื่อนเงินเดือน"," "," ","0100PAA108"
"80000501","20191001","99991231","1","ไม่ใช้งาน","V0","ปรับปรุงข้อมูลกำหนดทางองค์กร","","","IAM-HR04"
"80000623","20191001","99991231","1","ไม่ใช้งาน","ZW","จ้างงาน-บุคคลภายนอก","01","บรรจุ/จ้าง","IAM-HR04"
"80001541","20220801","99991231","1","ไม่ใช้งาน","X3","การย้าย/เปลี่ยนตำแหน่ง","01","กรณีปกติ","0100PAA102"
"80001691","20230201","99991231","1","ไม่ใช้งาน","X3","การย้าย/เปลี่ยนตำแหน่ง","01","กรณีปกติ","0100PAA104"
"80001933","20210401","99991231","1","ไม่ใช้งาน","ZW","จ้างงาน-บุคคลภายนอก","01","บรรจุ/จ้าง","0100PAA101"
"80002097","20211201","99991231","1","ไม่ใช้งาน","ZW","จ้างงาน-บุคคลภายนอก","01","บรรจุ/จ้าง","0100PAA104"
"80002169","20220101","99991231","1","ไม่ใช้งาน","ZW","จ้างงาน-บุคคลภายนอก","01","บรรจุ/จ้าง","0100PAA102"
"80002173","20220101","99991231","1","ไม่ใช้งาน","ZW","จ้างงาน-บุคคลภายนอก","01","บรรจุ/จ้าง","0100PAA104"
"80002176","20211201","99991231","1","ไม่ใช้งาน","ZW","จ้างงาน-บุคคลภายนอก","01","บรรจุ/จ้าง","0100PAA104"
"80002177","20230301","99991231","1","ไม่ใช้งาน","X3","การย้าย/เปลี่ยนตำแหน่ง","01","กรณีปกติ","0100PAA102"
"80002277","20220401","99991231","1","ไม่ใช้งาน","ZW","จ้างงาน-บุคคลภายนอก","01","บรรจุ/จ้าง","0100PAA104"
"80002309","20220201","99991231","1","ไม่ใช้งาน","ZW","จ้างงาน-บุคคลภายนอก","01","บรรจุ/จ้าง","0100PAA104"
"80002311","20220401","99991231","1","ไม่ใช้งาน","ZW","จ้างงาน-บุคคลภายนอก","01","บรรจุ/จ้าง","0100PAA104"
"80002346","20220601","99991231","1","ไม่ใช้งาน","ZW","จ้างงาน-บุคคลภายนอก","01","บรรจุ/จ้าง","0100PAA102"
"80002174","20220101","99991231","1","ไม่ใช้งาน","ZW","จ้างงาน-บุคคลภายนอก","01","บรรจุ/จ้าง","0100PAA104"
"80002175","20220101","99991231","1","ไม่ใช้งาน","ZW","จ้างงาน-บุคคลภายนอก","01","บรรจุ/จ้าง","0100PAA104"
"10019911","20251001","99991231","3","พนักงานปกติ","W1","การประเมินปรับเงินเดือน","01","ปรับเงินประจำปี","0100PAA101"
"80002245","20220301","99991231","1","ไม่ใช้งาน","ZW","จ้างงาน-บุคคลภายนอก","01","บรรจุ/จ้าง","0100PAA104"
"80002292","20220301","99991231","1","ไม่ใช้งาน","ZW","จ้างงาน-บุคคลภายนอก","01","บรรจุ/จ้าง","0100PAA104"
"80002308","20220301","99991231","1","ไม่ใช้งาน","ZW","จ้างงาน-บุคคลภายนอก","01","บรรจุ/จ้าง","0100PAA104"
"80002500","20220801","99991231","1","ไม่ใช้งาน","ZW","จ้างงาน-บุคคลภายนอก","01","บรรจุ/จ้าง","0100PAA102"
"80002347","20220401","99991231","1","ไม่ใช้งาน","ZW","จ้างงาน-บุคคลภายนอก","01","บรรจุ/จ้าง","0100PAA102"
"80002410","20220601","99991231","1","ไม่ใช้งาน","ZW","จ้างงาน-บุคคลภายนอก","01","บรรจุ/จ้าง","0100PAA105"
"80002501","20220901","99991231","1","ไม่ใช้งาน","ZW","จ้างงาน-บุคคลภายนอก","01","บรรจุ/จ้าง","0100PAA102"
"10023664","20251001","99991231","3","พนักงานปกติ","W1","การประเมินปรับเงินเดือน","01","ปรับเงินประจำปี","0100PAA101"
"10013593","20251001","99991231","3","พนักงานปกติ","W1","การประเมินปรับเงินเดือน","01","ปรับเงินประจำปี","0100PAA101"
"10026639","20251001","20260531","3","พนักงานปกติ","Z1","จ้างงาน-ไม่ผ่านการสรรหา","06","จ้างตามระเบียบ 60 ปี","0100PAA104"
"00036013","20241001","99991231","2","พนักงานเกษียณอายุ","Y8","เกษียณอายุราชการ(บำนาญ)","03","เกษียณอายุ","0100PAA104"
"10004710","20251001","99991231","3","พนักงานปกติ","W1","การประเมินปรับเงินเดือน","01","ปรับเงินประจำปี","0100PAA101"
"10001853","20251001","99991231","3","พนักงานปกติ","W1","การประเมินปรับเงินเดือน","01","ปรับเงินประจำปี","0100PAA101"
"80003618","20221101","99991231","1","ไม่ใช้งาน","ZW","จ้างงาน-บุคคลภายนอก","01","บรรจุ/จ้าง","0100PAA104"
"80003620","20221101","99991231","1","ไม่ใช้งาน","ZW","จ้างงาน-บุคคลภายนอก","01","บรรจุ/จ้าง","0100PAA104"
"80003624","20220901","99991231","1","ไม่ใช้งาน","ZW","จ้างงาน-บุคคลภายนอก","01","บรรจุ/จ้าง","0100PAA104"
"00037215","20251001","99991231","2","พนักงานเกษียณอายุ","Y1","เกษียณอายุ(บำเหน็จรายเดือน)","03","เกษียณอายุ","0100PAA104"
"80003717","20200801","99991231","1","ไม่ใช้งาน","ZW","จ้างงาน-บุคคลภายนอก","01","บรรจุ/จ้าง","2100HR01"
"80003820","20221201","99991231","1","ไม่ใช้งาน","ZW","จ้างงาน-บุคคลภายนอก","01","บรรจุ/จ้าง","0100PAA104"
"10000395","20251001","99991231","3","พนักงานปกติ","W1","การประเมินปรับเงินเดือน","01","ปรับเงินประจำปี","0100PAA101"
"10004154","20260301","99991231","3","พนักงานปกติ","X7","บันทึกตน.บริหาร ผู้บริหาร ฯลฯ"," "," ","0100OM01"
"80004453","20230201","99991231","1","ไม่ใช้งาน","ZW","จ้างงาน-บุคคลภายนอก","01","บรรจุ/จ้าง","0100PAA104"
"80004570","20230403","99991231","1","ไม่ใช้งาน","ZW","จ้างงาน-บุคคลภายนอก","01","บรรจุ/จ้าง","0100PAA105"
"10024784","20251001","99991231","3","พนักงานปกติ","W1","การประเมินปรับเงินเดือน","01","ปรับเงินประจำปี","0100PAA101"
"80004748","20230201","99991231","1","ไม่ใช้งาน","ZW","จ้างงาน-บุคคลภายนอก","01","บรรจุ/จ้าง","2100HR01"
"80004766","20230801","99991231","1","ไม่ใช้งาน","ZW","จ้างงาน-บุคคลภายนอก","01","บรรจุ/จ้าง","2100HR01"
"80004877","20230807","99991231","1","ไม่ใช้งาน","ZW","จ้างงาน-บุคคลภายนอก","02","แต่งตั้งผ่านระบบอ.พิเศษ","RPA01"
"00041066","20260401","99991231","3","พนักงานปกติ","XA","เลื่อนเงินเดือน"," "," ","0100PAA108"
"80005338","20230901","99991231","1","ไม่ใช้งาน","ZW","จ้างงาน-บุคคลภายนอก","01","บรรจุ/จ้าง","0100PAA104"
"10016754","20251001","99991231","3","พนักงานปกติ","W1","การประเมินปรับเงินเดือน","01","ปรับเงินประจำปี","0100PAA101"
"80005411","20231101","99991231","1","ไม่ใช้งาน","ZW","จ้างงาน-บุคคลภายนอก","01","บรรจุ/จ้าง","2100HR01"
"80005841","20240101","99991231","1","ไม่ใช้งาน","ZW","จ้างงาน-บุคคลภายนอก","01","บรรจุ/จ้าง","2100HR01"
"80005931","20240101","99991231","1","ไม่ใช้งาน","ZW","จ้างงาน-บุคคลภายนอก","01","บรรจุ/จ้าง","2100HR01"
"80005972","20240401","99991231","1","ไม่ใช้งาน","ZW","จ้างงาน-บุคคลภายนอก","01","บรรจุ/จ้าง","2100HR01"
"80005406","20231101","99991231","1","ไม่ใช้งาน","ZW","จ้างงาน-บุคคลภายนอก","01","บรรจุ/จ้าง","2100HR01"
"80005410","20231101","99991231","1","ไม่ใช้งาน","ZW","จ้างงาน-บุคคลภายนอก","01","บรรจุ/จ้าง","2100HR01"
"80005932","20240201","99991231","1","ไม่ใช้งาน","ZW","จ้างงาน-บุคคลภายนอก","01","บรรจุ/จ้าง","2100HR01"
"10026616","20251001","99991231","3","พนักงานปกติ","Z1","จ้างงาน-ไม่ผ่านการสรรหา","01","บรรจุ/จ้าง","0100PAA104"
"80004569","20230101","99991231","1","ไม่ใช้งาน","ZW","จ้างงาน-บุคคลภายนอก","01","บรรจุ/จ้าง","0100PAA105"
"80004721","20230401","99991231","1","ไม่ใช้งาน","ZW","จ้างงาน-บุคคลภายนอก","01","บรรจุ/จ้าง","0100PAA104"
"80005398","20231101","99991231","1","ไม่ใช้งาน","ZW","จ้างงาน-บุคคลภายนอก","01","บรรจุ/จ้าง","2100HR01"
"80005842","20240101","99991231","1","ไม่ใช้งาน","ZW","จ้างงาน-บุคคลภายนอก","01","บรรจุ/จ้าง","2100HR01"
"80005969","20240101","99991231","1","ไม่ใช้งาน","ZW","จ้างงาน-บุคคลภายนอก","01","บรรจุ/จ้าง","2100HR01"
"80005975","20240501","99991231","1","ไม่ใช้งาน","ZW","จ้างงาน-บุคคลภายนอก","01","บรรจุ/จ้าง","2100HR01"
"80006045","20240501","99991231","1","ไม่ใช้งาน","ZW","จ้างงาน-บุคคลภายนอก","01","บรรจุ/จ้าง","2100HR01"
"10025575","20250701","99991231","3","พนักงานปกติ","W0","การประเมินต่อสัญญาจ้าง","05","ปรับเงินครบทดลองงาน(สัญญา1ปี)","0100PAA104"
"00037116","20250201","99991231","2","พนักงานเกษียณอายุ","Y8","เกษียณอายุราชการ(บำนาญ)","01","ลาออก","0100PAA104"
"10024785","20251001","99991231","3","พนักงานปกติ","W1","การประเมินปรับเงินเดือน","01","ปรับเงินประจำปี","0100PAA101"
"10018045","20251001","99991231","3","พนักงานปกติ","W1","การประเมินปรับเงินเดือน","01","ปรับเงินประจำปี","0100PAA101"
"10019343","20251001","99991231","3","พนักงานปกติ","W1","การประเมินปรับเงินเดือน","01","ปรับเงินประจำปี","0100PAA101"
"10014300","20251001","99991231","3","พนักงานปกติ","W1","การประเมินปรับเงินเดือน","01","ปรับเงินประจำปี","0100PAA101"
"10026002","20251201","99991231","3","พนักงานปกติ","W0","การประเมินต่อสัญญาจ้าง","05","ปรับเงินครบทดลองงาน(สัญญา1ปี)","0100PAA104"
"10022367","20251001","99991231","3","พนักงานปกติ","W1","การประเมินปรับเงินเดือน","01","ปรับเงินประจำปี","0100PAA101"
"10022423","20251001","99991231","3","พนักงานปกติ","W1","การประเมินปรับเงินเดือน","01","ปรับเงินประจำปี","0100PAA101"
"80002223","20250901","99991231","1","ไม่ใช้งาน","X3","การย้าย/เปลี่ยนตำแหน่ง","01","กรณีปกติ","0100PAA101"
"80007382","20250901","99991231","1","ไม่ใช้งาน","ZW","จ้างงาน-บุคคลภายนอก","01","บรรจุ/จ้าง","2100HR01"
"80007383","20250901","99991231","1","ไม่ใช้งาน","ZW","จ้างงาน-บุคคลภายนอก","01","บรรจุ/จ้าง","2100HR01"
"80007385","20250901","99991231","1","ไม่ใช้งาน","ZW","จ้างงาน-บุคคลภายนอก","01","บรรจุ/จ้าง","2100HR01"
"80007386","20250901","99991231","1","ไม่ใช้งาน","ZW","จ้างงาน-บุคคลภายนอก","01","บรรจุ/จ้าง","2100HR01"
"80007387","20250901","99991231","1","ไม่ใช้งาน","ZW","จ้างงาน-บุคคลภายนอก","01","บรรจุ/จ้าง","2100HR01"
"80007388","20250901","99991231","1","ไม่ใช้งาน","ZW","จ้างงาน-บุคคลภายนอก","01","บรรจุ/จ้าง","2100HR01"
"80007389","20251001","99991231","1","ไม่ใช้งาน","ZW","จ้างงาน-บุคคลภายนอก","01","บรรจุ/จ้าง","2100HR01"
"80007390","20251001","99991231","1","ไม่ใช้งาน","ZW","จ้างงาน-บุคคลภายนอก","01","บรรจุ/จ้าง","2100HR01"
"80007391","20251001","99991231","1","ไม่ใช้งาน","ZW","จ้างงาน-บุคคลภายนอก","01","บรรจุ/จ้าง","2100HR01"
"10019411","20251001","99991231","3","พนักงานปกติ","W1","การประเมินปรับเงินเดือน","01","ปรับเงินประจำปี","0100PAA101"
"10018992","20251001","99991231","3","พนักงานปกติ","W1","การประเมินปรับเงินเดือน","01","ปรับเงินประจำปี","0100PAA101"
"10020048","20251001","99991231","3","พนักงานปกติ","W1","การประเมินปรับเงินเดือน","01","ปรับเงินประจำปี","0100PAA101"
"10026381","20250601","20260430","3","พนักงานปกติ","Z1","จ้างงาน-ไม่ผ่านการสรรหา","01","บรรจุ/จ้าง","0100PAA104"
"10026180","20260201","20270131","3","พนักงานปกติ","Z5","เปลี่ยนสัญญา(ลาออกบรรจุกลับ)","02","จ้างงานใหม่-พนักงานวิสามัญ","0100PAA104"
"00032090","20260401","99991231","3","พนักงานปกติ","XA","เลื่อนเงินเดือน"," "," ","0100PAA108"
"10002127","20260105","99991231","3","พนักงานปกติ","X7","บันทึกตน.บริหาร ผู้บริหาร ฯลฯ"," "," ","0100OM01"
"10025491","20260401","20280331","3","พนักงานปกติ","Z5","เปลี่ยนสัญญา(ลาออกบรรจุกลับ)","02","จ้างงานใหม่-พนักงานวิสามัญ","0100PAA104"
"10021064","20251001","99991231","3","พนักงานปกติ","W1","การประเมินปรับเงินเดือน","01","ปรับเงินประจำปี","0100PAA101"
"10025842","20251001","99991231","3","พนักงานปกติ","W0","การประเมินต่อสัญญาจ้าง","05","ปรับเงินครบทดลองงาน(สัญญา1ปี)","0100PAA104"
"10023070","20251001","99991231","3","พนักงานปกติ","W1","การประเมินปรับเงินเดือน","01","ปรับเงินประจำปี","0100PAA101"
"00039372","20251001","99991231","2","พนักงานเกษียณอายุ","Y8","เกษียณอายุราชการ(บำนาญ)","03","เกษียณอายุ","0100PAA104"
"00036116","20260401","99991231","3","พนักงานปกติ","XA","เลื่อนเงินเดือน"," "," ","0100PAA108"
"10025321","20251001","99991231","3","พนักงานปกติ","W1","การประเมินปรับเงินเดือน","01","ปรับเงินประจำปี","0100PAA101"
"10025442","20260401","20270331","3","พนักงานปกติ","Z5","เปลี่ยนสัญญา(ลาออกบรรจุกลับ)","04","จ้างงานใหม่-ตามระเบียบ 60 ปี","0100PAA104"
"10019775","20251001","99991231","3","พนักงานปกติ","W1","การประเมินปรับเงินเดือน","01","ปรับเงินประจำปี","0100PAA101"
"10019840","20251001","99991231","3","พนักงานปกติ","W1","การประเมินปรับเงินเดือน","01","ปรับเงินประจำปี","0100PAA101"
"10020496","20251001","99991231","3","พนักงานปกติ","W1","การประเมินปรับเงินเดือน","01","ปรับเงินประจำปี","0100PAA101"
"10014011","20251001","99991231","3","พนักงานปกติ","W1","การประเมินปรับเงินเดือน","01","ปรับเงินประจำปี","0100PAA101"
"10022774","20251001","99991231","3","พนักงานปกติ","W1","การประเมินปรับเงินเดือน","01","ปรับเงินประจำปี","0100PAA101"
"10023412","20251001","99991231","3","พนักงานปกติ","W1","การประเมินปรับเงินเดือน","01","ปรับเงินประจำปี","0100PAA101"
"10026956","20260401","20260930","3","พนักงานปกติ","Z1","จ้างงาน-ไม่ผ่านการสรรหา","01","บรรจุ/จ้าง","0100PAA104"
"10003444","20251001","99991231","3","พนักงานปกติ","W1","การประเมินปรับเงินเดือน","01","ปรับเงินประจำปี","0100PAA101"
"10017076","20251001","99991231","3","พนักงานปกติ","W1","การประเมินปรับเงินเดือน","01","ปรับเงินประจำปี","0100PAA101"
"10021952","20251001","99991231","3","พนักงานปกติ","W1","การประเมินปรับเงินเดือน","01","ปรับเงินประจำปี","0100PAA101"
"10023772","20251001","99991231","3","พนักงานปกติ","W1","การประเมินปรับเงินเดือน","01","ปรับเงินประจำปี","0100PAA101"
"10023397","20251001","99991231","3","พนักงานปกติ","W1","การประเมินปรับเงินเดือน","01","ปรับเงินประจำปี","0100PAA101"
"80007580","20260101","99991231","1","ไม่ใช้งาน","ZW","จ้างงาน-บุคคลภายนอก","01","บรรจุ/จ้าง","2100HR01"
"10019342","20251201","99991231","3","พนักงานปกติ","X2","เปลี่ยนสัญญา(ปรับวุฒิ/ตำแหน่ง)","06","เข้าสู่ตำแหน่ง-ผ.ศ.เข้าสู่ร.ศ.","0100PAA104"
"00036260","20260401","99991231","3","พนักงานปกติ","X0","บันทึกเลื่อนขั้น","01","0.5","0100PAA103"
"00037213","20241001","99991231","2","พนักงานเกษียณอายุ","Y1","เกษียณอายุ(บำเหน็จรายเดือน)","03","เกษียณอายุ","0100PAA104"
"10000419","20251001","99991231","3","พนักงานปกติ","W1","การประเมินปรับเงินเดือน","01","ปรับเงินประจำปี","0100PAA101"
"10000429","20251001","99991231","3","พนักงานปกติ","W1","การประเมินปรับเงินเดือน","01","ปรับเงินประจำปี","0100PAA101"
"10001856","20251001","99991231","3","พนักงานปกติ","W1","การประเมินปรับเงินเดือน","01","ปรับเงินประจำปี","0100PAA101"
"10023361","20251001","99991231","3","พนักงานปกติ","W1","การประเมินปรับเงินเดือน","01","ปรับเงินประจำปี","0100PAA101"
"10023658","20251001","99991231","3","พนักงานปกติ","W1","การประเมินปรับเงินเดือน","01","ปรับเงินประจำปี","0100PAA101"
"10024480","20251001","99991231","3","พนักงานปกติ","W1","การประเมินปรับเงินเดือน","01","ปรับเงินประจำปี","0100PAA101"
"10024733","20251001","99991231","3","พนักงานปกติ","W1","การประเมินปรับเงินเดือน","01","ปรับเงินประจำปี","0100PAA101"
"10024783","20251001","99991231","3","พนักงานปกติ","W1","การประเมินปรับเงินเดือน","01","ปรับเงินประจำปี","0100PAA101"
"10026235","20250301","20260930","3","พนักงานปกติ","Z1","จ้างงาน-ไม่ผ่านการสรรหา","01","บรรจุ/จ้าง","0100PAA104"
"10025829","20251001","99991231","3","พนักงานปกติ","W0","การประเมินต่อสัญญาจ้าง","05","ปรับเงินครบทดลองงาน(สัญญา1ปี)","0100PAA104"
"10025944","20251101","99991231","3","พนักงานปกติ","W0","การประเมินต่อสัญญาจ้าง","05","ปรับเงินครบทดลองงาน(สัญญา1ปี)","0100PAA104"
"10016749","20251001","99991231","3","พนักงานปกติ","W1","การประเมินปรับเงินเดือน","01","ปรับเงินประจำปี","0100PAA101"
"10017074","20251001","99991231","3","พนักงานปกติ","W1","การประเมินปรับเงินเดือน","01","ปรับเงินประจำปี","0100PAA101"
"10020766","20251001","99991231","3","พนักงานปกติ","W1","การประเมินปรับเงินเดือน","01","ปรับเงินประจำปี","0100PAA101"
"10024487","20241001","20260930","3","พนักงานปกติ","Z5","เปลี่ยนสัญญา(ลาออกบรรจุกลับ)","02","จ้างงานใหม่-พนักงานวิสามัญ","0100PAA104"
"10025572","20250701","99991231","3","พนักงานปกติ","W0","การประเมินต่อสัญญาจ้าง","05","ปรับเงินครบทดลองงาน(สัญญา1ปี)","0100PAA104"
"10024202","20251001","99991231","3","พนักงานปกติ","W1","การประเมินปรับเงินเดือน","01","ปรับเงินประจำปี","0100PAA101"
"00039347","20260401","99991231","3","พนักงานปกติ","XA","เลื่อนเงินเดือน"," "," ","0100PAA103"
