"PERSONNEL_ID","BEGIN_DATE","END_DATE","EDUCATION_LEVEL_ID","EDUCATION_LEVEL_NAME","INSTITUTION_ID","INSTITUTION_NAME","MAJOR_ID","MAJOR_NAME","DEGREE_ID","DEGREE_NAME","NATION_ID","NATION_NAME_TH","DISTINCTION_ID","DISTINCTION_NAME","HIGHEST_EDUCATION","HIGHEST_EDUCATION_TH","EMPLOY_EDUCATION_ID","EMPLOY_EDUCATION_NAME","GRADUATE_DATE"
"10026143","","99991231","F1","ปริญญาโท/เทียบเท่า","1200000832","University of Southern California","10000778","Petroleum Engineering","10503","Master of Science","US","USA"," "," "," ","ไม่","99997","วุฒิเพิ่มเติม","20050809"
"10026143","19980523","99991231","D1","ปริญญาตรี/เทียบเท่า","2200000003","จุฬาลงกรณ์มหาวิทยาลัย","20000871","วิศวกรรมเคมี","20256","วิทยาศาสตรบัณฑิต","TH","ไทย"," "," "," ","ไม่","99997","วุฒิเพิ่มเติม","20020321"
"10026143","","99991231","H1","ปริญญาเอก/เทียบเท่า","1200000832","University of Southern California","10000778","Petroleum Engineering","10314","Doctor of Philosophy","US","USA"," "," ","X","ใช่","99999","วุฒิเริ่มบรรจุ","20110810"
"00038241","19910101","99991231","D1","ปริญญาตรี/เทียบเท่า","2200000003","จุฬาลงกรณ์มหาวิทยาลัย","20001042","สำรวจ","20260","วิศวกรรมศาสตรบัณฑิต","TH","ไทย"," "," "," ","ไม่","99999","วุฒิเริ่มบรรจุ","19940101"
"00038241","","99991231","H1","ปริญญาเอก/เทียบเท่า","1200000797","University of Newcastle Upon Tyne","10000172","Civil Engineering","10297","Doctor of Engineering","GB","United Kingdom"," "," ","X","ใช่","99998","ปรับวุฒิ","20100601"
"00038241","19970528","99991231","F1","ปริญญาโท/เทียบเท่า","2200000003","จุฬาลงกรณ์มหาวิทยาลัย","20001042","สำรวจ","20261","วิศวกรรมศาสตรมหาบัณฑิต","TH","ไทย"," "," "," ","ไม่","99998","ปรับวุฒิ","19990528"
"10002763","19940101","99991231","F1","ปริญญาโท/เทียบเท่า","1200000852","University of Tokyo","10000213","Computer Science","10503","Master of Science","JP","Japan"," "," "," ","ไม่","99997","วุฒิเพิ่มเติม","19980101"
"10002763","19900101","99991231","D1","ปริญญาตรี/เทียบเท่า","2200000033","มหาวิทยาลัยธรรมศาสตร์","20000252","คอมพิวเตอร์ศึกษา","20256","วิทยาศาสตรบัณฑิต","TH","ไทย"," "," "," ","ไม่","99997","วุฒิเพิ่มเติม","19940101"
"10002763","19981001","99991231","H1","ปริญญาเอก/เทียบเท่า","1200000852","University of Tokyo","10000507","Information Science","10314","Doctor of Philosophy","JP","Japan"," "," ","X","ใช่","99999","วุฒิเริ่มบรรจุ","20030930"
"10026571","20190714","99991231","D1","ปริญญาตรี/เทียบเท่า","2200000003","จุฬาลงกรณ์มหาวิทยาลัย","20000878","วิศวกรรมไฟฟ้า","20260","วิศวกรรมศาสตรบัณฑิต","TH","ไทย"," "," ","X","ใช่","99999","วุฒิเริ่มบรรจุ","20230703"
"10026576","20150728","99991231","F1","ปริญญาโท/เทียบเท่า","2200000003","จุฬาลงกรณ์มหาวิทยาลัย","20000883","วิศวกรรมโยธา","20261","วิศวกรรมศาสตรมหาบัณฑิต","TH","ไทย"," "," "," ","ไม่","99997","วุฒิเพิ่มเติม","20170811"
"10026576","20190925","99991231","H1","ปริญญาเอก/เทียบเท่า","1200000595","Tokyo Institute of Technology","10000172","Civil Engineering","10314","Doctor of Philosophy","JP","Japan"," "," ","X","ใช่","99999","วุฒิเริ่มบรรจุ","20220922"
"10026576","20110525","99991231","D1","ปริญญาตรี/เทียบเท่า","2200000003","จุฬาลงกรณ์มหาวิทยาลัย","20000883","วิศวกรรมโยธา","20260","วิศวกรรมศาสตรบัณฑิต","TH","ไทย"," "," "," ","ไม่","99997","วุฒิเพิ่มเติม","20150622"
"10026576","20170922","99991231","F1","ปริญญาโท/เทียบเท่า","1200000595","Tokyo Institute of Technology","10000172","Civil Engineering","10461","Master of Engineering","JP","Japan"," "," "," ","ไม่","99997","วุฒิเพิ่มเติม","20190920"
"10026603","20190524","99991231","D1","ปริญญาตรี/เทียบเท่า","2200000062","มหาวิทยาลัยราชภัฏสวนสุนันทา","00000000","--ไม่สามารถระบุได้--","20245","รัฐประศาสนศาสตรบัณฑิต","TH","ไทย"," "," ","X","ใช่","99999","วุฒิเริ่มบรรจุ","20221216"
"10021501","20130522","99991231","D1","ปริญญาตรี/เทียบเท่า","2200000077","มหาวิทยาลัยศิลปากร","20000452","เทคโนโลยีสารสนเทศทางธุรกิจ","20256","วิทยาศาสตรบัณฑิต","TH","ไทย"," "," ","X","ใช่","99999","วุฒิเริ่มบรรจุ","20170528"
"00042010","19960521","99991231","F1","ปริญญาโท/เทียบเท่า","2200000003","จุฬาลงกรณ์มหาวิทยาลัย","20000899","วิศวกรรมอุตสาหการ","20261","วิศวกรรมศาสตรมหาบัณฑิต","TH","ไทย"," "," "," ","ไม่","99999","วุฒิเริ่มบรรจุ","19981021"
"00042010","19920101","99991231","D1","ปริญญาตรี/เทียบเท่า","2200000377","สถาบันเทคโนโลยีพระจอมเกล้าวิทยาเขตธนบุรี","20000899","วิศวกรรมอุตสาหการ","20260","วิศวกรรมศาสตรบัณฑิต","TH","ไทย"," "," "," ","ไม่","99997","วุฒิเพิ่มเติม","19960528"
"00042010","","99991231","H1","ปริญญาเอก/เทียบเท่า","1200000278","Kobe University","10000650","Mechanical Engineering","10314","Doctor of Philosophy","JP","Japan"," "," ","X","ใช่","99997","วุฒิเพิ่มเติม","20100601"
"00040548","19900101","99991231","D1","ปริญญาตรี/เทียบเท่า","2200000003","จุฬาลงกรณ์มหาวิทยาลัย","20000873","วิศวกรรมเครื่องกล","20260","วิศวกรรมศาสตรบัณฑิต","TH","ไทย"," "," "," ","ไม่","99999","วุฒิเริ่มบรรจุ","19940516"
"00040548","19990401","99991231","H1","ปริญญาเอก/เทียบเท่า","1200000852","University of Tokyo","10000650","Mechanical Engineering","10314","Doctor of Philosophy","JP","Japan"," "," ","X","ใช่","99998","ปรับวุฒิ","20030312"
"00040548","19940101","99991231","F1","ปริญญาโท/เทียบเท่า","2200000003","จุฬาลงกรณ์มหาวิทยาลัย","20000873","วิศวกรรมเครื่องกล","20261","วิศวกรรมศาสตรมหาบัณฑิต","TH","ไทย"," "," "," ","ไม่","99998","ปรับวุฒิ","19970513"
"10000393","20010908","99991231","D1","ปริญญาตรี/เทียบเท่า","2200000427","สถาบันราชภัฎวไลยอลงกรณ์","20000052","การจัดการทั่วไป","20043","บริหารธุรกิจบัณฑิต","TH","ไทย"," "," ","X","ใช่","99999","วุฒิเริ่มบรรจุ","20040211"
"10000393","19880601","99991231","C3","ปวส.หรือเทียบเท่า","2200000382","สถาบันเทคโนโลยีราชมงคล วิทยาเขตเทคนิคกรุงเทพ","20000243","คหกรรมศาสตร์ทั่วไป","20350","อนุปริญญา","TH","ไทย"," "," "," ","ไม่","99997","วุฒิเพิ่มเติม","19900330"
"10026074","20160727","99991231","H1","ปริญญาเอก/เทียบเท่า","2200000003","จุฬาลงกรณ์มหาวิทยาลัย","20000878","วิศวกรรมไฟฟ้า","20259","วิศวกรรมศาสตรดุษฎีบัณฑิต","TH","ไทย"," "," ","X","ใช่","99999","วุฒิเริ่มบรรจุ","20230803"
"10026074","20120601","99991231","D1","ปริญญาตรี/เทียบเท่า","2200000033","มหาวิทยาลัยธรรมศาสตร์","10000322","Electrical Engineering","10048","Bachelor of Engineering","TH","ไทย","00","เกียรตินิยมอันดับ 1"," ","ไม่","99997","วุฒิเพิ่มเติม","20160515"
"10026075","20220710","99991231","F1","ปริญญาโท/เทียบเท่า","2200000003","จุฬาลงกรณ์มหาวิทยาลัย","20000891","วิศวกรรมสำรวจ","20261","วิศวกรรมศาสตรมหาบัณฑิต","TH","ไทย"," "," ","X","ใช่","99999","วุฒิเริ่มบรรจุ","20240628"
"10026075","20180723","99991231","D1","ปริญญาตรี/เทียบเท่า","2200000003","จุฬาลงกรณ์มหาวิทยาลัย","20000891","วิศวกรรมสำรวจ","20260","วิศวกรรมศาสตรบัณฑิต","TH","ไทย","00","เกียรตินิยมอันดับ 1"," ","ไม่","99997","วุฒิเพิ่มเติม","20220711"
"10003091","19960601","99991231","F1","ปริญญาโท/เทียบเท่า","1200000329","Massachusetts Institute of Technology","10001019","Transportation Planning","10503","Master of Science","US","USA"," "," "," ","ไม่","99997","วุฒิเพิ่มเติม","19990217"
"10003091","19910531","99991231","D1","ปริญญาตรี/เทียบเท่า","2200000003","จุฬาลงกรณ์มหาวิทยาลัย","20000724","โยธา","20260","วิศวกรรมศาสตรบัณฑิต","TH","ไทย"," "," "," ","ไม่","99997","วุฒิเพิ่มเติม","19950424"
"10003091","19960601","99991231","H1","ปริญญาเอก/เทียบเท่า","1200000329","Massachusetts Institute of Technology","10001017","Transportation and Logistics Systems","10320","Doctor of Science","US","USA"," "," ","X","ใช่","99999","วุฒิเริ่มบรรจุ","20020220"
"10020283","20070611","99991231","D1","ปริญญาตรี/เทียบเท่า","2200000085","มหาวิทยาลัยหอการค้าไทย","20000864","วิทยุกระจายเสียงและวิทยุโทรทัศน์","20037","นิเทศศาสตรบัณฑิต","TH","ไทย"," "," ","X","ใช่","99999","วุฒิเริ่มบรรจุ","20110307"
"10026609","20160728","99991231","D1","ปริญญาตรี/เทียบเท่า","2200000003","จุฬาลงกรณ์มหาวิทยาลัย","20000871","วิศวกรรมเคมี","20260","วิศวกรรมศาสตรบัณฑิต","TH","ไทย"," "," ","X","ใช่","99999","วุฒิเริ่มบรรจุ","20210802"
"10026179","20190606","99991231","D1","ปริญญาตรี/เทียบเท่า","2200000077","มหาวิทยาลัยศิลปากร","20000663","ภาษาฝรั่งเศส","20312","ศิลปศาสตรบัณฑิต","TH","ไทย"," "," ","X","ใช่","99999","วุฒิเริ่มบรรจุ","20231208"
"10026649","20100802","99991231","F1","ปริญญาโท/เทียบเท่า","1200000418","Ohio State University","10000638","Materials Science and Engineering","10503","Master of Science","US","USA"," "," "," ","ไม่","99997","วุฒิเพิ่มเติม","20130804"
"10026649","20060919","99991231","D1","ปริญญาตรี/เทียบเท่า","1200000410","Northwestern University, Chicago","10000638","Materials Science and Engineering","10052","Bachelor of Science","US","USA"," "," "," ","ไม่","99997","วุฒิเพิ่มเติม","20100618"
"10026649","20130805","99991231","H1","ปริญญาเอก/เทียบเท่า","1200000418","Ohio State University","10000638","Materials Science and Engineering","10314","Doctor of Philosophy","US","USA"," "," ","X","ใช่","99999","วุฒิเริ่มบรรจุ","20150510"
"10017130","20050531","99991231","F1","ปริญญาโท/เทียบเท่า","2200000003","จุฬาลงกรณ์มหาวิทยาลัย","20001062","โสตทัศนศึกษา","20015","ครุศาสตรมหาบัณฑิต","TH","ไทย"," "," ","X","ใช่","99999","วุฒิเริ่มบรรจุ","20070518"
"00031010","19980504","99991231","D1","ปริญญาตรี/เทียบเท่า","2200000209","วิทยาลัยช่างกลปทุมวัน","20000644","ไฟฟ้า","20062","ประกาศนียบัตร","TH","ไทย"," "," ","X","ใช่","99997","วุฒิเพิ่มเติม","20010330"
"00031010","19840101","99991231","C3","ปวส.หรือเทียบเท่า","2200000209","วิทยาลัยช่างกลปทุมวัน","00000000","--ไม่สามารถระบุได้--","20172","ประกาศนียบัตรวิชาชีพชั้นสูง","TH","ไทย"," "," "," ","ไม่","99999","วุฒิเริ่มบรรจุ","19860101"
"10026745","20170922","99991231","F1","ปริญญาโท/เทียบเท่า","1200000595","Tokyo Institute of Technology","10000172","Civil Engineering","10461","Master of Engineering","JP","Japan"," "," ","X","ใช่","99997","วุฒิเพิ่มเติม","20190920"
"10026745","20130530","99991231","D1","ปริญญาตรี/เทียบเท่า","2200000003","จุฬาลงกรณ์มหาวิทยาลัย","20000883","วิศวกรรมโยธา","20260","วิศวกรรมศาสตรบัณฑิต","TH","ไทย","01","เกียรตินิยมอันดับ 2"," ","ไม่","99999","วุฒิเริ่มบรรจุ","20170619"
"10026745","20190925","99991231","H1","ปริญญาเอก/เทียบเท่า","1200000595","Tokyo Institute of Technology","10000172","Civil Engineering","10314","Doctor of Philosophy","JP","Japan"," "," ","X","ใช่","99997","วุฒิเพิ่มเติม","20220922"
"10025894","19860617","99991231","D1","ปริญญาตรี/เทียบเท่า","2200000056","มหาวิทยาลัยราชภัฏบ้านสมเด็จเจ้าพระยา","20000159","การศึกษา","20014","ครุศาสตรบัณฑิต","TH","ไทย"," "," ","X","ใช่","99999","วุฒิเริ่มบรรจุ","19880610"
"10025895","","99991231","D1","ปริญญาตรี/เทียบเท่า","2200000003","จุฬาลงกรณ์มหาวิทยาลัย","20001286","โภชนาการและการกำหนดอาหาร","20256","วิทยาศาสตรบัณฑิต","TH","ไทย"," "," ","X","ใช่","99999","วุฒิเริ่มบรรจุ","20220725"
"10024199","20120523","99991231","D1","ปริญญาตรี/เทียบเท่า","2200000003","จุฬาลงกรณ์มหาวิทยาลัย","20000883","วิศวกรรมโยธา","20260","วิศวกรรมศาสตรบัณฑิต","TH","ไทย","01","เกียรตินิยมอันดับ 2"," ","ไม่","99997","วุฒิเพิ่มเติม","20160620"
"10024199","20181001","99991231","H1","ปริญญาเอก/เทียบเท่า","1200000279","Kyoto University","00000000","--ไม่สามารถระบุได้--","10314","Doctor of Philosophy","JP","Japan"," "," ","X","ใช่","99999","วุฒิเริ่มบรรจุ","20210924"
"10024199","20161001","99991231","F1","ปริญญาโท/เทียบเท่า","1200000279","Kyoto University","00000000","--ไม่สามารถระบุได้--","10461","Master of Engineering","JP","Japan"," "," "," ","ไม่","99997","วุฒิเพิ่มเติม","20180925"
"10024735","20030929","99991231","F1","ปริญญาโท/เทียบเท่า","1200000870","University of Warwick","10000510","Information Technology","10503","Master of Science","GB","United Kingdom","01","เกียรตินิยมอันดับ 2"," ","ไม่","99997","วุฒิเพิ่มเติม","20040930"
"10024735","19980601","99991231","D1","ปริญญาตรี/เทียบเท่า","2200000049","มหาวิทยาลัยมหิดล","20000870","วิศวกรรมคอมพิวเตอร์","20260","วิศวกรรมศาสตรบัณฑิต","TH","ไทย","00","เกียรตินิยมอันดับ 1"," ","ไม่","99997","วุฒิเพิ่มเติม","20020425"
"10024735","20060116","99991231","H1","ปริญญาเอก/เทียบเท่า","1200000438","Pennsylvania State University","10000214","Computer Science and Engineering","10314","Doctor of Philosophy","US","USA"," "," ","X","ใช่","99999","วุฒิเริ่มบรรจุ","20100825"
"80007517","","99991231","H1","ปริญญาเอก/เทียบเท่า","1200000960","Wageningen University","10000370","Environmental Science","20255","วิทยาศาสตรดุษฎีบัณฑิต","NL","Netherlands"," "," "," ","ไม่","00001","--ไม่สามารถระบุได้--","20220101"
"80007517","","99991231","H1","ปริญญาเอก/เทียบเท่า","1200000960","Wageningen University","10000370","Environmental Science","20255","วิทยาศาสตรดุษฎีบัณฑิต","NL","Netherlands"," "," "," ","ไม่","00001","--ไม่สามารถระบุได้--","20220101"
"80007906","","99991231","H1","ปริญญาเอก/เทียบเท่า","1200000844","University of Texas at Austin","10000778","Petroleum Engineering","10526","Petroleum Engineering","US","USA"," "," "," ","ไม่","00001","--ไม่สามารถระบุได้--","20220101"
"10026912","20180719","99991231","F1","ปริญญาโท/เทียบเท่า","2200000003","จุฬาลงกรณ์มหาวิทยาลัย","20000878","วิศวกรรมไฟฟ้า","20261","วิศวกรรมศาสตรมหาบัณฑิต","TH","ไทย"," "," "," ","ไม่","99997","วุฒิเพิ่มเติม","20200807"
"10026912","20140813","99991231","D1","ปริญญาตรี/เทียบเท่า","2200000038","มหาวิทยาลัยบูรพา","20000878","วิศวกรรมไฟฟ้า","20260","วิศวกรรมศาสตรบัณฑิต","TH","ไทย"," "," "," ","ไม่","99997","วุฒิเพิ่มเติม","20180817"
"10026912","20200803","99991231","H1","ปริญญาเอก/เทียบเท่า","2200000003","จุฬาลงกรณ์มหาวิทยาลัย","20000878","วิศวกรรมไฟฟ้า","20259","วิศวกรรมศาสตรดุษฎีบัณฑิต","TH","ไทย"," "," ","X","ใช่","99999","วุฒิเริ่มบรรจุ","20250623"
"10026913","20160801","99991231","D1","ปริญญาตรี/เทียบเท่า","2200000375","สถาบันเทคโนโลยีพระจอมเกล้าเจ้าคุณทหารลาดกระบัง","00000000","--ไม่สามารถระบุได้--","20256","วิทยาศาสตรบัณฑิต","TH","ไทย"," "," ","X","ใช่","99999","วุฒิเริ่มบรรจุ","20200731"
"10026939","","99991231","D1","ปริญญาตรี/เทียบเท่า","2200000003","จุฬาลงกรณ์มหาวิทยาลัย","20000883","วิศวกรรมโยธา","20260","วิศวกรรมศาสตรบัณฑิต","TH","ไทย"," "," ","X","ใช่","99999","วุฒิเริ่มบรรจุ","19600101"
"10026940","19891001","99991231","H1","ปริญญาเอก/เทียบเท่า","1200000767","University of London","10000637","Materials Engineering","10314","Doctor of Philosophy","GB","United Kingdom"," "," ","X","ใช่","99999","วุฒิเริ่มบรรจุ","19921102"
"10026941","19770601","99991231","F1","ปริญญาโท/เทียบเท่า","2200000003","จุฬาลงกรณ์มหาวิทยาลัย","20000494","นิวเคลียร์เทคโนโลยี","20261","วิศวกรรมศาสตรมหาบัณฑิต","TH","ไทย"," "," ","X","ใช่","99999","วุฒิเริ่มบรรจุ","19791201"
"10026942","19860101","99991231","F1","ปริญญาโท/เทียบเท่า","2200000003","จุฬาลงกรณ์มหาวิทยาลัย","20000644","ไฟฟ้า","20261","วิศวกรรมศาสตรมหาบัณฑิต","TH","ไทย"," "," ","X","ใช่","99999","วุฒิเริ่มบรรจุ","19910101"
"10024836","20100607","99991231","D1","ปริญญาตรี/เทียบเท่า","2200000056","มหาวิทยาลัยราชภัฏบ้านสมเด็จเจ้าพระยา","20000864","วิทยุกระจายเสียงและวิทยุโทรทัศน์","20037","นิเทศศาสตรบัณฑิต","TH","ไทย"," "," "," ","ไม่","99999","วุฒิเริ่มบรรจุ","20140904"
"10024836","20151121","99991231","F1","ปริญญาโท/เทียบเท่า","2200000065","มหาวิทยาลัยรามคำแหง","20000045","การเงินและการธนาคาร","20044","บริหารธุรกิจมหาบัณฑิต","TH","ไทย"," "," ","X","ใช่","99997","วุฒิเพิ่มเติม","20171127"
"10002025","19940523","99991231","D1","ปริญญาตรี/เทียบเท่า","2200000032","มหาวิทยาลัยเทคโนโลยีสุรนารี","20000883","วิศวกรรมโยธา","20260","วิศวกรรมศาสตรบัณฑิต","TH","ไทย"," "," ","X","ใช่","99999","วุฒิเริ่มบรรจุ","19990403"
"10026304","20110801","99991231","H1","ปริญญาเอก/เทียบเท่า","1200000329","Massachusetts Institute of Technology","10000146","Chemical Engineeing","10314","Doctor of Philosophy","US","USA"," "," ","X","ใช่","99999","วุฒิเริ่มบรรจุ","20160603"
"10026304","20110801","99991231","F1","ปริญญาโท/เทียบเท่า","1200000329","Massachusetts Institute of Technology","10000147","Chemical Engineering","10503","Master of Science","US","USA"," "," "," ","ไม่","99997","วุฒิเพิ่มเติม","20130607"
"10017569","","99991231","D1","ปริญญาตรี/เทียบเท่า","2200000061","มหาวิทยาลัยราชภัฏสวนดุสิต","20000490","นิเทศศาสตร์","20312","ศิลปศาสตรบัณฑิต","TH","ไทย"," "," ","X","ใช่","99999","วุฒิเริ่มบรรจุ","20050331"
"10024950","20070528","99991231","D1","ปริญญาตรี/เทียบเท่า","2200000021","มหาวิทยาลัยเทคโนโลยีพระจอมเกล้าพระนครเหนือ","20000878","วิศวกรรมไฟฟ้า","20260","วิศวกรรมศาสตรบัณฑิต","TH","ไทย","00","เกียรตินิยมอันดับ 1"," ","ไม่","99997","วุฒิเพิ่มเติม","20110318"
"10024950","","99991231","H1","ปริญญาเอก/เทียบเท่า","1200000682","University of Adelaide","10000213","Computer Science","10314","Doctor of Philosophy","AU","Australia"," "," ","X","ใช่","99999","วุฒิเริ่มบรรจุ","20181231"
"10024950","20110524","99991231","F1","ปริญญาโท/เทียบเท่า","2200000003","จุฬาลงกรณ์มหาวิทยาลัย","20000878","วิศวกรรมไฟฟ้า","20261","วิศวกรรมศาสตรมหาบัณฑิต","TH","ไทย"," "," "," ","ไม่","99997","วุฒิเพิ่มเติม","20121112"
"10026778","20090528","99991231","D1","ปริญญาตรี/เทียบเท่า","2200000003","จุฬาลงกรณ์มหาวิทยาลัย","20000899","วิศวกรรมอุตสาหการ","20260","วิศวกรรมศาสตรบัณฑิต","TH","ไทย","01","เกียรตินิยมอันดับ 2"," ","ไม่","99997","วุฒิเพิ่มเติม","20130429"
"10026778","20141001","99991231","F1","ปริญญาโท/เทียบเท่า","1200000304","London School of Economics and Political Science","10000609","Management Science","10503","Master of Science","GB","United Kingdom"," "," "," ","ไม่","99997","วุฒิเพิ่มเติม","20151111"
"10026778","","99991231","F1","ปริญญาโท/เทียบเท่า","1200000671","University College, London","10000605","Management","10503","Master of Science","GB","United Kingdom"," "," "," ","ไม่","99997","วุฒิเพิ่มเติม","20141101"
"10026778","20171001","99991231","H1","ปริญญาเอก/เทียบเท่า","1200000714","University of Cambridge","10000336","Engineering","10314","Doctor of Philosophy","GB","United Kingdom"," "," ","X","ใช่","99999","วุฒิเริ่มบรรจุ","20210608"
"10026790","19890605","99991231","F1","ปริญญาโท/เทียบเท่า","1200000175","George Washington University","10000213","Computer Science","10503","Master of Science","US","USA"," "," ","X","ใช่","99999","วุฒิเริ่มบรรจุ","19910607"
"10002061","19940802","99991231","H1","ปริญญาเอก/เทียบเท่า","0000000000","--ไม่สามารถระบุได้--","10000364","Environmental Engineering","10314","Doctor of Philosophy","US","USA"," "," ","X","ใช่","99999","วุฒิเริ่มบรรจุ","19971221"
"10000408","19970101","99991231","D1","ปริญญาตรี/เทียบเท่า","2200000378","สถาบันเทคโนโลยีราชมงคล","20000957","ศิลปหัตถกรรม","20312","ศิลปศาสตรบัณฑิต","TH","ไทย"," "," ","X","ใช่","99999","วุฒิเริ่มบรรจุ","19990901"
"10026428","20190805","99991231","D1","ปริญญาตรี/เทียบเท่า","2200000375","สถาบันเทคโนโลยีพระจอมเกล้าเจ้าคุณทหารลาดกระบัง","20000883","วิศวกรรมโยธา","20260","วิศวกรรมศาสตรบัณฑิต","TH","ไทย"," "," ","X","ใช่","99999","วุฒิเริ่มบรรจุ","20230629"
"10026430","20200706","99991231","H1","ปริญญาเอก/เทียบเท่า","2200000003","จุฬาลงกรณ์มหาวิทยาลัย","20000883","วิศวกรรมโยธา","20255","วิทยาศาสตรดุษฎีบัณฑิต","TH","ไทย"," "," ","X","ใช่","99999","วุฒิเริ่มบรรจุ","20240802"
"10025012","19951001","99991231","H1","ปริญญาเอก/เทียบเท่า","1200000714","University of Cambridge","10000813","Physics","10314","Doctor of Philosophy","GB","United Kingdom"," "," ","X","ใช่","99999","วุฒิเริ่มบรรจุ","19990801"
"10026359","20080801","99991231","F1","ปริญญาโท/เทียบเท่า","1200000101","Colorado State University","10000336","Engineering","10461","Master of Engineering","US","USA"," "," "," ","ไม่","99997","วุฒิเพิ่มเติม","20100515"
"10026359","20010602","99991231","D1","ปริญญาตรี/เทียบเท่า","2200000079","มหาวิทยาลัยสงขลานครินทร์","20000704","เภสัชศาสตร์","20239","เภสัชศาสตรบัณฑิต","TH","ไทย","00","เกียรตินิยมอันดับ 1"," ","ไม่","99997","วุฒิเพิ่มเติม","20060223"
"10026359","20100802","99991231","H1","ปริญญาเอก/เทียบเท่า","1200000711","University of California, San Diego","00000000","--ไม่สามารถระบุได้--","10314","Doctor of Philosophy","US","USA"," "," ","X","ใช่","99999","วุฒิเริ่มบรรจุ","20140906"
"10026820","20140512","99991231","C3","ปวส.หรือเทียบเท่า","2200000259","วิทยาลัยเทคนิคลพบุรี","20001125","อิเล็กทรอนิกส์","20172","ประกาศนียบัตรวิชาชีพชั้นสูง","TH","ไทย"," "," ","X","ใช่","99999","วุฒิเริ่มบรรจุ","20160309"
"10024584","20090526","99991231","F1","ปริญญาโท/เทียบเท่า","2200000003","จุฬาลงกรณ์มหาวิทยาลัย","00000000","--ไม่สามารถระบุได้--","20261","วิศวกรรมศาสตรมหาบัณฑิต","TH","ไทย"," "," "," ","ไม่","99997","วุฒิเพิ่มเติม","20111114"
"10024584","20020603","99991231","D1","ปริญญาตรี/เทียบเท่า","2200000011","มหาวิทยาลัยเกษตรศาสตร์","20000878","วิศวกรรมไฟฟ้า","20260","วิศวกรรมศาสตรบัณฑิต","TH","ไทย"," "," "," ","ไม่","99997","วุฒิเพิ่มเติม","20060313"
"10024584","","99991231","H1","ปริญญาเอก/เทียบเท่า","1200000186","Grenoble University","00000000","--ไม่สามารถระบุได้--","10314","Doctor of Philosophy","FR","France"," "," ","X","ใช่","99999","วุฒิเริ่มบรรจุ","20150127"
"10023929","20040601","99991231","D1","ปริญญาตรี/เทียบเท่า","2200000003","จุฬาลงกรณ์มหาวิทยาลัย","10000663","Metallurgical and Materials Engineering","10048","Bachelor of Engineering","TH","ไทย","01","เกียรตินิยมอันดับ 2"," ","ไม่","99997","วุฒิเพิ่มเติม","20080401"
"10023929","20150728","99991231","H1","ปริญญาเอก/เทียบเท่า","2200000003","จุฬาลงกรณ์มหาวิทยาลัย","00000000","--ไม่สามารถระบุได้--","20259","วิศวกรรมศาสตรดุษฎีบัณฑิต","TH","ไทย"," "," ","X","ใช่","99999","วุฒิเริ่มบรรจุ","20210115"
"10023929","20080527","99991231","F1","ปริญญาโท/เทียบเท่า","2200000003","จุฬาลงกรณ์มหาวิทยาลัย","00000000","--ไม่สามารถระบุได้--","20261","วิศวกรรมศาสตรมหาบัณฑิต","TH","ไทย"," "," "," ","ไม่","99997","วุฒิเพิ่มเติม","20110926"
"10026847","20200713","99991231","D1","ปริญญาตรี/เทียบเท่า","2200000011","มหาวิทยาลัยเกษตรศาสตร์","20000047","การจัดการ","20043","บริหารธุรกิจบัณฑิต","TH","ไทย"," "," ","X","ใช่","99999","วุฒิเริ่มบรรจุ","20240401"
"00038419","19910101","99991231","D1","ปริญญาตรี/เทียบเท่า","2200000003","จุฬาลงกรณ์มหาวิทยาลัย","20000724","โยธา","20260","วิศวกรรมศาสตรบัณฑิต","TH","ไทย"," "," "," ","ไม่","99999","วุฒิเริ่มบรรจุ","19950101"
"00038419","19990801","99991231","H1","ปริญญาเอก/เทียบเท่า","1200000704","University of California","10001018","Transportation Engineering","10314","Doctor of Philosophy","US","USA"," "," ","X","ใช่","99998","ปรับวุฒิ","20021119"
"00038419","19960101","99991231","F1","ปริญญาโท/เทียบเท่า","0000000000","--ไม่สามารถระบุได้--","10001018","Transportation Engineering","10503","Master of Science","US","USA"," "," "," ","ไม่","99997","วุฒิเพิ่มเติม","19980101"
"00032103","19850101","99991231","F1","ปริญญาโท/เทียบเท่า","2200000003","จุฬาลงกรณ์มหาวิทยาลัย","20000878","วิศวกรรมไฟฟ้า","20261","วิศวกรรมศาสตรมหาบัณฑิต","TH","ไทย"," "," ","X","ใช่","99998","ปรับวุฒิ","19890101"
"00032103","19820101","99991231","D1","ปริญญาตรี/เทียบเท่า","2200000003","จุฬาลงกรณ์มหาวิทยาลัย","20000878","วิศวกรรมไฟฟ้า","20260","วิศวกรรมศาสตรบัณฑิต","TH","ไทย"," "," "," ","ไม่","99999","วุฒิเริ่มบรรจุ","19850101"
"10002815","19910801","99991231","D1","ปริญญาตรี/เทียบเท่า","1200000329","Massachusetts Institute of Technology","10000214","Computer Science and Engineering","10052","Bachelor of Science","US","USA"," "," "," ","ไม่","99997","วุฒิเพิ่มเติม","19950609"
"10002815","19960901","99991231","F1","ปริญญาโท/เทียบเท่า","1200000546","Stanford University","10000338","Engineering Economic Systems and Or","10503","Master of Science","US","USA"," "," "," ","ไม่","99999","วุฒิเริ่มบรรจุ","19970615"
"10002815","19950801","99991231","F1","ปริญญาโท/เทียบเท่า","1200000329","Massachusetts Institute of Technology","10000214","Computer Science and Engineering","10461","Master of Engineering","US","USA"," "," "," ","ไม่","99997","วุฒิเพิ่มเติม","19960607"
"10002815","19970901","99991231","H1","ปริญญาเอก/เทียบเท่า","1200000546","Stanford University","10000610","Management Science and Engineering","10314","Doctor of Philosophy","US","USA"," "," ","X","ใช่","99997","วุฒิเพิ่มเติม","20040108"
"10025764","20130529","99991231","F1","ปริญญาโท/เทียบเท่า","2200000003","จุฬาลงกรณ์มหาวิทยาลัย","20000870","วิศวกรรมคอมพิวเตอร์","20261","วิศวกรรมศาสตรมหาบัณฑิต","TH","ไทย"," "," "," ","ไม่","99997","วุฒิเพิ่มเติม","20140825"
"10025764","20080328","99991231","D1","ปริญญาตรี/เทียบเท่า","2200000003","จุฬาลงกรณ์มหาวิทยาลัย","20000870","วิศวกรรมคอมพิวเตอร์","20260","วิศวกรรมศาสตรบัณฑิต","TH","ไทย"," "," "," ","ไม่","99997","วุฒิเพิ่มเติม","20130429"
"10025764","20170801","99991231","H1","ปริญญาเอก/เทียบเท่า","2200000003","จุฬาลงกรณ์มหาวิทยาลัย","20000870","วิศวกรรมคอมพิวเตอร์","20259","วิศวกรรมศาสตรดุษฎีบัณฑิต","TH","ไทย"," "," ","X","ใช่","99999","วุฒิเริ่มบรรจุ","20220805"
"10004087","20011001","99991231","H1","ปริญญาเอก/เทียบเท่า","1200000852","University of Tokyo","10001032","Urban Engineering","10297","Doctor of Engineering","JP","Japan"," "," ","X","ใช่","99999","วุฒิเริ่มบรรจุ","20040930"
"00033029","19780101","99991231","D1","ปริญญาตรี/เทียบเท่า","2200000003","จุฬาลงกรณ์มหาวิทยาลัย","20001027","สัตววิทยา","20256","วิทยาศาสตรบัณฑิต","TH","ไทย"," "," "," ","ไม่","99999","วุฒิเริ่มบรรจุ","19820101"
"00033029","20000523","99991231","H1","ปริญญาเอก/เทียบเท่า","2200000003","จุฬาลงกรณ์มหาวิทยาลัย","10000366","Environmental Management","10314","Doctor of Philosophy","TH","ไทย"," "," ","X","ใช่","99998","ปรับวุฒิ","20051019"
"00033029","19830101","99991231","F1","ปริญญาโท/เทียบเท่า","2200000049","มหาวิทยาลัยมหิดล","20000357","ชีววิทยาสภาวะแวดล้อม","20258","วิทยาศาสตรมหาบัณฑิต","TH","ไทย"," "," "," ","ไม่","99998","ปรับวุฒิ","19860101"
"10015468","","99991231","F1","ปริญญาโท/เทียบเท่า","1200000832","University of Southern California","10000213","Computer Science","10503","Master of Science","US","USA"," "," "," ","ไม่","99997","วุฒิเพิ่มเติม","19941212"
"10015468","19880606","99991231","D1","ปริญญาตรี/เทียบเท่า","2200000003","จุฬาลงกรณ์มหาวิทยาลัย","20000870","วิศวกรรมคอมพิวเตอร์","20260","วิศวกรรมศาสตรบัณฑิต","TH","ไทย"," "," "," ","ไม่","99997","วุฒิเพิ่มเติม","19920527"
"10015468","","99991231","H1","ปริญญาเอก/เทียบเท่า","1200000774","University of Maryland","10000213","Computer Science","10314","Doctor of Philosophy","US","USA"," "," ","X","ใช่","99999","วุฒิเริ่มบรรจุ","20011220"
"10000417","19950601","99991231","C3","ปวส.หรือเทียบเท่า","2100000017","โรงเรียนกรุงเทพการบัญชีวิทยาลัย","20000528","บัญชี","20172","ประกาศนียบัตรวิชาชีพชั้นสูง","TH","ไทย"," "," "," ","ไม่","99999","วุฒิเริ่มบรรจุ","19970325"
"10000417","19971101","99991231","D1","ปริญญาตรี/เทียบเท่า","2200000056","มหาวิทยาลัยราชภัฏบ้านสมเด็จเจ้าพระยา","20000057","การจัดการทั่วไป, การบัญชี","20312","ศิลปศาสตรบัณฑิต","TH","ไทย"," "," ","X","ใช่","99997","วุฒิเพิ่มเติม","20010403"
"00012039","19650101","99991231","D1","ปริญญาตรี/เทียบเท่า","2200000003","จุฬาลงกรณ์มหาวิทยาลัย","00000000","--ไม่สามารถระบุได้--","20260","วิศวกรรมศาสตรบัณฑิต","TH","ไทย"," "," "," ","ไม่","99999","วุฒิเริ่มบรรจุ","19690101"
"00012039","19700101","99991231","H1","ปริญญาเอก/เทียบเท่า","1200000340","Michigan University","00000000","--ไม่สามารถระบุได้--","20212","ปริญญาเอก","TH","ไทย"," "," ","X","ใช่","99998","ปรับวุฒิ","19750101"
"00041033","19700501","99991231","A1","ประถมศึกษาตอนต้น","2100001180","โรงเรียนวัดไพรฑูรย์วิทยาราม","00000000","--ไม่สามารถระบุได้--","20194","ประถมศึกษาตอนต้น(ป.4)","TH","ไทย"," "," ","X","ใช่","99999","วุฒิเริ่มบรรจุ","19730312"
"00010002","","99991231","E1","สูงกว่าตรี/ต่ำกว่าโท","1200000390","New Zealand Electricity Department","00000000","--ไม่สามารถระบุได้--","10068","Certificate","NZ","New Zealand"," "," "," ","ไม่","99998","ปรับวุฒิ","19660101"
"00010002","19620101","99991231","D1","ปริญญาตรี/เทียบเท่า","1200000716","University of Canterbury","00000000","--ไม่สามารถระบุได้--","10047","Bachelor of Electrical Engineer","NZ","New Zealand"," "," "," ","ไม่","99999","วุฒิเริ่มบรรจุ","19650101"
"00010002","","99991231","H1","ปริญญาเอก/เทียบเท่า","1200000179","Georgia Institute of Technology","00000000","--ไม่สามารถระบุได้--","20212","ปริญญาเอก","US","USA"," "," ","X","ใช่","99998","ปรับวุฒิ","19750101"
"10002442","20040601","99991231","D1","ปริญญาตรี/เทียบเท่า","2200000003","จุฬาลงกรณ์มหาวิทยาลัย","00000000","--ไม่สามารถระบุได้--","20034","นิติศาสตรบัณฑิต","TH","ไทย"," "," "," ","ไม่","99997","วุฒิเพิ่มเติม","20070430"
"10002442","19970819","99991231","H1","ปริญญาเอก/เทียบเท่า","1200000781","University of Michigan","10000172","Civil Engineering","10527","Philosophy Degree","US","USA"," "," ","X","ใช่","99997","วุฒิเพิ่มเติม","20030430"
"10002442","19910501","99991231","D1","ปริญญาตรี/เทียบเท่า","2200000003","จุฬาลงกรณ์มหาวิทยาลัย","20000883","วิศวกรรมโยธา","20260","วิศวกรรมศาสตรบัณฑิต","TH","ไทย"," "," "," ","ไม่","99997","วุฒิเพิ่มเติม","19950401"
"10002442","19960101","99991231","F1","ปริญญาโท/เทียบเท่า","1200000781","University of Michigan","10000221","Construction Engineering and Management","10503","Master of Science","US","USA"," "," "," ","ไม่","99999","วุฒิเริ่มบรรจุ","19970801"
"10000403","19940610","99991231","D1","ปริญญาตรี/เทียบเท่า","2200000406","สถาบันราชภัฎจันทรเกษม","20000302","จิตวิทยาและการแนะแนว","20014","ครุศาสตรบัณฑิต","TH","ไทย"," "," ","X","ใช่","99999","วุฒิเริ่มบรรจุ","19961030"
"00014129","19630101","99991231","D1","ปริญญาตรี/เทียบเท่า","1200000297","Liverpool University","00000000","--ไม่สามารถระบุได้--","10048","Bachelor of Engineering","GB","United Kingdom"," "," "," ","ไม่","99999","วุฒิเริ่มบรรจุ","19670101"
"00014129","19620101","99991231","B2","มัธยมศึกษาตอนปลาย","0000000000","--ไม่สามารถระบุได้--","00000000","--ไม่สามารถระบุได้--","20243","มัธยมศึกษาตอนปลาย","TH","ไทย"," "," "," ","ไม่","99997","วุฒิเพิ่มเติม","19630101"
"00014129","19670101","99991231","H1","ปริญญาเอก/เทียบเท่า","1200000297","Liverpool University","00000000","--ไม่สามารถระบุได้--","10527","Philosophy Degree","GB","United Kingdom"," "," ","X","ใช่","99998","ปรับวุฒิ","19710101"
"00012088","19640501","99991231","B1","มัธยมศึกษาตอนต้น","2100001279","โรงเรียนวัดอัมพวา","00000000","--ไม่สามารถระบุได้--","20242","มัธยมศึกษาตอนต้น","TH","ไทย"," "," ","X","ใช่","99999","วุฒิเริ่มบรรจุ","19660301"
"00012089","19660501","99991231","C1","ปวช.หรือเทียบเท่า","2100000808","โรงเรียนพาณิชยการสีลม","20000589","พณิชยการ","20170","ประกาศนียบัตรวิชาชีพ","TH","ไทย"," "," ","X","ใช่","99999","วุฒิเริ่มบรรจุ","19680301"
"00012090","19660501","99991231","C1","ปวช.หรือเทียบเท่า","2100000803","โรงเรียนพาณิชยการราชดำเนินธนนบุรี","00000000","--ไม่สามารถระบุได้--","20170","ประกาศนียบัตรวิชาชีพ","TH","ไทย"," "," ","X","ใช่","99999","วุฒิเริ่มบรรจุ","19680301"
"00012092","","99991231","D1","ปริญญาตรี/เทียบเท่า","2200000201","วิทยาลัยครูสวนสุนันทา","20000052","การจัดการทั่วไป","20312","ศิลปศาสตรบัณฑิต","TH","ไทย"," "," ","X","ใช่","99999","วุฒิเริ่มบรรจุ","19911028"
"00012096","","99991231","F1","ปริญญาโท/เทียบเท่า","1200000750","University of Illinois","00000000","--ไม่สามารถระบุได้--","10503","Master of Science","US","USA"," "," "," ","ไม่","99998","ปรับวุฒิ","19720101"
"00012096","19650101","99991231","D1","ปริญญาตรี/เทียบเท่า","2200000003","จุฬาลงกรณ์มหาวิทยาลัย","00000000","--ไม่สามารถระบุได้--","20260","วิศวกรรมศาสตรบัณฑิต","TH","ไทย"," "," "," ","ไม่","99999","วุฒิเริ่มบรรจุ","19690101"
"00012096","","99991231","H1","ปริญญาเอก/เทียบเท่า","1200000719","University of Colorado","00000000","--ไม่สามารถระบุได้--","10314","Doctor of Philosophy","US","USA"," "," ","X","ใช่","99998","ปรับวุฒิ","19750101"
"00012102","","99991231","A2","ประถมศึกษาตอนปลาย","2100001189","โรงเรียนวัดมหาบุศย์","00000000","--ไม่สามารถระบุได้--","20195","ประถมศึกษาตอนปลาย","TH","ไทย"," "," ","X","ใช่","99999","วุฒิเริ่มบรรจุ","19990902"
"10003551","19960101","99991231","F1","ปริญญาโท/เทียบเท่า","1200000832","University of Southern California","10000612","Manufacturing Engineering","10503","Master of Science","US","USA"," "," "," ","ไม่","99999","วุฒิเริ่มบรรจุ","19980101"
"10003551","19910601","99991231","D1","ปริญญาตรี/เทียบเท่า","2200000011","มหาวิทยาลัยเกษตรศาสตร์","20000273","เครื่องกล","20260","วิศวกรรมศาสตรบัณฑิต","TH","ไทย"," "," "," ","ไม่","99997","วุฒิเพิ่มเติม","19950318"
"10003551","20010101","99991231","H1","ปริญญาเอก/เทียบเท่า","1200000587","The University of Nottingham","10000636","Materials Design and Engineering","10314","Doctor of Philosophy","GB","United Kingdom"," "," ","X","ใช่","99998","ปรับวุฒิ","20050713"
"10002306","19940901","99991231","F1","ปริญญาโท/เทียบเท่า","1200000871","University of Washington","10000322","Electrical Engineering","10503","Master of Science","US","USA"," "," "," ","ไม่","99999","วุฒิเริ่มบรรจุ","19960601"
"10002306","19900901","99991231","D1","ปริญญาตรี/เทียบเท่า","2200000049","มหาวิทยาลัยมหิดล","20000806","วิทยาการคอมพิวเตอร์","20256","วิทยาศาสตรบัณฑิต","TH","ไทย"," "," "," ","ไม่","99997","วุฒิเพิ่มเติม","19930501"
"10002306","19960701","99991231","H1","ปริญญาเอก/เทียบเท่า","1200000871","University of Washington","10000322","Electrical Engineering","10314","Doctor of Philosophy","US","USA"," "," ","X","ใช่","99997","วุฒิเพิ่มเติม","20010501"
"10001868","19981001","99991231","H1","ปริญญาเอก/เทียบเท่า","1200000595","Tokyo Institute of Technology","10000172","Civil Engineering","10297","Doctor of Engineering","JP","Japan"," "," ","X","ใช่","99999","วุฒิเริ่มบรรจุ","20010930"
"10002968","19960601","99991231","F1","ปริญญาโท/เทียบเท่า","1200000781","University of Michigan","10000600","Macromolecular Science","00001","--ไม่สามารถระบุได้--","US","USA"," "," "," ","ไม่","99997","วุฒิเพิ่มเติม","19990501"
"10002968","19920601","99991231","D1","ปริญญาตรี/เทียบเท่า","2200000003","จุฬาลงกรณ์มหาวิทยาลัย","20000610","พอลิเมอร์และสิ่งทอ","20256","วิทยาศาสตรบัณฑิต","TH","ไทย"," "," "," ","ไม่","99997","วุฒิเพิ่มเติม","19960322"
"10002968","19990601","99991231","H1","ปริญญาเอก/เทียบเท่า","1200000781","University of Michigan","10000601","Macromolecular Science and Engineering","10314","Doctor of Philosophy","US","USA"," "," ","X","ใช่","99999","วุฒิเริ่มบรรจุ","20030501"
"10003408","19920527","99991231","D1","ปริญญาตรี/เทียบเท่า","2200000003","จุฬาลงกรณ์มหาวิทยาลัย","20000873","วิศวกรรมเครื่องกล","20260","วิศวกรรมศาสตรบัณฑิต","TH","ไทย"," "," "," ","ไม่","99997","วุฒิเพิ่มเติม","19970404"
"10003408","20010401","99991231","H1","ปริญญาเอก/เทียบเท่า","1200000852","University of Tokyo","10000650","Mechanical Engineering","10297","Doctor of Engineering","JP","Japan"," "," ","X","ใช่","99999","วุฒิเริ่มบรรจุ","20050324"
"10003408","19970601","99991231","F1","ปริญญาโท/เทียบเท่า","2200000003","จุฬาลงกรณ์มหาวิทยาลัย","20000873","วิศวกรรมเครื่องกล","20261","วิศวกรรมศาสตรมหาบัณฑิต","TH","ไทย"," "," "," ","ไม่","99997","วุฒิเพิ่มเติม","20000525"
"10001301","19940516","99991231","C3","ปวส.หรือเทียบเท่า","2200000266","วิทยาลัยเทคนิคสมุทรสาคร","20000645","ไฟฟ้ากำลัง","20172","ประกาศนียบัตรวิชาชีพชั้นสูง","TH","ไทย"," "," "," ","ไม่","99997","วุฒิเพิ่มเติม","19960325"
"10001301","19970609","99991231","D1","ปริญญาตรี/เทียบเท่า","2200000082","มหาวิทยาลัยสยาม","20000878","วิศวกรรมไฟฟ้า","20377","อุตสาหกรรมศาสตรบัณฑิต","TH","ไทย"," "," ","X","ใช่","99997","วุฒิเพิ่มเติม","20000309"
"10001301","19970609","99991231","D1","ปริญญาตรี/เทียบเท่า","2200000082","มหาวิทยาลัยสยาม","20000878","วิศวกรรมไฟฟ้า","20260","วิศวกรรมศาสตรบัณฑิต","TH","ไทย"," "," "," ","ไม่","99999","วุฒิเริ่มบรรจุ","20000308"
"10002101","19930801","99991231","D1","ปริญญาตรี/เทียบเท่า","1200000219","Imperial College of Science and Technology University of London","10000207","Computer","10052","Bachelor of Science","GB","United Kingdom"," "," "," ","ไม่","99997","วุฒิเพิ่มเติม","19970801"
"10002101","19970331","99991231","H1","ปริญญาเอก/เทียบเท่า","1200000219","Imperial College of Science and Technology University of London","10000213","Computer Science","10314","Doctor of Philosophy","GB","United Kingdom"," "," ","X","ใช่","99999","วุฒิเริ่มบรรจุ","20020331"
"00006039","","99991231","D1","ปริญญาตรี/เทียบเท่า","2200000065","มหาวิทยาลัยรามคำแหง","20000499","บรรณารักษ์","20312","ศิลปศาสตรบัณฑิต","TH","ไทย"," "," ","X","ใช่","99999","วุฒิเริ่มบรรจุ","19881115"
"10002110","19951113","99991231","D1","ปริญญาตรี/เทียบเท่า","2200000055","มหาวิทยาลัยราชภัฏธนบุรี","20000052","การจัดการทั่วไป","20312","ศิลปศาสตรบัณฑิต","TH","ไทย"," "," ","X","ใช่","99999","วุฒิเริ่มบรรจุ","19980323"
"00008040","","99991231","F1","ปริญญาโท/เทียบเท่า","1200000767","University of London","00000000","--ไม่สามารถระบุได้--","10503","Master of Science","GB","United Kingdom"," "," "," ","ไม่","99998","ปรับวุฒิ","19710101"
"00008040","","99991231","D1","ปริญญาตรี/เทียบเท่า","2200000003","จุฬาลงกรณ์มหาวิทยาลัย","00000000","--ไม่สามารถระบุได้--","20260","วิศวกรรมศาสตรบัณฑิต","TH","ไทย"," "," "," ","ไม่","99999","วุฒิเริ่มบรรจุ","19610101"
"00008040","","99991231","H1","ปริญญาเอก/เทียบเท่า","1200000767","University of London","00000000","--ไม่สามารถระบุได้--","10527","Philosophy Degree","GB","United Kingdom"," "," ","X","ใช่","99998","ปรับวุฒิ","19710101"
"00008041","19610101","99991231","D1","ปริญญาตรี/เทียบเท่า","2200000003","จุฬาลงกรณ์มหาวิทยาลัย","00000000","--ไม่สามารถระบุได้--","20260","วิศวกรรมศาสตรบัณฑิต","TH","ไทย"," "," "," ","ไม่","99999","วุฒิเริ่มบรรจุ","19650101"
"00008041","19660101","99991231","F1","ปริญญาโท/เทียบเท่า","1200000767","University of London","20000873","วิศวกรรมเครื่องกล","10503","Master of Science","GB","United Kingdom"," "," ","X","ใช่","99998","ปรับวุฒิ","19680101"
"10002351","19950101","99991231","F1","ปริญญาโท/เทียบเท่า","1200000546","Stanford University","10000322","Electrical Engineering","10503","Master of Science","US","USA"," "," "," ","ไม่","99999","วุฒิเริ่มบรรจุ","19980108"
"10002351","19990101","99991231","H1","ปริญญาเอก/เทียบเท่า","1200000546","Stanford University","10000322","Electrical Engineering","10314","Doctor of Philosophy","US","USA"," "," ","X","ใช่","99998","ปรับวุฒิ","20020926"
"10002732","19970519","99991231","H1","ปริญญาเอก/เทียบเท่า","2200000003","จุฬาลงกรณ์มหาวิทยาลัย","20000871","วิศวกรรมเคมี","20259","วิศวกรรมศาสตรดุษฎีบัณฑิต","TH","ไทย"," "," ","X","ใช่","99999","วุฒิเริ่มบรรจุ","20030530"
"10002732","19930527","99991231","D1","ปริญญาตรี/เทียบเท่า","2200000003","จุฬาลงกรณ์มหาวิทยาลัย","20000871","วิศวกรรมเคมี","20260","วิศวกรรมศาสตรบัณฑิต","TH","ไทย"," "," "," ","ไม่","99997","วุฒิเพิ่มเติม","19970422"
"10002734","19950529","99991231","D1","ปริญญาตรี/เทียบเท่า","2200000003","จุฬาลงกรณ์มหาวิทยาลัย","20001128","อุตสาหกรรม","20260","วิศวกรรมศาสตรบัณฑิต","TH","ไทย"," "," "," ","ไม่","99999","วุฒิเริ่มบรรจุ","20000321"
"10002734","19950529","99991231","F1","ปริญญาโท/เทียบเท่า","1200000904","Virginia Polytechnic Institute  and State University","10000499","Industrial Engineering","10503","Master of Science","US","USA"," "," ","X","ใช่","99997","วุฒิเพิ่มเติม","20000321"
"00012079","","99991231","F1","ปริญญาโท/เทียบเท่า","1200000778","University of Melbourne","00000000","--ไม่สามารถระบุได้--","10466","Master of Industrial Design","AU","Australia"," "," ","X","ใช่","99998","ปรับวุฒิ","19990902"
"00012079","19650101","99991231","D1","ปริญญาตรี/เทียบเท่า","2200000003","จุฬาลงกรณ์มหาวิทยาลัย","00000000","--ไม่สามารถระบุได้--","20256","วิทยาศาสตรบัณฑิต","TH","ไทย"," "," "," ","ไม่","99999","วุฒิเริ่มบรรจุ","19690101"
"10003090","19890602","99991231","D1","ปริญญาตรี/เทียบเท่า","2200000003","จุฬาลงกรณ์มหาวิทยาลัย","20000883","วิศวกรรมโยธา","20260","วิศวกรรมศาสตรบัณฑิต","TH","ไทย"," "," "," ","ไม่","99997","วุฒิเพิ่มเติม","19930519"
"10003090","19990525","99991231","H1","ปริญญาเอก/เทียบเท่า","2200000003","จุฬาลงกรณ์มหาวิทยาลัย","20000883","วิศวกรรมโยธา","20259","วิศวกรรมศาสตรดุษฎีบัณฑิต","TH","ไทย"," "," ","X","ใช่","99997","วุฒิเพิ่มเติม","20040526"
"10003090","19940525","99991231","F1","ปริญญาโท/เทียบเท่า","2200000003","จุฬาลงกรณ์มหาวิทยาลัย","20000883","วิศวกรรมโยธา","20261","วิศวกรรมศาสตรมหาบัณฑิต","TH","ไทย"," "," "," ","ไม่","99999","วุฒิเริ่มบรรจุ","19970530"
"00008022","","99991231","F1","ปริญญาโท/เทียบเท่า","1200000750","University of Illinois","00000000","--ไม่สามารถระบุได้--","10503","Master of Science","US","USA"," "," ","X","ใช่","99998","ปรับวุฒิ","19720101"
"00008022","19610101","99991231","D1","ปริญญาตรี/เทียบเท่า","2200000003","จุฬาลงกรณ์มหาวิทยาลัย","00000000","--ไม่สามารถระบุได้--","20260","วิศวกรรมศาสตรบัณฑิต","TH","ไทย"," "," "," ","ไม่","99999","วุฒิเริ่มบรรจุ","19650101"
"10002124","19950801","99991231","F1","ปริญญาโท/เทียบเท่า","1200000870","University of Warwick","10000510","Information Technology","10503","Master of Science","GB","United Kingdom"," "," "," ","ไม่","99997","วุฒิเพิ่มเติม","19960116"
"10002124","19940801","99991231","D1","ปริญญาตรี/เทียบเท่า","1200000767","University of London","10000322","Electrical Engineering","10048","Bachelor of Engineering","GB","United Kingdom"," "," "," ","ไม่","99997","วุฒิเพิ่มเติม","19950801"
"10002124","20000301","99991231","H1","ปริญญาเอก/เทียบเท่า","1200000870","University of Warwick","10000329","Electronics","10314","Doctor of Philosophy","GB","United Kingdom"," "," ","X","ใช่","99999","วุฒิเริ่มบรรจุ","20020817"
"10002336","19950523","99991231","F1","ปริญญาโท/เทียบเท่า","2200000003","จุฬาลงกรณ์มหาวิทยาลัย","10000664","Metallurgical Engineering","10461","Master of Engineering","TH","ไทย"," "," "," ","ไม่","99997","วุฒิเพิ่มเติม","19981104"
"10002336","19980101","99991231","H1","ปริญญาเอก/เทียบเท่า","1200000562","Technical University","10000811","Physical Medical & Reliabilitation","10314","Doctor of Philosophy","SK","Slovakia"," "," ","X","ใช่","99999","วุฒิเริ่มบรรจุ","20020101"
"00008042","","99991231","D1","ปริญญาตรี/เทียบเท่า","2200000003","จุฬาลงกรณ์มหาวิทยาลัย","00000000","--ไม่สามารถระบุได้--","20260","วิศวกรรมศาสตรบัณฑิต","TH","ไทย"," "," "," ","ไม่","99999","วุฒิเริ่มบรรจุ","19650101"
"00008042","","99991231","H1","ปริญญาเอก/เทียบเท่า","1200000774","University of Maryland","00000000","--ไม่สามารถระบุได้--","10527","Philosophy Degree","US","USA"," "," ","X","ใช่","99998","ปรับวุฒิ","19720101"
"00008042","","99991231","F1","ปริญญาโท/เทียบเท่า","1200000744","University of Hawaii","00000000","--ไม่สามารถระบุได้--","10503","Master of Science","US","USA"," "," "," ","ไม่","99997","วุฒิเพิ่มเติม","19990902"
"00008043","19610101","99991231","D1","ปริญญาตรี/เทียบเท่า","2200000003","จุฬาลงกรณ์มหาวิทยาลัย","00000000","--ไม่สามารถระบุได้--","20260","วิศวกรรมศาสตรบัณฑิต","TH","ไทย"," "," ","X","ใช่","99999","วุฒิเริ่มบรรจุ","19650101"
"10002125","20000801","99991231","H1","ปริญญาเอก/เทียบเท่า","1200000767","University of London","10000189","Communication","10314","Doctor of Philosophy","GB","United Kingdom"," "," ","X","ใช่","99999","วุฒิเริ่มบรรจุ","20011031"
"00009018","","99991231","H1","ปริญญาเอก/เทียบเท่า","1200000740","University of Glasglow","00000000","--ไม่สามารถระบุได้--","10527","Philosophy Degree","GB","United Kingdom"," "," ","X","ใช่","99998","ปรับวุฒิ","19710101"
"00009018","","99991231","D1","ปริญญาตรี/เทียบเท่า","2200000003","จุฬาลงกรณ์มหาวิทยาลัย","00000000","--ไม่สามารถระบุได้--","20260","วิศวกรรมศาสตรบัณฑิต","TH","ไทย"," "," "," ","ไม่","99999","วุฒิเริ่มบรรจุ","19610101"
"00011027","","99991231","F1","ปริญญาโท/เทียบเท่า","1200000511","Seato Graduate School of Engineering","00000000","--ไม่สามารถระบุได้--","10461","Master of Engineering","TH","ไทย"," "," "," ","ไม่","99998","ปรับวุฒิ","19670101"
"00011027","","99991231","D1","ปริญญาตรี/เทียบเท่า","2200000003","จุฬาลงกรณ์มหาวิทยาลัย","00000000","--ไม่สามารถระบุได้--","20260","วิศวกรรมศาสตรบัณฑิต","TH","ไทย"," "," "," ","ไม่","99999","วุฒิเริ่มบรรจุ","19640101"
"00011027","","99991231","H1","ปริญญาเอก/เทียบเท่า","1200000451","Purdue University","00000000","--ไม่สามารถระบุได้--","10527","Philosophy Degree","US","USA"," "," ","X","ใช่","99998","ปรับวุฒิ","19990902"
"00011030","","99991231","D1","ปริญญาตรี/เทียบเท่า","2200000003","จุฬาลงกรณ์มหาวิทยาลัย","00000000","--ไม่สามารถระบุได้--","20260","วิศวกรรมศาสตรบัณฑิต","TH","ไทย"," "," "," ","ไม่","99999","วุฒิเริ่มบรรจุ","19660101"
"00011030","","99991231","H1","ปริญญาเอก/เทียบเท่า","1200000291","Leland Standford University","10000322","Electrical Engineering","10317","Doctor of Physiology","US","USA"," "," ","X","ใช่","99997","วุฒิเพิ่มเติม","19820101"
"00011030","","99991231","F1","ปริญญาโท/เทียบเท่า","1200000291","Leland Standford University","10000322","Electrical Engineering","20261","วิศวกรรมศาสตรมหาบัณฑิต","US","USA"," "," "," ","ไม่","99998","ปรับวุฒิ","19740101"
"10001698","19960601","99991231","F1","ปริญญาโท/เทียบเท่า","1200000750","University of Illinois","10000650","Mechanical Engineering","10503","Master of Science","US","USA"," "," ","X","ใช่","99999","วุฒิเริ่มบรรจุ","19980517"
"10002341","19930527","99991231","D1","ปริญญาตรี/เทียบเท่า","2200000003","จุฬาลงกรณ์มหาวิทยาลัย","20000873","วิศวกรรมเครื่องกล","20260","วิศวกรรมศาสตรบัณฑิต","TH","ไทย"," "," "," ","ไม่","99997","วุฒิเพิ่มเติม","19970404"
"10002341","20030101","99991231","H1","ปริญญาเอก/เทียบเท่า","2200000003","จุฬาลงกรณ์มหาวิทยาลัย","20000873","วิศวกรรมเครื่องกล","20259","วิศวกรรมศาสตรดุษฎีบัณฑิต","TH","ไทย"," "," ","X","ใช่","99997","วุฒิเพิ่มเติม","20070101"
"10002341","19970519","99991231","F1","ปริญญาโท/เทียบเท่า","2200000003","จุฬาลงกรณ์มหาวิทยาลัย","20000873","วิศวกรรมเครื่องกล","20261","วิศวกรรมศาสตรมหาบัณฑิต","TH","ไทย"," "," "," ","ไม่","99999","วุฒิเริ่มบรรจุ","20010101"
"10002344","19980518","99991231","F1","ปริญญาโท/เทียบเท่า","2200000003","จุฬาลงกรณ์มหาวิทยาลัย","20000494","นิวเคลียร์เทคโนโลยี","20258","วิทยาศาสตรมหาบัณฑิต","TH","ไทย"," "," ","X","ใช่","99999","วุฒิเริ่มบรรจุ","20020530"
"10002344","19940606","99991231","D1","ปริญญาตรี/เทียบเท่า","2200000011","มหาวิทยาลัยเกษตรศาสตร์","20000351","ชีววิทยา","20256","วิทยาศาสตรบัณฑิต","TH","ไทย"," "," "," ","ไม่","99997","วุฒิเพิ่มเติม","19980314"
"10002060","19950801","99991231","F1","ปริญญาโท/เทียบเท่า","1200000424","Oregon State University","10000172","Civil Engineering","10503","Master of Science","US","USA"," "," "," ","ไม่","99997","วุฒิเพิ่มเติม","19980614"
"10002060","19910531","99991231","D1","ปริญญาตรี/เทียบเท่า","2200000003","จุฬาลงกรณ์มหาวิทยาลัย","20000883","วิศวกรรมโยธา","20260","วิศวกรรมศาสตรบัณฑิต","TH","ไทย"," "," "," ","ไม่","99997","วุฒิเพิ่มเติม","19950424"
"10002060","19980801","99991231","H1","ปริญญาเอก/เทียบเท่า","1200000424","Oregon State University","10000155","Chemistry","10314","Doctor of Philosophy","US","USA"," "," ","X","ใช่","99999","วุฒิเริ่มบรรจุ","20010907"
"10002128","19970322","99991231","H1","ปริญญาเอก/เทียบเท่า","1200000124","Drexel University","10000094","Biochemistry","10314","Doctor of Philosophy","US","USA"," "," ","X","ใช่","99999","วุฒิเริ่มบรรจุ","20020316"
"10002128","19850320","99991231","D1","ปริญญาตรี/เทียบเท่า","2200000013","มหาวิทยาลัยขอนแก่น","10000147","Chemical Engineering","10048","Bachelor of Engineering","TH","ไทย"," "," "," ","ไม่","99997","วุฒิเพิ่มเติม","19890320"
"10002384","19950101","99991231","F1","ปริญญาโท/เทียบเท่า","1200000920","West Viirginia University","20000871","วิศวกรรมเคมี","10503","Master of Science","US","USA"," "," "," ","ไม่","99997","วุฒิเพิ่มเติม","19980101"
"10002384","19910531","99991231","D1","ปริญญาตรี/เทียบเท่า","2200000003","จุฬาลงกรณ์มหาวิทยาลัย","20000871","วิศวกรรมเคมี","20256","วิทยาศาสตรบัณฑิต","TH","ไทย"," "," "," ","ไม่","99997","วุฒิเพิ่มเติม","19950323"
"10002384","19980101","99991231","H1","ปริญญาเอก/เทียบเท่า","1200000090","Clemson University","10000147","Chemical Engineering","10314","Doctor of Philosophy","US","USA"," "," ","X","ใช่","99999","วุฒิเริ่มบรรจุ","20020810"
"00011008","","99991231","F1","ปริญญาโท/เทียบเท่า","2200000003","จุฬาลงกรณ์มหาวิทยาลัย","00000000","--ไม่สามารถระบุได้--","20261","วิศวกรรมศาสตรมหาบัณฑิต","TH","ไทย"," "," ","X","ใช่","99998","ปรับวุฒิ","19821027"
"00011008","19630101","99991231","D1","ปริญญาตรี/เทียบเท่า","1200000794","University of New South Wales","00000000","--ไม่สามารถระบุได้--","10048","Bachelor of Engineering","AU","Australia"," "," "," ","ไม่","99999","วุฒิเริ่มบรรจุ","19670101"
"00011010","19620101","99991231","D1","ปริญญาตรี/เทียบเท่า","2200000003","จุฬาลงกรณ์มหาวิทยาลัย","00000000","--ไม่สามารถระบุได้--","20260","วิศวกรรมศาสตรบัณฑิต","TH","ไทย"," "," "," ","ไม่","99999","วุฒิเริ่มบรรจุ","19660101"
"00011010","","99991231","H1","ปริญญาเอก/เทียบเท่า","1200000786","University of Missouri Rolla","10000650","Mechanical Engineering","10527","Philosophy Degree","US","USA"," "," ","X","ใช่","99998","ปรับวุฒิ","19990902"
"00011010","","99991231","F1","ปริญญาโท/เทียบเท่า","1200000756","University of Kansas","00000000","--ไม่สามารถระบุได้--","10503","Master of Science","US","USA"," "," "," ","ไม่","99998","ปรับวุฒิ","19990902"
"10001901","20000701","99991231","D1","ปริญญาตรี/เทียบเท่า","2200000431","สถาบันราชภัฎสวนดุสิต","20000104","การบัญชี","20043","บริหารธุรกิจบัณฑิต","TH","ไทย"," "," ","X","ใช่","99999","วุฒิเริ่มบรรจุ","20030328"
"10001901","19960527","99991231","C3","ปวส.หรือเทียบเท่า","2100000910","โรงเรียนโยนออฟอาร์คพณิชยการ","20000104","การบัญชี","20172","ประกาศนียบัตรวิชาชีพชั้นสูง","TH","ไทย"," "," "," ","ไม่","99997","วุฒิเพิ่มเติม","19980331"
"10002765","19930101","99991231","D1","ปริญญาตรี/เทียบเท่า","1200000774","University of Maryland","10000322","Electrical Engineering","10052","Bachelor of Science","US","USA"," "," "," ","ไม่","99997","วุฒิเพิ่มเติม","19970101"
"10002765","19970518","99991231","F1","ปริญญาโท/เทียบเท่า","1200000064","Carnegie Mellon University","10000322","Electrical Engineering","10503","Master of Science","US","USA"," "," "," ","ไม่","99999","วุฒิเริ่มบรรจุ","20000101"
"10002765","19930101","99991231","D1","ปริญญาตรี/เทียบเท่า","1200000774","University of Maryland","10000322","Electrical Engineering","10052","Bachelor of Science","US","USA"," "," "," ","ไม่","99997","วุฒิเพิ่มเติม","19970101"
"10002765","20000101","99991231","H1","ปริญญาเอก/เทียบเท่า","1200000064","Carnegie Mellon University","10000322","Electrical Engineering","10314","Doctor of Philosophy","US","USA"," "," ","X","ใช่","99997","วุฒิเพิ่มเติม","20031222"
"00036376","19930610","99991231","D1","ปริญญาตรี/เทียบเท่า","2200000432","สถาบันราชภัฎสวนสุนันทา","20000052","การจัดการทั่วไป","20312","ศิลปศาสตรบัณฑิต","TH","ไทย"," "," ","X","ใช่","99999","วุฒิเริ่มบรรจุ","19951017"
"10026821","20210610","99991231","D1","ปริญญาตรี/เทียบเท่า","2200000038","มหาวิทยาลัยบูรพา","20000351","ชีววิทยา","20256","วิทยาศาสตรบัณฑิต","TH","ไทย"," "," ","X","ใช่","99999","วุฒิเริ่มบรรจุ","20250424"
"10026822","20040601","99991231","D1","ปริญญาตรี/เทียบเท่า","2200000003","จุฬาลงกรณ์มหาวิทยาลัย","20000890","วิศวกรรมศาสตร์ไฟฟ้า","20260","วิศวกรรมศาสตรบัณฑิต","TH","ไทย","01","เกียรตินิยมอันดับ 2"," ","ไม่","99997","วุฒิเพิ่มเติม","20080429"
"10026822","20081007","99991231","H1","ปริญญาเอก/เทียบเท่า","2200000003","จุฬาลงกรณ์มหาวิทยาลัย","20000890","วิศวกรรมศาสตร์ไฟฟ้า","20259","วิศวกรรมศาสตรดุษฎีบัณฑิต","TH","ไทย"," "," ","X","ใช่","99999","วุฒิเริ่มบรรจุ","20160805"
"10003163","19900601","99991231","D1","ปริญญาตรี/เทียบเท่า","2200000003","จุฬาลงกรณ์มหาวิทยาลัย","20000878","วิศวกรรมไฟฟ้า","20260","วิศวกรรมศาสตรบัณฑิต","TH","ไทย"," "," "," ","ไม่","99997","วุฒิเพิ่มเติม","19940518"
"10003163","19961014","99991231","H1","ปริญญาเอก/เทียบเท่า","2200000003","จุฬาลงกรณ์มหาวิทยาลัย","20000878","วิศวกรรมไฟฟ้า","20259","วิศวกรรมศาสตรดุษฎีบัณฑิต","TH","ไทย"," "," ","X","ใช่","99997","วุฒิเพิ่มเติม","20020531"
"10003163","19940525","99991231","F1","ปริญญาโท/เทียบเท่า","2200000003","จุฬาลงกรณ์มหาวิทยาลัย","20000878","วิศวกรรมไฟฟ้า","20261","วิศวกรรมศาสตรมหาบัณฑิต","TH","ไทย"," "," "," ","ไม่","99999","วุฒิเริ่มบรรจุ","19961105"
"10003705","19980101","99991231","H1","ปริญญาเอก/เทียบเท่า","1200000704","University of California","10000213","Computer Science","10314","Doctor of Philosophy","US","USA"," "," ","X","ใช่","99999","วุฒิเริ่มบรรจุ","20051231"
"10003693","20000610","99991231","D1","ปริญญาตรี/เทียบเท่า","2200000438","สถาบันราชภัฏมหาสารคาม","20000052","การจัดการทั่วไป","20043","บริหารธุรกิจบัณฑิต","TH","ไทย"," "," ","X","ใช่","99999","วุฒิเริ่มบรรจุ","20020620"
"10003836","19980518","99991231","F1","ปริญญาโท/เทียบเท่า","2200000003","จุฬาลงกรณ์มหาวิทยาลัย","20000873","วิศวกรรมเครื่องกล","20261","วิศวกรรมศาสตรมหาบัณฑิต","TH","ไทย"," "," "," ","ไม่","99999","วุฒิเริ่มบรรจุ","20011019"
"10003836","19940526","99991231","D1","ปริญญาตรี/เทียบเท่า","2200000003","จุฬาลงกรณ์มหาวิทยาลัย","20000873","วิศวกรรมเครื่องกล","20260","วิศวกรรมศาสตรบัณฑิต","TH","ไทย"," "," "," ","ไม่","99997","วุฒิเพิ่มเติม","19980424"
"10003836","20020401","99991231","H1","ปริญญาเอก/เทียบเท่า","1200000595","Tokyo Institute of Technology","10000856","Precision Machinery Systems","10297","Doctor of Engineering","JP","Japan"," "," ","X","ใช่","99997","วุฒิเพิ่มเติม","20051231"
"10003182","19940526","99991231","D1","ปริญญาตรี/เทียบเท่า","2200000003","จุฬาลงกรณ์มหาวิทยาลัย","20000878","วิศวกรรมไฟฟ้า","20260","วิศวกรรมศาสตรบัณฑิต","TH","ไทย"," "," "," ","ไม่","99997","วุฒิเพิ่มเติม","19980429"
"10003182","20080401","99991231","F1","ปริญญาโท/เทียบเท่า","2200000033","มหาวิทยาลัยธรรมศาสตร์","20000042","การเงิน","20258","วิทยาศาสตรมหาบัณฑิต","TH","ไทย"," "," "," ","ไม่","99997","วุฒิเพิ่มเติม","20100425"
"10003182","19980518","99991231","F1","ปริญญาโท/เทียบเท่า","2200000003","จุฬาลงกรณ์มหาวิทยาลัย","20000878","วิศวกรรมไฟฟ้า","20261","วิศวกรรมศาสตรมหาบัณฑิต","TH","ไทย"," "," "," ","ไม่","99999","วุฒิเริ่มบรรจุ","20000503"
"10003182","20011001","99991231","H1","ปริญญาเอก/เทียบเท่า","1200000852","University of Tokyo","10000322","Electrical Engineering","10314","Doctor of Philosophy","JP","Japan"," "," ","X","ใช่","99997","วุฒิเพิ่มเติม","20040930"
"00013112","","99991231","D1","ปริญญาตรี/เทียบเท่า","2200000065","มหาวิทยาลัยรามคำแหง","00000000","--ไม่สามารถระบุได้--","20312","ศิลปศาสตรบัณฑิต","TH","ไทย"," "," ","X","ใช่","99999","วุฒิเริ่มบรรจุ","19850101"
"10025754","20090528","99991231","D1","ปริญญาตรี/เทียบเท่า","2200000003","จุฬาลงกรณ์มหาวิทยาลัย","20000878","วิศวกรรมไฟฟ้า","20260","วิศวกรรมศาสตรบัณฑิต","TH","ไทย"," "," "," ","ไม่","99997","วุฒิเพิ่มเติม","20130507"
"10025754","20160727","99991231","H1","ปริญญาเอก/เทียบเท่า","2200000003","จุฬาลงกรณ์มหาวิทยาลัย","20000878","วิศวกรรมไฟฟ้า","20259","วิศวกรรมศาสตรดุษฎีบัณฑิต","TH","ไทย"," "," ","X","ใช่","99999","วุฒิเริ่มบรรจุ","20210802"
"10025754","20130529","99991231","F1","ปริญญาโท/เทียบเท่า","2200000003","จุฬาลงกรณ์มหาวิทยาลัย","20000878","วิศวกรรมไฟฟ้า","20261","วิศวกรรมศาสตรมหาบัณฑิต","TH","ไทย"," "," "," ","ไม่","99997","วุฒิเพิ่มเติม","20150807"
"10003226","20020528","99991231","C3","ปวส.หรือเทียบเท่า","2100000033","โรงเรียนกองทัพบกอุปถัมภ์ช่างกล ขส.ทบ.","20000332","ช่างไฟฟ้ากำลัง","20172","ประกาศนียบัตรวิชาชีพชั้นสูง","TH","ไทย"," "," "," ","ไม่","99999","วุฒิเริ่มบรรจุ","20040312"
"10003226","","99991231","D1","ปริญญาตรี/เทียบเท่า","2200000027","มหาวิทยาลัยเทคโนโลยีราชมงคลพระนคร","20000878","วิศวกรรมไฟฟ้า","20016","ครุศาสตร์อุตสาหกรรมบัณฑิต","TH","ไทย"," "," ","X","ใช่","99997","วุฒิเพิ่มเติม","20080504"
"00014041","","99991231","F1","ปริญญาโท/เทียบเท่า","1200000024","Asian Institute of Technology (AIT)","00000000","--ไม่สามารถระบุได้--","10461","Master of Engineering","TH","ไทย"," "," "," ","ไม่","99998","ปรับวุฒิ","19990902"
"00014041","19660101","99991231","D1","ปริญญาตรี/เทียบเท่า","2200000003","จุฬาลงกรณ์มหาวิทยาลัย","20000644","ไฟฟ้า","20260","วิศวกรรมศาสตรบัณฑิต","TH","ไทย"," "," "," ","ไม่","99999","วุฒิเริ่มบรรจุ","19700101"
"00014041","19730101","99991231","H1","ปริญญาเอก/เทียบเท่า","1200000784","University of Missouri","00000000","--ไม่สามารถระบุได้--","10527","Philosophy Degree","US","USA"," "," ","X","ใช่","99998","ปรับวุฒิ","19760101"
"00014107","","99991231","D1","ปริญญาตรี/เทียบเท่า","1200000716","University of Canterbury","10000147","Chemical Engineering","10048","Bachelor of Engineering","NZ","New Zealand"," "," "," ","ไม่","99998","ปรับวุฒิ","19710101"
"00014107","19660101","99991231","D1","ปริญญาตรี/เทียบเท่า","1200000716","University of Canterbury","00000000","--ไม่สามารถระบุได้--","10048","Bachelor of Engineering","US","USA"," "," "," ","ไม่","99999","วุฒิเริ่มบรรจุ","19700101"
"00014107","","99991231","H1","ปริญญาเอก/เทียบเท่า","1200000767","University of London","10000147","Chemical Engineering","10527","Philosophy Degree","GB","United Kingdom"," "," ","X","ใช่","99998","ปรับวุฒิ","19770101"
"00013011","19671001","99991231","F1","ปริญญาโท/เทียบเท่า","1200000844","University of Texas at Austin","10000650","Mechanical Engineering","10503","Master of Science","US","USA"," "," "," ","ไม่","99998","ปรับวุฒิ","19690801"
"00013011","19630101","99991231","D1","ปริญญาตรี/เทียบเท่า","2200000003","จุฬาลงกรณ์มหาวิทยาลัย","20000273","เครื่องกล","20260","วิศวกรรมศาสตรบัณฑิต","TH","ไทย"," "," "," ","ไม่","99999","วุฒิเริ่มบรรจุ","19670101"
"00013011","19731217","99991231","H1","ปริญญาเอก/เทียบเท่า","1200000574","Texas Tech University","10000650","Mechanical Engineering","10527","Philosophy Degree","US","USA"," "," ","X","ใช่","99998","ปรับวุฒิ","19770725"
"00013013","","99991231","D1","ปริญญาตรี/เทียบเท่า","1200000838","University of Sydney","00000000","--ไม่สามารถระบุได้--","10048","Bachelor of Engineering","AU","Australia"," "," "," ","ไม่","99999","วุฒิเริ่มบรรจุ","19690101"
"00013013","","99991231","H1","ปริญญาเอก/เทียบเท่า","1200000744","University of Hawaii","00000000","--ไม่สามารถระบุได้--","20212","ปริญญาเอก","US","USA"," "," ","X","ใช่","99998","ปรับวุฒิ","19760101"
"00013013","","99991231","F1","ปริญญาโท/เทียบเท่า","1200000794","University of New South Wales","00000000","--ไม่สามารถระบุได้--","10461","Master of Engineering","AU","Australia"," "," "," ","ไม่","99998","ปรับวุฒิ","19700101"
"10003516","20000612","99991231","D1","ปริญญาตรี/เทียบเท่า","2200000056","มหาวิทยาลัยราชภัฏบ้านสมเด็จเจ้าพระยา","20000104","การบัญชี","20043","บริหารธุรกิจบัณฑิต","TH","ไทย"," "," ","X","ใช่","99999","วุฒิเริ่มบรรจุ","20030818"
"10003516","19980601","99991231","C3","ปวส.หรือเทียบเท่า","0000000000","--ไม่สามารถระบุได้--","20000104","การบัญชี","20172","ประกาศนียบัตรวิชาชีพชั้นสูง","TH","ไทย"," "," "," ","ไม่","99997","วุฒิเพิ่มเติม","20030331"
"00005020","19570101","99991231","C3","ปวส.หรือเทียบเท่า","2200000216","วิทยาลัยเทคนิคกรุงเทพ","20000760","เลขานุการ","20172","ประกาศนียบัตรวิชาชีพชั้นสูง","TH","ไทย"," "," ","X","ใช่","99999","วุฒิเริ่มบรรจุ","19600101"
"00013041","","99991231","H1","ปริญญาเอก/เทียบเท่า","1200000160","Faculte Des Suences","00000000","--ไม่สามารถระบุได้--","10280","Docteur Ingenieur","FR","France"," "," ","X","ใช่","99998","ปรับวุฒิ","19640101"
"00013041","","99991231","D1","ปริญญาตรี/เทียบเท่า","1200000142","Ecole Superieure D'Electricite'","00000000","--ไม่สามารถระบุได้--","10264","Diplome D'ingenieur","FR","France"," "," "," ","ไม่","99999","วุฒิเริ่มบรรจุ","19600101"
"00013060","19660601","99991231","D1","ปริญญาตรี/เทียบเท่า","2200000003","จุฬาลงกรณ์มหาวิทยาลัย","20000873","วิศวกรรมเครื่องกล","20260","วิศวกรรมศาสตรบัณฑิต","TH","ไทย"," "," "," ","ไม่","99999","วุฒิเริ่มบรรจุ","19690331"
"00013060","19750818","99991231","H1","ปริญญาเอก/เทียบเท่า","1200000253","Iowa State University","10000336","Engineering","10314","Doctor of Philosophy","US","USA"," "," ","X","ใช่","99998","ปรับวุฒิ","19770817"
"00013060","19730818","99991231","F1","ปริญญาโท/เทียบเท่า","1200000253","Iowa State University","10000650","Mechanical Engineering","10503","Master of Science","US","USA"," "," "," ","ไม่","99998","ปรับวุฒิ","19750818"
"00037214","","99991231","A1","ประถมศึกษาตอนต้น","0000000000","--ไม่สามารถระบุได้--","00000000","--ไม่สามารถระบุได้--","20194","ประถมศึกษาตอนต้น(ป.4)","TH","ไทย"," "," ","X","ใช่","99999","วุฒิเริ่มบรรจุ","19990902"
"00013142","19670101","99991231","F1","ปริญญาโท/เทียบเท่า","1200000895","Utah State University","00000000","--ไม่สามารถระบุได้--","10503","Master of Science","US","USA"," "," ","X","ใช่","99998","ปรับวุฒิ","19700101"
"00013142","19630101","99991231","D1","ปริญญาตรี/เทียบเท่า","2200000003","จุฬาลงกรณ์มหาวิทยาลัย","00000000","--ไม่สามารถระบุได้--","20260","วิศวกรรมศาสตรบัณฑิต","TH","ไทย"," "," "," ","ไม่","99999","วุฒิเริ่มบรรจุ","19660101"
"10002345","19980518","99991231","F1","ปริญญาโท/เทียบเท่า","2200000003","จุฬาลงกรณ์มหาวิทยาลัย","10001062","Water Resources","10461","Master of Engineering","TH","ไทย"," "," "," ","ไม่","99997","วุฒิเพิ่มเติม","20020530"
"10002345","19940526","99991231","D1","ปริญญาตรี/เทียบเท่า","2200000003","จุฬาลงกรณ์มหาวิทยาลัย","10000172","Civil Engineering","10048","Bachelor of Engineering","TH","ไทย"," "," "," ","ไม่","99999","วุฒิเริ่มบรรจุ","19980424"
"10002345","20050926","99991231","H1","ปริญญาเอก/เทียบเท่า","1200000587","The University of Nottingham","10000172","Civil Engineering","10314","Doctor of Philosophy","GB","United Kingdom"," "," ","X","ใช่","99998","ปรับวุฒิ","20100720"
"00013147","19530101","99991231","B2","มัธยมศึกษาตอนปลาย","2100000191","โรงเรียนเซนต์คาเบรียล","00000000","--ไม่สามารถระบุได้--","20243","มัธยมศึกษาตอนปลาย","TH","ไทย"," "," "," ","ไม่","99997","วุฒิเพิ่มเติม","19600101"
"00013147","19760905","99991231","F1","ปริญญาโท/เทียบเท่า","1200000576","Texas University","10000172","Civil Engineering","10497","Master of S.C.E.","US","USA"," "," "," ","ไม่","99998","ปรับวุฒิ","19770319"
"00013147","19620101","99991231","D1","ปริญญาตรี/เทียบเท่า","1200000716","University of Canterbury","00000000","--ไม่สามารถระบุได้--","10048","Bachelor of Engineering","US","USA"," "," "," ","ไม่","99999","วุฒิเริ่มบรรจุ","19660101"
"00013147","19770320","99991231","H1","ปริญญาเอก/เทียบเท่า","1200000576","Texas University","10000172","Civil Engineering","10314","Doctor of Philosophy","US","USA"," "," ","X","ใช่","99998","ปรับวุฒิ","19820913"
"10001994","19970601","99991231","D1","ปริญญาตรี/เทียบเท่า","2200000008","มหาวิทยาลัยกรุงเทพ","20000084","การบริหาร","10042","Bachelor of Business Administration","TH","ไทย"," "," "," ","ไม่","99999","วุฒิเริ่มบรรจุ","19990516"
"10001994","20070528","99991231","F1","ปริญญาโท/เทียบเท่า","2200000003","จุฬาลงกรณ์มหาวิทยาลัย","20000820","วิทยาศาสตร์การกีฬา","20258","วิทยาศาสตรมหาบัณฑิต","TH","ไทย"," "," ","X","ใช่","99997","วุฒิเพิ่มเติม","20090519"
"10002355","19960401","99991231","F1","ปริญญาโท/เทียบเท่า","1200000279","Kyoto University","10000172","Civil Engineering","10461","Master of Engineering","JP","Japan"," "," "," ","ไม่","99999","วุฒิเริ่มบรรจุ","19980323"
"10002355","19980401","99991231","H1","ปริญญาเอก/เทียบเท่า","1200000279","Kyoto University","10000172","Civil Engineering","10297","Doctor of Engineering","JP","Japan"," "," ","X","ใช่","99997","วุฒิเพิ่มเติม","20010323"
"10002731","19940526","99991231","D1","ปริญญาตรี/เทียบเท่า","2200000003","จุฬาลงกรณ์มหาวิทยาลัย","10000172","Civil Engineering","10048","Bachelor of Engineering","TH","ไทย"," "," "," ","ไม่","99997","วุฒิเพิ่มเติม","19980424"
"10002731","20000101","99991231","H1","ปริญญาเอก/เทียบเท่า","1200000451","Purdue University","10000172","Civil Engineering","10314","Doctor of Philosophy","US","USA"," "," ","X","ใช่","99997","วุฒิเพิ่มเติม","20030101"
"10002731","19980101","99991231","F1","ปริญญาโท/เทียบเท่า","1200000451","Purdue University","10000172","Civil Engineering","10503","Master of Science","US","USA"," "," "," ","ไม่","99999","วุฒิเริ่มบรรจุ","20000101"
"10026303","20110907","99991231","D1","ปริญญาตรี/เทียบเท่า","1200000329","Massachusetts Institute of Technology","10000214","Computer Science and Engineering","10052","Bachelor of Science","US","USA"," "," "," ","ไม่","99997","วุฒิเพิ่มเติม","20150605"
"10026303","20170922","99991231","H1","ปริญญาเอก/เทียบเท่า","1200000595","Tokyo Institute of Technology","10000216","Computing Science","10320","Doctor of Science","JP","Japan"," "," ","X","ใช่","99999","วุฒิเริ่มบรรจุ","20200925"
"10026303","20151001","99991231","F1","ปริญญาโท/เทียบเท่า","1200000595","Tokyo Institute of Technology","10000507","Information Science","10503","Master of Science","JP","Japan"," "," "," ","ไม่","99997","วุฒิเพิ่มเติม","20170920"
"00005033","19570101","99991231","C1","ปวช.หรือเทียบเท่า","2100001701","โรงเรียนเอี่ยมลออ","00000000","--ไม่สามารถระบุได้--","20170","ประกาศนียบัตรวิชาชีพ","TH","ไทย"," "," ","X","ใช่","99999","วุฒิเริ่มบรรจุ","19600429"
"00006004","19970101","99991231","D1","ปริญญาตรี/เทียบเท่า","0000000000","--ไม่สามารถระบุได้--","20000047","การจัดการ","20043","บริหารธุรกิจบัณฑิต","CA","Canada"," "," ","X","ใช่","99997","วุฒิเพิ่มเติม","19990605"
"00006004","","99991231","C3","ปวส.หรือเทียบเท่า","2100000307","โรงเรียนเทคนิควิมลบริหารธุรกิจ","20000047","การจัดการ","20172","ประกาศนียบัตรวิชาชีพชั้นสูง","TH","ไทย"," "," "," ","ไม่","99999","วุฒิเริ่มบรรจุ","19920101"
"10002014","19920630","99991231","D1","ปริญญาตรี/เทียบเท่า","1200000782","University of Minnesota","10000322","Electrical Engineering","10047","Bachelor of Electrical Engineer","US","USA"," "," "," ","ไม่","99997","วุฒิเพิ่มเติม","19950630"
"10002014","19990630","99991231","H1","ปริญญาเอก/เทียบเท่า","1200000782","University of Minnesota","10000322","Electrical Engineering","10314","Doctor of Philosophy","US","USA"," "," ","X","ใช่","99997","วุฒิเพิ่มเติม","20010630"
"10002014","19950630","99991231","F1","ปริญญาโท/เทียบเท่า","1200000782","University of Minnesota","10000322","Electrical Engineering","10503","Master of Science","US","USA"," "," "," ","ไม่","99999","วุฒิเริ่มบรรจุ","19990630"
"10002585","19920601","99991231","F1","ปริญญาโท/เทียบเท่า","1200000780","University of Miami","10000212","Computer Information Systems","10503","Master of Science","US","USA"," "," ","X","ใช่","99999","วุฒิเริ่มบรรจุ","20010101"
"10002585","19850601","99991231","D1","ปริญญาตรี/เทียบเท่า","2200000013","มหาวิทยาลัยขอนแก่น","20000878","วิศวกรรมไฟฟ้า","20260","วิศวกรรมศาสตรบัณฑิต","TH","ไทย"," "," "," ","ไม่","99997","วุฒิเพิ่มเติม","19890420"
"00006018","19580101","99991231","D1","ปริญญาตรี/เทียบเท่า","2200000003","จุฬาลงกรณ์มหาวิทยาลัย","00000000","--ไม่สามารถระบุได้--","20260","วิศวกรรมศาสตรบัณฑิต","TH","ไทย"," "," ","X","ใช่","99999","วุฒิเริ่มบรรจุ","19620101"
"00006019","19580101","99991231","D1","ปริญญาตรี/เทียบเท่า","2200000003","จุฬาลงกรณ์มหาวิทยาลัย","00000000","--ไม่สามารถระบุได้--","20260","วิศวกรรมศาสตรบัณฑิต","TH","ไทย"," "," "," ","ไม่","99999","วุฒิเริ่มบรรจุ","19620101"
"00006019","","99991231","F1","ปริญญาโท/เทียบเท่า","2200000003","จุฬาลงกรณ์มหาวิทยาลัย","00000000","--ไม่สามารถระบุได้--","20261","วิศวกรรมศาสตรมหาบัณฑิต","TH","ไทย"," "," ","X","ใช่","99998","ปรับวุฒิ","19990902"
"00006020","19590101","99991231","D1","ปริญญาตรี/เทียบเท่า","2200000003","จุฬาลงกรณ์มหาวิทยาลัย","00000000","--ไม่สามารถระบุได้--","20260","วิศวกรรมศาสตรบัณฑิต","TH","ไทย"," "," "," ","ไม่","99999","วุฒิเริ่มบรรจุ","19620101"
"00006020","","99991231","F1","ปริญญาโท/เทียบเท่า","1200000024","Asian Institute of Technology (AIT)","00000000","--ไม่สามารถระบุได้--","10461","Master of Engineering","TH","ไทย"," "," ","X","ใช่","99998","ปรับวุฒิ","19680101"
"10003176","19980601","99991231","F1","ปริญญาโท/เทียบเท่า","1200000329","Massachusetts Institute of Technology","10000327","Electronic Engineering","10503","Master of Science","US","USA"," "," "," ","ไม่","99997","วุฒิเพิ่มเติม","20010530"
"10003176","19940526","99991231","D1","ปริญญาตรี/เทียบเท่า","2200000003","จุฬาลงกรณ์มหาวิทยาลัย","10000322","Electrical Engineering","20260","วิศวกรรมศาสตรบัณฑิต","TH","ไทย"," "," "," ","ไม่","99997","วุฒิเพิ่มเติม","19980429"
"10003176","20010601","99991231","H1","ปริญญาเอก/เทียบเท่า","1200000329","Massachusetts Institute of Technology","10000322","Electrical Engineering","10314","Doctor of Philosophy","US","USA"," "," ","X","ใช่","99999","วุฒิเริ่มบรรจุ","20040604"
"10002239","19860310","99991231","D1","ปริญญาตรี/เทียบเท่า","2200000417","สถาบันราชภัฎพระนครศรีอยุธยา","10000345","English","10041","Bachelor of Arts","TH","ไทย"," "," ","X","ใช่","99999","วุฒิเริ่มบรรจุ","19910516"
"10004011","20010604","99991231","D1","ปริญญาตรี/เทียบเท่า","2200000281","วิทยาลัยเทคโนโลยีพระจอมเกล้า พระนครเหนือ","20000427","เทคโนโลยีคอมพิวเตอร์","20016","ครุศาสตร์อุตสาหกรรมบัณฑิต","TH","ไทย"," "," ","X","ใช่","99999","วุฒิเริ่มบรรจุ","20040517"
"10002269","19970101","99991231","F1","ปริญญาโท/เทียบเท่า","1200000099","Colorado School of Mines","10000147","Chemical Engineering","10503","Master of Science","US","USA"," "," "," ","ไม่","99997","วุฒิเพิ่มเติม","19990310"
"10002269","19890310","99991231","D1","ปริญญาตรี/เทียบเท่า","2200000011","มหาวิทยาลัยเกษตรศาสตร์","20000254","เคมี","20256","วิทยาศาสตรบัณฑิต","TH","ไทย","01","เกียรตินิยมอันดับ 2"," ","ไม่","99997","วุฒิเพิ่มเติม","19900310"
"10002269","19990101","99991231","H1","ปริญญาเอก/เทียบเท่า","1200000815","University of Pittsburgh","10000147","Chemical Engineering","10314","Doctor of Philosophy","US","USA"," "," ","X","ใช่","99999","วุฒิเริ่มบรรจุ","20020810"
"10002383","19980526","99991231","D1","ปริญญาตรี/เทียบเท่า","2200000414","สถาบันราชภัฎบ้านสมเด็จเจ้าพระยา","20000817","วิทยาศาสตร์","20256","วิทยาศาสตรบัณฑิต","TH","ไทย"," "," ","X","ใช่","99999","วุฒิเริ่มบรรจุ","20011107"
"10002385","19940519","99991231","D1","ปริญญาตรี/เทียบเท่า","2200000434","สถาบันราชภัฎหมู่บ้านจอมบึง","20000057","การจัดการทั่วไป, การบัญชี","20312","ศิลปศาสตรบัณฑิต","TH","ไทย"," "," ","X","ใช่","99999","วุฒิเริ่มบรรจุ","19980312"
"10002305","19970801","99991231","H1","ปริญญาเอก/เทียบเท่า","1200000219","Imperial College of Science and Technology University of London","10000322","Electrical Engineering","10317","Doctor of Physiology","US","USA"," "," ","X","ใช่","99998","ปรับวุฒิ","20010630"
"10002305","19930918","99991231","F1","ปริญญาโท/เทียบเท่า","1200000219","Imperial College of Science and Technology University of London","10000322","Electrical Engineering","10461","Master of Engineering","GB","United Kingdom"," "," "," ","ไม่","99999","วุฒิเริ่มบรรจุ","19970601"
"10002307","19970401","99991231","D1","ปริญญาตรี/เทียบเท่า","1200000852","University of Tokyo","10000344","Engineering Synthesis","10048","Bachelor of Engineering","JP","Japan"," "," "," ","ไม่","99999","วุฒิเริ่มบรรจุ","19990326"
"10002307","19990326","99991231","F1","ปริญญาโท/เทียบเท่า","1200000363","Nagoya University","10000970","System Engineering","10426","Master Degree","JP","Japan"," "," ","X","ใช่","99998","ปรับวุฒิ","20010326"
"00003017","19560101","99991231","D1","ปริญญาตรี/เทียบเท่า","2200000003","จุฬาลงกรณ์มหาวิทยาลัย","00000000","--ไม่สามารถระบุได้--","20256","วิทยาศาสตรบัณฑิต","TH","ไทย"," "," ","X","ใช่","99999","วุฒิเริ่มบรรจุ","19600101"
"00003042","","99991231","F1","ปริญญาโท/เทียบเท่า","2200000003","จุฬาลงกรณ์มหาวิทยาลัย","00000000","--ไม่สามารถระบุได้--","20261","วิศวกรรมศาสตรมหาบัณฑิต","TH","ไทย"," "," ","X","ใช่","99998","ปรับวุฒิ","19650101"
"00003042","19560101","99991231","D1","ปริญญาตรี/เทียบเท่า","2200000003","จุฬาลงกรณ์มหาวิทยาลัย","00000000","--ไม่สามารถระบุได้--","20260","วิศวกรรมศาสตรบัณฑิต","TH","ไทย"," "," "," ","ไม่","99999","วุฒิเริ่มบรรจุ","19600101"
"00004011","","99991231","H1","ปริญญาเอก/เทียบเท่า","1200000825","University of Rome","10000650","Mechanical Engineering","10527","Philosophy Degree","IT","Italy"," "," ","X","ใช่","99998","ปรับวุฒิ","19670101"
"00004011","","99991231","D1","ปริญญาตรี/เทียบเท่า","2200000003","จุฬาลงกรณ์มหาวิทยาลัย","00000000","--ไม่สามารถระบุได้--","20260","วิศวกรรมศาสตรบัณฑิต","TH","ไทย"," "," "," ","ไม่","99999","วุฒิเริ่มบรรจุ","19600101"
"00004044","19590101","99991231","C3","ปวส.หรือเทียบเท่า","2200000216","วิทยาลัยเทคนิคกรุงเทพ","20000760","เลขานุการ","20172","ประกาศนียบัตรวิชาชีพชั้นสูง","TH","ไทย"," "," ","X","ใช่","99999","วุฒิเริ่มบรรจุ","19600101"
"10001817","19880604","99991231","C3","ปวส.หรือเทียบเท่า","0000000000","--ไม่สามารถระบุได้--","20000279","เครื่องยนต์","20172","ประกาศนียบัตรวิชาชีพชั้นสูง","TH","ไทย"," "," "," ","ไม่","99997","วุฒิเพิ่มเติม","19900328"
"10001817","19900613","99991231","D1","ปริญญาตรี/เทียบเท่า","2200000082","มหาวิทยาลัยสยาม","20000873","วิศวกรรมเครื่องกล","20377","อุตสาหกรรมศาสตรบัณฑิต","TH","ไทย"," "," ","X","ใช่","99999","วุฒิเริ่มบรรจุ","19920316"
"00041280","19981107","99991231","D1","ปริญญาตรี/เทียบเท่า","2200000190","วิทยาลัยครูพระนคร","20000456","เทคโนโลยีอุตสาหกรรม","20256","วิทยาศาสตรบัณฑิต","TH","ไทย"," "," ","X","ใช่","99997","วุฒิเพิ่มเติม","20010423"
"00041280","19950101","99991231","C3","ปวส.หรือเทียบเท่า","2100000033","โรงเรียนกองทัพบกอุปถัมภ์ช่างกล ขส.ทบ.","20000336","ช่างยนต์","20172","ประกาศนียบัตรวิชาชีพชั้นสูง","TH","ไทย"," "," "," ","ไม่","99999","วุฒิเริ่มบรรจุ","19970101"
"10001869","19960102","99991231","H1","ปริญญาเอก/เทียบเท่า","1200000101","Colorado State University","10000172","Civil Engineering","10314","Doctor of Philosophy","US","USA"," "," ","X","ใช่","99999","วุฒิเริ่มบรรจุ","20010515"
"10019274","","99991231","F1","ปริญญาโท/เทียบเท่า","1200000219","Imperial College of Science and Technology University of London","10000147","Chemical Engineering","10503","Master of Science","GB","United Kingdom"," "," "," ","ไม่","99997","วุฒิเพิ่มเติม","20091101"
"10019274","20040601","99991231","D1","ปริญญาตรี/เทียบเท่า","2200000003","จุฬาลงกรณ์มหาวิทยาลัย","20000871","วิศวกรรมเคมี","20260","วิศวกรรมศาสตรบัณฑิต","TH","ไทย","00","เกียรตินิยมอันดับ 1"," ","ไม่","99997","วุฒิเพิ่มเติม","20080401"
"10019274","","99991231","H1","ปริญญาเอก/เทียบเท่า","1200000219","Imperial College of Science and Technology University of London","10000147","Chemical Engineering","10314","Doctor of Philosophy","GB","United Kingdom"," "," ","X","ใช่","99999","วุฒิเริ่มบรรจุ","20140201"
"00007015","","99991231","D1","ปริญญาตรี/เทียบเท่า","2200000003","จุฬาลงกรณ์มหาวิทยาลัย","00000000","--ไม่สามารถระบุได้--","20260","วิศวกรรมศาสตรบัณฑิต","TH","ไทย","00","เกียรตินิยมอันดับ 1"," ","ไม่","99999","วุฒิเริ่มบรรจุ","19600101"
"00007015","","99991231","H1","ปริญญาเอก/เทียบเท่า","1200000784","University of Missouri","00000000","--ไม่สามารถระบุได้--","10527","Philosophy Degree","US","USA"," "," ","X","ใช่","99998","ปรับวุฒิ","19690101"
"00007015","","99991231","F1","ปริญญาโท/เทียบเท่า","1200000546","Stanford University","10000322","Electrical Engineering","10503","Master of Science","US","USA"," "," "," ","ไม่","99998","ปรับวุฒิ","19690101"
"00007016","19570101","99991231","D1","ปริญญาตรี/เทียบเท่า","2200000003","จุฬาลงกรณ์มหาวิทยาลัย","00000000","--ไม่สามารถระบุได้--","20260","วิศวกรรมศาสตรบัณฑิต","TH","ไทย"," "," ","X","ใช่","99999","วุฒิเริ่มบรรจุ","19630101"
"10001998","19960301","99991231","H1","ปริญญาเอก/เทียบเท่า","1200000815","University of Pittsburgh","10000499","Industrial Engineering","10314","Doctor of Philosophy","US","USA"," "," ","X","ใช่","99999","วุฒิเริ่มบรรจุ","20000801"
"10002001","19950801","99991231","F1","ปริญญาโท/เทียบเท่า","1200000451","Purdue University","10000322","Electrical Engineering","10503","Master of Science","US","USA"," "," "," ","ไม่","99999","วุฒิเริ่มบรรจุ","19960504"
"10002001","19990801","99991231","H1","ปริญญาเอก/เทียบเท่า","1200000451","Purdue University","10000322","Electrical Engineering","10314","Doctor of Philosophy","US","USA"," "," ","X","ใช่","99997","วุฒิเพิ่มเติม","20000804"
"10001105","19930517","99991231","C1","ปวช.หรือเทียบเท่า","0000000000","--ไม่สามารถระบุได้--","20000340","ช่างสำรวจ","20170","ประกาศนียบัตรวิชาชีพ","TH","ไทย"," "," ","X","ใช่","99999","วุฒิเริ่มบรรจุ","19960329"
"00041035","","99991231","C1","ปวช.หรือเทียบเท่า","2100000376","โรงเรียนไทยวิจิตรศิลป์","20000797","วิจิตรศิลป์","20170","ประกาศนียบัตรวิชาชีพ","TH","ไทย"," "," ","X","ใช่","99999","วุฒิเริ่มบรรจุ","19990902"
"10023659","20170516","99991231","C3","ปวส.หรือเทียบเท่า","2200000499","วิทยาลัยเทคโนโลยีหนองเรือ ไทย-เยอรมัน","20000644","ไฟฟ้า","20172","ประกาศนียบัตรวิชาชีพชั้นสูง","TH","ไทย"," "," ","X","ใช่","99999","วุฒิเริ่มบรรจุ","20190330"
"10026201","20120523","99991231","D1","ปริญญาตรี/เทียบเท่า","2200000003","จุฬาลงกรณ์มหาวิทยาลัย","20000878","วิศวกรรมไฟฟ้า","20260","วิศวกรรมศาสตรบัณฑิต","TH","ไทย"," "," ","X","ใช่","99999","วุฒิเริ่มบรรจุ","20160721"
"10025861","20180625","99991231","D1","ปริญญาตรี/เทียบเท่า","2200000024","มหาวิทยาลัยเทคโนโลยีราชมงคลกรุงเทพ","20000806","วิทยาการคอมพิวเตอร์","20256","วิทยาศาสตรบัณฑิต","TH","ไทย"," "," ","X","ใช่","99999","วุฒิเริ่มบรรจุ","20230328"
"00015159","19690501","99991231","B2","มัธยมศึกษาตอนปลาย","0000000000","--ไม่สามารถระบุได้--","00000000","--ไม่สามารถระบุได้--","20243","มัธยมศึกษาตอนปลาย","TH","ไทย"," "," ","X","ใช่","99999","วุฒิเริ่มบรรจุ","19731001"
"00015159","","99991231","A1","ประถมศึกษาตอนต้น","0000000000","--ไม่สามารถระบุได้--","00000000","--ไม่สามารถระบุได้--","20194","ประถมศึกษาตอนต้น(ป.4)","TH","ไทย"," "," "," ","ไม่","99997","วุฒิเพิ่มเติม","19990902"
"10004061","19930527","99991231","D1","ปริญญาตรี/เทียบเท่า","2200000003","จุฬาลงกรณ์มหาวิทยาลัย","20000883","วิศวกรรมโยธา","20260","วิศวกรรมศาสตรบัณฑิต","TH","ไทย"," "," "," ","ไม่","99997","วุฒิเพิ่มเติม","19970502"
"10004061","20010802","99991231","H1","ปริญญาเอก/เทียบเท่า","1200000844","University of Texas at Austin","10000340","Engineering Mechanics","10314","Doctor of Philosophy","US","USA"," "," ","X","ใช่","99997","วุฒิเพิ่มเติม","20040830"
"10004061","19980801","99991231","F1","ปริญญาโท/เทียบเท่า","1200000844","University of Texas at Austin","20000884","วิศวกรรมโยธาโครงสร้าง","10503","Master of Science","US","USA"," "," "," ","ไม่","99999","วุฒิเริ่มบรรจุ","20000530"
"00014074","19721002","99991231","F1","ปริญญาโท/เทียบเท่า","2200000398","สถาบันเทคโนโลยีแห่งเอเชีย","00000000","--ไม่สามารถระบุได้--","10461","Master of Engineering","TH","ไทย"," "," ","X","ใช่","99998","ปรับวุฒิ","19730827"
"00014074","","99991231","D1","ปริญญาตรี/เทียบเท่า","2200000003","จุฬาลงกรณ์มหาวิทยาลัย","00000000","--ไม่สามารถระบุได้--","20260","วิศวกรรมศาสตรบัณฑิต","TH","ไทย"," "," "," ","ไม่","99999","วุฒิเริ่มบรรจุ","19710101"
"00014075","19761017","99991231","H1","ปริญญาเอก/เทียบเท่า","1200000369","National Institute of Agronony Montpellier","20000899","วิศวกรรมอุตสาหการ","10280","Docteur Ingenieur","FR","France"," "," ","X","ใช่","99997","วุฒิเพิ่มเติม","19801020"
"00014075","","99991231","D1","ปริญญาตรี/เทียบเท่า","2200000003","จุฬาลงกรณ์มหาวิทยาลัย","00000000","--ไม่สามารถระบุได้--","20260","วิศวกรรมศาสตรบัณฑิต","TH","ไทย"," "," "," ","ไม่","99999","วุฒิเริ่มบรรจุ","19710101"
"00014076","","99991231","F1","ปริญญาโท/เทียบเท่า","2200000003","จุฬาลงกรณ์มหาวิทยาลัย","00000000","--ไม่สามารถระบุได้--","20258","วิทยาศาสตรมหาบัณฑิต","TH","ไทย"," "," ","X","ใช่","99998","ปรับวุฒิ","19790101"
"00014076","19640101","99991231","D1","ปริญญาตรี/เทียบเท่า","2200000003","จุฬาลงกรณ์มหาวิทยาลัย","00000000","--ไม่สามารถระบุได้--","20014","ครุศาสตรบัณฑิต","TH","ไทย"," "," "," ","ไม่","99999","วุฒิเริ่มบรรจุ","19670101"
"10003980","19970601","99991231","C3","ปวส.หรือเทียบเท่า","2100000001","กรุงเทพการบัญชีวิทยาลัย","20000104","การบัญชี","20357","อนุปริญญาบริหารธุรกิจ","TH","ไทย"," "," "," ","ไม่","99997","วุฒิเพิ่มเติม","19990325"
"10003980","19990601","99991231","D1","ปริญญาตรี/เทียบเท่า","2200000057","มหาวิทยาลัยราชภัฏพระนคร","20000514","บริหารทรัพยากรมนุษย์","20312","ศิลปศาสตรบัณฑิต","TH","ไทย"," "," ","X","ใช่","99999","วุฒิเริ่มบรรจุ","20010430"
"00014100","","99991231","D1","ปริญญาตรี/เทียบเท่า","2200000003","จุฬาลงกรณ์มหาวิทยาลัย","20000273","เครื่องกล","20260","วิศวกรรมศาสตรบัณฑิต","TH","ไทย"," "," "," ","ไม่","99999","วุฒิเริ่มบรรจุ","19630101"
"00014100","","99991231","F1","ปริญญาโท/เทียบเท่า","1200000756","University of Kansas","00000000","--ไม่สามารถระบุได้--","10503","Master of Science","US","USA"," "," ","X","ใช่","99998","ปรับวุฒิ","19690101"
"10004039","20000501","99991231","F1","ปริญญาโท/เทียบเท่า","1200000813","University of Pennsylvania","10000147","Chemical Engineering","10461","Master of Engineering","US","USA"," "," "," ","ไม่","99997","วุฒิเพิ่มเติม","20021201"
"10004039","19960801","99991231","D1","ปริญญาตรี/เทียบเท่า","1200000813","University of Pennsylvania","10000147","Chemical Engineering","10048","Bachelor of Engineering","US","USA"," "," "," ","ไม่","99997","วุฒิเพิ่มเติม","20000301"
"10004039","20030101","99991231","H1","ปริญญาเอก/เทียบเท่า","1200000813","University of Pennsylvania","10000146","Chemical Engineeing","10527","Philosophy Degree","US","USA"," "," ","X","ใช่","99999","วุฒิเริ่มบรรจุ","20060401"
"10003505","20080527","99991231","F1","ปริญญาโท/เทียบเท่า","2200000003","จุฬาลงกรณ์มหาวิทยาลัย","00000000","--ไม่สามารถระบุได้--","20258","วิทยาศาสตรมหาบัณฑิต","TH","ไทย"," "," ","X","ใช่","99997","วุฒิเพิ่มเติม","20100603"
"10003505","19930609","99991231","D1","ปริญญาตรี/เทียบเท่า","2200000414","สถาบันราชภัฎบ้านสมเด็จเจ้าพระยา","20000057","การจัดการทั่วไป, การบัญชี","20312","ศิลปศาสตรบัณฑิต","TH","ไทย"," "," "," ","ไม่","99999","วุฒิเริ่มบรรจุ","19951101"
"00015010","","99991231","C3","ปวส.หรือเทียบเท่า","2200000177","วิทยาลัยครูจันทรเกษม","20001134","อุตสาหกรรมศิลป์","20172","ประกาศนียบัตรวิชาชีพชั้นสูง","TH","ไทย"," "," ","X","ใช่","99999","วุฒิเริ่มบรรจุ","19990902"
"00015011","","99991231","D1","ปริญญาตรี/เทียบเท่า","2200000283","วิทยาลัยเทคโนโลยีและอาชีวศึกษา","20000644","ไฟฟ้า","20377","อุตสาหกรรมศาสตรบัณฑิต","TH","ไทย"," "," "," ","ไม่","99999","วุฒิเริ่มบรรจุ","19990902"
"00015011","19790101","99991231","F1","ปริญญาโท/เทียบเท่า","2200000003","จุฬาลงกรณ์มหาวิทยาลัย","20000245","คอมพิวเตอร์","20258","วิทยาศาสตรมหาบัณฑิต","TH","ไทย"," "," ","X","ใช่","99998","ปรับวุฒิ","19810225"
"00015051","","99991231","D1","ปริญญาตรี/เทียบเท่า","2200000003","จุฬาลงกรณ์มหาวิทยาลัย","20000899","วิศวกรรมอุตสาหการ","20260","วิศวกรรมศาสตรบัณฑิต","TH","ไทย"," "," "," ","ไม่","99999","วุฒิเริ่มบรรจุ","19680101"
"00015051","19760601","99991231","F1","ปริญญาโท/เทียบเท่า","2200000003","จุฬาลงกรณ์มหาวิทยาลัย","20001137","อุตสาหการ","20261","วิศวกรรมศาสตรมหาบัณฑิต","TH","ไทย"," "," ","X","ใช่","99998","ปรับวุฒิ","19780613"
"00015057","","99991231","D1","ปริญญาตรี/เทียบเท่า","2200000003","จุฬาลงกรณ์มหาวิทยาลัย","00000000","--ไม่สามารถระบุได้--","20260","วิศวกรรมศาสตรบัณฑิต","TH","ไทย"," "," "," ","ไม่","99999","วุฒิเริ่มบรรจุ","19680101"
"00015057","","99991231","H1","ปริญญาเอก/เทียบเท่า","1200000632","Universite De Aix Marseille","20000887","วิศวกรรมศาสตร์","20212","ปริญญาเอก","FR","France"," "," ","X","ใช่","99998","ปรับวุฒิ","19780101"
"00015057","","99991231","F1","ปริญญาโท/เทียบเท่า","2200000003","จุฬาลงกรณ์มหาวิทยาลัย","00000000","--ไม่สามารถระบุได้--","20261","วิศวกรรมศาสตรมหาบัณฑิต","TH","ไทย"," "," "," ","ไม่","99998","ปรับวุฒิ","19740101"
"00015058","19720101","99991231","F1","ปริญญาโท/เทียบเท่า","2200000003","จุฬาลงกรณ์มหาวิทยาลัย","00000000","--ไม่สามารถระบุได้--","20261","วิศวกรรมศาสตรมหาบัณฑิต","TH","ไทย"," "," "," ","ไม่","99998","ปรับวุฒิ","19740101"
"00015058","19680101","99991231","D1","ปริญญาตรี/เทียบเท่า","2200000003","จุฬาลงกรณ์มหาวิทยาลัย","00000000","--ไม่สามารถระบุได้--","20260","วิศวกรรมศาสตรบัณฑิต","TH","ไทย"," "," "," ","ไม่","99999","วุฒิเริ่มบรรจุ","19720101"
"00015058","19740930","99991231","H1","ปริญญาเอก/เทียบเท่า","1200000812","University of Paul-Sabatier","20000878","วิศวกรรมไฟฟ้า","10280","Docteur Ingenieur","FR","France"," "," ","X","ใช่","99997","วุฒิเพิ่มเติม","19790119"
"00015061","19630101","99991231","D1","ปริญญาตรี/เทียบเท่า","2200000003","จุฬาลงกรณ์มหาวิทยาลัย","00000000","--ไม่สามารถระบุได้--","20260","วิศวกรรมศาสตรบัณฑิต","TH","ไทย"," "," "," ","ไม่","99999","วุฒิเริ่มบรรจุ","19670101"
"00015061","19700101","99991231","F1","ปริญญาโท/เทียบเท่า","1200000276","King's College, University of London","10000336","Engineering","10503","Master of Science","GB","United Kingdom"," "," ","X","ใช่","99998","ปรับวุฒิ","19710101"
"00015063","19750102","99991231","F1","ปริญญาโท/เทียบเท่า","1200000418","Ohio State University","10000427","Geodetic Science","10503","Master of Science","US","USA"," "," "," ","ไม่","99998","ปรับวุฒิ","19760419"
"00015063","19790825","99991231","H1","ปริญญาเอก/เทียบเท่า","1200000418","Ohio State University","10000427","Geodetic Science","10314","Doctor of Philosophy","US","USA"," "," ","X","ใช่","99998","ปรับวุฒิ","19850916"
"00015063","19690101","99991231","D1","ปริญญาตรี/เทียบเท่า","2200000003","จุฬาลงกรณ์มหาวิทยาลัย","20001042","สำรวจ","20260","วิศวกรรมศาสตรบัณฑิต","TH","ไทย"," "," "," ","ไม่","99999","วุฒิเริ่มบรรจุ","19730101"
"00015064","","99991231","D1","ปริญญาตรี/เทียบเท่า","2200000003","จุฬาลงกรณ์มหาวิทยาลัย","00000000","--ไม่สามารถระบุได้--","20260","วิศวกรรมศาสตรบัณฑิต","TH","ไทย"," "," "," ","ไม่","99999","วุฒิเริ่มบรรจุ","19720101"
"00015064","19731009","99991231","H1","ปริญญาเอก/เทียบเท่า","1200000655","Universite De Poitiers","00000000","--ไม่สามารถระบุได้--","10181","D.E.A. Doctor Ingenieur","FR","France"," "," ","X","ใช่","99998","ปรับวุฒิ","19780103"
"00015070","19610101","99991231","D1","ปริญญาตรี/เทียบเท่า","2200000003","จุฬาลงกรณ์มหาวิทยาลัย","00000000","--ไม่สามารถระบุได้--","20260","วิศวกรรมศาสตรบัณฑิต","TH","ไทย"," "," "," ","ไม่","99999","วุฒิเริ่มบรรจุ","19660101"
"00015070","","99991231","C4","ต่ำกว่าปริญญาตรี","1200000249","International Institute Rotterdam","00000000","--ไม่สามารถระบุได้--","10216","Diploma in Housing Planning & Building","NL","Netherlands"," "," "," ","ไม่","99998","ปรับวุฒิ","19990902"
"00015070","19660101","99991231","F1","ปริญญาโท/เทียบเท่า","2200000398","สถาบันเทคโนโลยีแห่งเอเชีย","00000000","--ไม่สามารถระบุได้--","10461","Master of Engineering","TH","ไทย"," "," ","X","ใช่","99998","ปรับวุฒิ","19700101"
"10026232","20180625","99991231","D1","ปริญญาตรี/เทียบเท่า","2200000024","มหาวิทยาลัยเทคโนโลยีราชมงคลกรุงเทพ","20000451","เทคโนโลยีสารสนเทศ","20256","วิทยาศาสตรบัณฑิต","TH","ไทย"," "," ","X","ใช่","99999","วุฒิเริ่มบรรจุ","20240610"
"00018101","","99991231","D1","ปริญญาตรี/เทียบเท่า","2200000003","จุฬาลงกรณ์มหาวิทยาลัย","00000000","--ไม่สามารถระบุได้--","20260","วิศวกรรมศาสตรบัณฑิต","TH","ไทย","00","เกียรตินิยมอันดับ 1"," ","ไม่","99999","วุฒิเริ่มบรรจุ","19700101"
"00018101","19780101","99991231","H1","ปริญญาเอก/เทียบเท่า","1200000436","Paul- Saba Tier University","10000329","Electronics","10297","Doctor of Engineering","FR","France"," "," ","X","ใช่","99998","ปรับวุฒิ","19800101"
"00018101","19760101","99991231","H1","ปริญญาเอก/เทียบเท่า","1200000436","Paul- Saba Tier University","10000329","Electronics","10180","D.E.A.","FR","France"," "," "," ","ไม่","99998","ปรับวุฒิ","19780101"
"00015091","","99991231","D1","ปริญญาตรี/เทียบเท่า","2200000003","จุฬาลงกรณ์มหาวิทยาลัย","00000000","--ไม่สามารถระบุได้--","20256","วิทยาศาสตรบัณฑิต","TH","ไทย"," "," "," ","ไม่","99999","วุฒิเริ่มบรรจุ","19680101"
"00015091","19730601","99991231","F1","ปริญญาโท/เทียบเท่า","2200000003","จุฬาลงกรณ์มหาวิทยาลัย","20000245","คอมพิวเตอร์","20258","วิทยาศาสตรมหาบัณฑิต","TH","ไทย"," "," ","X","ใช่","99998","ปรับวุฒิ","19740301"
"00015092","19660101","99991231","D1","ปริญญาตรี/เทียบเท่า","2200000003","จุฬาลงกรณ์มหาวิทยาลัย","00000000","--ไม่สามารถระบุได้--","20256","วิทยาศาสตรบัณฑิต","TH","ไทย"," "," "," ","ไม่","99999","วุฒิเริ่มบรรจุ","19700101"
"00015092","19750818","99991231","H1","ปริญญาเอก/เทียบเท่า","1200000718","University of Cincinnati","10000033","Air Pollution Control Engineering","10314","Doctor of Philosophy","US","USA"," "," ","X","ใช่","99998","ปรับวุฒิ","19790423"
"00015092","19700101","99991231","F1","ปริญญาโท/เทียบเท่า","2200000398","สถาบันเทคโนโลยีแห่งเอเชีย","00000000","--ไม่สามารถระบุได้--","10461","Master of Engineering","TH","ไทย"," "," "," ","ไม่","99998","ปรับวุฒิ","19720101"
"00015100","19650101","99991231","C3","ปวส.หรือเทียบเท่า","2200000216","วิทยาลัยเทคนิคกรุงเทพ","00000000","--ไม่สามารถระบุได้--","20172","ประกาศนียบัตรวิชาชีพชั้นสูง","TH","ไทย"," "," ","X","ใช่","99999","วุฒิเริ่มบรรจุ","19690101"
"00015117","19660101","99991231","D1","ปริญญาตรี/เทียบเท่า","2200000003","จุฬาลงกรณ์มหาวิทยาลัย","00000000","--ไม่สามารถระบุได้--","20260","วิศวกรรมศาสตรบัณฑิต","TH","ไทย"," "," "," ","ไม่","99999","วุฒิเริ่มบรรจุ","19700101"
"00015117","","99991231","H1","ปริญญาเอก/เทียบเท่า","1200000571","Texas A and M University","00000000","--ไม่สามารถระบุได้--","10314","Doctor of Philosophy","US","USA"," "," ","X","ใช่","99998","ปรับวุฒิ","19820101"
"00015117","19700101","99991231","F1","ปริญญาโท/เทียบเท่า","2200000398","สถาบันเทคโนโลยีแห่งเอเชีย","00000000","--ไม่สามารถระบุได้--","20261","วิศวกรรมศาสตรมหาบัณฑิต","TH","ไทย"," "," "," ","ไม่","99998","ปรับวุฒิ","19720101"
"00015126","","99991231","B1","มัธยมศึกษาตอนต้น","2100000117","โรงเรียนจารุพณิชยการ","00000000","--ไม่สามารถระบุได้--","20242","มัธยมศึกษาตอนต้น","TH","ไทย"," "," ","X","ใช่","99999","วุฒิเริ่มบรรจุ","19680101"
"00015128","","99991231","D1","ปริญญาตรี/เทียบเท่า","2200000003","จุฬาลงกรณ์มหาวิทยาลัย","00000000","--ไม่สามารถระบุได้--","20260","วิศวกรรมศาสตรบัณฑิต","TH","ไทย"," "," "," ","ไม่","99999","วุฒิเริ่มบรรจุ","19640101"
"00015128","19680801","99991231","H1","ปริญญาเอก/เทียบเท่า","2200000398","สถาบันเทคโนโลยีแห่งเอเชีย","00000000","--ไม่สามารถระบุได้--","10297","Doctor of Engineering","TH","ไทย"," "," ","X","ใช่","99998","ปรับวุฒิ","19720801"
"00015128","","99991231","F1","ปริญญาโท/เทียบเท่า","2200000398","สถาบันเทคโนโลยีแห่งเอเชีย","00000000","--ไม่สามารถระบุได้--","10461","Master of Engineering","TH","ไทย"," "," "," ","ไม่","99998","ปรับวุฒิ","19680101"
"00015136","19680101","99991231","F1","ปริญญาโท/เทียบเท่า","1200000452","Purdue University, Lafayette, Indiana","00000000","--ไม่สามารถระบุได้--","10503","Master of Science","US","USA"," "," "," ","ไม่","99998","ปรับวุฒิ","19700101"
"00015136","19640101","99991231","D1","ปริญญาตรี/เทียบเท่า","2200000003","จุฬาลงกรณ์มหาวิทยาลัย","00000000","--ไม่สามารถระบุได้--","20260","วิศวกรรมศาสตรบัณฑิต","TH","ไทย"," "," "," ","ไม่","99999","วุฒิเริ่มบรรจุ","19680101"
"00015136","","99991231","H1","ปริญญาเอก/เทียบเท่า","1200000452","Purdue University, Lafayette, Indiana","00000000","--ไม่สามารถระบุได้--","10314","Doctor of Philosophy","US","USA"," "," ","X","ใช่","99998","ปรับวุฒิ","19700101"
"00015142","","99991231","B2","มัธยมศึกษาตอนปลาย","2100001100","โรงเรียนวัดบวรมงคล","00000000","--ไม่สามารถระบุได้--","20243","มัธยมศึกษาตอนปลาย","TH","ไทย"," "," ","X","ใช่","99999","วุฒิเริ่มบรรจุ","19690101"
"10020038","","99991231","H1","ปริญญาเอก/เทียบเท่า","1200000714","University of Cambridge","00000000","--ไม่สามารถระบุได้--","10314","Doctor of Philosophy","TH","ไทย"," "," ","X","ใช่","99999","วุฒิเริ่มบรรจุ","20150718"
"10003964","20010514","99991231","C3","ปวส.หรือเทียบเท่า","2200000224","วิทยาลัยเทคนิคชัยนาท","20000247","คอมพิวเตอร์ธุรกิจ","20172","ประกาศนียบัตรวิชาชีพชั้นสูง","TH","ไทย"," "," ","X","ใช่","99999","วุฒิเริ่มบรรจุ","20030319"
"00016014","19710101","99991231","E1","สูงกว่าตรี/ต่ำกว่าโท","2200000049","มหาวิทยาลัยมหิดล","00000000","--ไม่สามารถระบุได้--","20085","ประกาศนียบัตรชั้นสูง","TH","ไทย"," "," "," ","ไม่","99998","ปรับวุฒิ","19720101"
"00016014","","99991231","H1","ปริญญาเอก/เทียบเท่า","1200000660","Universite Joseph Fourier","10000511","Informatique","10273","Docteur De L'Universite","FR","France"," "," ","X","ใช่","99998","ปรับวุฒิ","19950214"
"00016014","19670101","99991231","D1","ปริญญาตรี/เทียบเท่า","2200000049","มหาวิทยาลัยมหิดล","00000000","--ไม่สามารถระบุได้--","20256","วิทยาศาสตรบัณฑิต","TH","ไทย"," "," "," ","ไม่","99999","วุฒิเริ่มบรรจุ","19710101"
"00016014","","99991231","F1","ปริญญาโท/เทียบเท่า","2200000003","จุฬาลงกรณ์มหาวิทยาลัย","00000000","--ไม่สามารถระบุได้--","20258","วิทยาศาสตรมหาบัณฑิต","TH","ไทย"," "," "," ","ไม่","99998","ปรับวุฒิ","19990902"
"10019265","20110524","99991231","F1","ปริญญาโท/เทียบเท่า","2200000003","จุฬาลงกรณ์มหาวิทยาลัย","20000870","วิศวกรรมคอมพิวเตอร์","20261","วิศวกรรมศาสตรมหาบัณฑิต","TH","ไทย"," "," ","X","ใช่","99999","วุฒิเริ่มบรรจุ","20131118"
"10019265","20050526","99991231","D1","ปริญญาตรี/เทียบเท่า","2200000377","สถาบันเทคโนโลยีพระจอมเกล้าวิทยาเขตธนบุรี","20000898","วิศวกรรมอิเล็กทรอนิกส์และโทรคมนาคม","10048","Bachelor of Engineering","TH","ไทย"," "," "," ","ไม่","99997","วุฒิเพิ่มเติม","20090402"
"00016033","","99991231","H1","ปริญญาเอก/เทียบเท่า","1200000673","University De Droit D' Econmie Et Des Science","10000923","Sciences De Gestion","10283","Doctor De 3E Cycle","FR","France"," "," ","X","ใช่","99999","วุฒิเริ่มบรรจุ","19830910"
"00016033","","99991231","F1","ปริญญาโท/เทียบเท่า","1200000755","University of Iowa","00000000","--ไม่สามารถระบุได้--","10503","Master of Science","US","USA"," "," "," ","ไม่","99998","ปรับวุฒิ","19761218"
"10004029","20020529","99991231","F1","ปริญญาโท/เทียบเท่า","2200000003","จุฬาลงกรณ์มหาวิทยาลัย","20001042","สำรวจ","20261","วิศวกรรมศาสตรมหาบัณฑิต","TH","ไทย"," "," ","X","ใช่","99997","วุฒิเพิ่มเติม","20060526"
"10004029","19890602","99991231","D1","ปริญญาตรี/เทียบเท่า","2200000003","จุฬาลงกรณ์มหาวิทยาลัย","20000891","วิศวกรรมสำรวจ","20260","วิศวกรรมศาสตรบัณฑิต","TH","ไทย"," "," "," ","ไม่","99999","วุฒิเริ่มบรรจุ","19930525"
"10018797","19971010","99991231","F1","ปริญญาโท/เทียบเท่า","2200000003","จุฬาลงกรณ์มหาวิทยาลัย","20000878","วิศวกรรมไฟฟ้า","20261","วิศวกรรมศาสตรมหาบัณฑิต","TH","ไทย"," "," "," ","ไม่","99997","วุฒิเพิ่มเติม","20000523"
"10018797","19930527","99991231","D1","ปริญญาตรี/เทียบเท่า","2200000003","จุฬาลงกรณ์มหาวิทยาลัย","20000878","วิศวกรรมไฟฟ้า","20260","วิศวกรรมศาสตรบัณฑิต","TH","ไทย"," "," "," ","ไม่","99997","วุฒิเพิ่มเติม","19970501"
"10018797","","99991231","H1","ปริญญาเอก/เทียบเท่า","1200000595","Tokyo Institute of Technology","00000000","--ไม่สามารถระบุได้--","10314","Doctor of Philosophy","TH","ไทย"," "," ","X","ใช่","99999","วุฒิเริ่มบรรจุ","20070925"
"00016088","19720101","99991231","C3","ปวส.หรือเทียบเท่า","2200000216","วิทยาลัยเทคนิคกรุงเทพ","20000336","ช่างยนต์","20172","ประกาศนียบัตรวิชาชีพชั้นสูง","TH","ไทย"," "," ","X","ใช่","99999","วุฒิเริ่มบรรจุ","19730101"
"00016092","19710101","99991231","F1","ปริญญาโท/เทียบเท่า","1200000422","Oklahoma State University","00000000","--ไม่สามารถระบุได้--","10503","Master of Science","US","USA"," "," ","X","ใช่","99998","ปรับวุฒิ","19730101"
"00016092","19680101","99991231","D1","ปริญญาตรี/เทียบเท่า","1200000880","University of Wisconsin, Madison","10000172","Civil Engineering","10052","Bachelor of Science","US","USA"," "," "," ","ไม่","99999","วุฒิเริ่มบรรจุ","19710101"
"00016098","","99991231","F1","ปริญญาโท/เทียบเท่า","2200000003","จุฬาลงกรณ์มหาวิทยาลัย","20000251","คอมพิวเตอร์ศาสตร์","20258","วิทยาศาสตรมหาบัณฑิต","TH","ไทย"," "," ","X","ใช่","99998","ปรับวุฒิ","19750101"
"00016098","","99991231","D1","ปริญญาตรี/เทียบเท่า","2200000003","จุฬาลงกรณ์มหาวิทยาลัย","00000000","--ไม่สามารถระบุได้--","20256","วิทยาศาสตรบัณฑิต","TH","ไทย"," "," "," ","ไม่","99999","วุฒิเริ่มบรรจุ","19680101"
"00016116","19840801","99991231","F1","ปริญญาโท/เทียบเท่า","2200000003","จุฬาลงกรณ์มหาวิทยาลัย","00000000","--ไม่สามารถระบุได้--","20261","วิศวกรรมศาสตรมหาบัณฑิต","TH","ไทย"," "," "," ","ไม่","99998","ปรับวุฒิ","19880801"
"00016116","19680101","99991231","D1","ปริญญาตรี/เทียบเท่า","2200000003","จุฬาลงกรณ์มหาวิทยาลัย","20000273","เครื่องกล","20260","วิศวกรรมศาสตรบัณฑิต","TH","ไทย"," "," "," ","ไม่","99999","วุฒิเริ่มบรรจุ","19720101"
"00016116","19890201","99991231","H1","ปริญญาเอก/เทียบเท่า","1200000780","University of Miami","10000650","Mechanical Engineering","10314","Doctor of Philosophy","US","USA"," "," ","X","ใช่","99997","วุฒิเพิ่มเติม","19890619"
"00016123","","99991231","D1","ปริญญาตรี/เทียบเท่า","2200000177","วิทยาลัยครูจันทรเกษม","00000000","--ไม่สามารถระบุได้--","20014","ครุศาสตรบัณฑิต","TH","ไทย"," "," ","X","ใช่","99999","วุฒิเริ่มบรรจุ","19950717"
"00016126","","99991231","F1","ปริญญาโท/เทียบเท่า","1200000275","Kent State University","10000243","Deformation Process","10409","M.A.","US","USA"," "," ","X","ใช่","99999","วุฒิเริ่มบรรจุ","19990902"
"00016128","19700101","99991231","C3","ปวส.หรือเทียบเท่า","2200000205","วิทยาลัยครูอาชีวศึกษา","20000645","ไฟฟ้ากำลัง","20172","ประกาศนียบัตรวิชาชีพชั้นสูง","TH","ไทย"," "," ","X","ใช่","99999","วุฒิเริ่มบรรจุ","19720101"
"00016133","19700101","99991231","C3","ปวส.หรือเทียบเท่า","2200000205","วิทยาลัยครูอาชีวศึกษา","00000000","--ไม่สามารถระบุได้--","20199","ประโยคครูมัธยม วส","TH","ไทย"," "," ","X","ใช่","99999","วุฒิเริ่มบรรจุ","19730101"
"00016134","19710101","99991231","F1","ปริญญาโท/เทียบเท่า","1200000219","Imperial College of Science and Technology University of London","00000000","--ไม่สามารถระบุได้--","20211","ปริญญาโท(Control Systems) D.I.","GB","United Kingdom"," "," "," ","ไม่","99998","ปรับวุฒิ","19720101"
"00016134","19650101","99991231","D1","ปริญญาตรี/เทียบเท่า","2200000003","จุฬาลงกรณ์มหาวิทยาลัย","20000644","ไฟฟ้า","20260","วิศวกรรมศาสตรบัณฑิต","TH","ไทย"," "," "," ","ไม่","99999","วุฒิเริ่มบรรจุ","19690101"
"00016134","19740101","99991231","H1","ปริญญาเอก/เทียบเท่า","1200000750","University of Illinois","20000880","วิศวกรรมไฟฟ้าควบคุมระบบ","10527","Philosophy Degree","US","USA"," "," ","X","ใช่","99998","ปรับวุฒิ","19770101"
"00017109","19810406","99991231","H1","ปริญญาเอก/เทียบเท่า","1200000709","University of California, Berkeley","00000000","--ไม่สามารถระบุได้--","10314","Doctor of Philosophy","US","USA"," "," ","X","ใช่","99998","ปรับวุฒิ","19820720"
"00017109","19700101","99991231","D1","ปริญญาตรี/เทียบเท่า","2200000003","จุฬาลงกรณ์มหาวิทยาลัย","00000000","--ไม่สามารถระบุได้--","20260","วิศวกรรมศาสตรบัณฑิต","TH","ไทย"," "," "," ","ไม่","99999","วุฒิเริ่มบรรจุ","19740101"
"00017111","19690101","99991231","F1","ปริญญาโท/เทียบเท่า","2200000398","สถาบันเทคโนโลยีแห่งเอเชีย","00000000","--ไม่สามารถระบุได้--","10461","Master of Engineering","TH","ไทย"," "," "," ","ไม่","99998","ปรับวุฒิ","19710101"
"00017111","19650101","99991231","D1","ปริญญาตรี/เทียบเท่า","2200000003","จุฬาลงกรณ์มหาวิทยาลัย","00000000","--ไม่สามารถระบุได้--","20260","วิศวกรรมศาสตรบัณฑิต","TH","ไทย"," "," "," ","ไม่","99999","วุฒิเริ่มบรรจุ","19690101"
"00017111","19760101","99991231","H1","ปริญญาเอก/เทียบเท่า","1200000451","Purdue University","10000364","Environmental Engineering","10527","Philosophy Degree","US","USA"," "," ","X","ใช่","99998","ปรับวุฒิ","19790101"
"00017136","19700101","99991231","C1","ปวช.หรือเทียบเท่า","2100000309","โรงเรียนเทคนิคสมุทรปราการ","20000645","ไฟฟ้ากำลัง","20170","ประกาศนียบัตรวิชาชีพ","TH","ไทย"," "," ","X","ใช่","99999","วุฒิเริ่มบรรจุ","19730101"
"00017157","19660101","99991231","D1","ปริญญาตรี/เทียบเท่า","1200000428","Osaka University","20000878","วิศวกรรมไฟฟ้า","10048","Bachelor of Engineering","JP","Japan"," "," "," ","ไม่","99997","วุฒิเพิ่มเติม","19690101"
"00017157","19710101","99991231","H1","ปริญญาเอก/เทียบเท่า","1200000428","Osaka University","20000878","วิศวกรรมไฟฟ้า","10297","Doctor of Engineering","JP","Japan"," "," ","X","ใช่","99999","วุฒิเริ่มบรรจุ","19740101"
"00017157","19690101","99991231","F1","ปริญญาโท/เทียบเท่า","1200000428","Osaka University","20000878","วิศวกรรมไฟฟ้า","10461","Master of Engineering","JP","Japan"," "," "," ","ไม่","99997","วุฒิเพิ่มเติม","19710101"
"00017188","","99991231","A1","ประถมศึกษาตอนต้น","2100001241","โรงเรียนวัดสามง่าม","00000000","--ไม่สามารถระบุได้--","20194","ประถมศึกษาตอนต้น(ป.4)","TH","ไทย"," "," ","X","ใช่","99999","วุฒิเริ่มบรรจุ","19990902"
"00018014","","99991231","C1","ปวช.หรือเทียบเท่า","2100000882","โรงเรียนมิตรพลพณิชยการ","00000000","--ไม่สามารถระบุได้--","20170","ประกาศนียบัตรวิชาชีพ","TH","ไทย"," "," ","X","ใช่","99999","วุฒิเริ่มบรรจุ","19730101"
"00018037","","99991231","D1","ปริญญาตรี/เทียบเท่า","2200000190","วิทยาลัยครูพระนคร","20001128","อุตสาหกรรม","20014","ครุศาสตรบัณฑิต","TH","ไทย"," "," ","X","ใช่","99999","วุฒิเริ่มบรรจุ","19840101"
"00018052","","99991231","H1","ปริญญาเอก/เทียบเท่า","1200000822","University of Rennes","00000000","--ไม่สามารถระบุได้--","10280","Docteur Ingenieur","FR","France"," "," ","X","ใช่","99998","ปรับวุฒิ","19810101"
"00018052","","99991231","D1","ปริญญาตรี/เทียบเท่า","2200000003","จุฬาลงกรณ์มหาวิทยาลัย","00000000","--ไม่สามารถระบุได้--","20260","วิศวกรรมศาสตรบัณฑิต","TH","ไทย","01","เกียรตินิยมอันดับ 2"," ","ไม่","99999","วุฒิเริ่มบรรจุ","19740101"
"00018060","19700101","99991231","D1","ปริญญาตรี/เทียบเท่า","2200000003","จุฬาลงกรณ์มหาวิทยาลัย","00000000","--ไม่สามารถระบุได้--","20260","วิศวกรรมศาสตรบัณฑิต","TH","ไทย"," "," "," ","ไม่","99999","วุฒิเริ่มบรรจุ","19740101"
"00018060","19760101","99991231","F1","ปริญญาโท/เทียบเท่า","1200000024","Asian Institute of Technology (AIT)","10000275","Division of Industrial Eng. & Management","20261","วิศวกรรมศาสตรมหาบัณฑิต","TH","ไทย"," "," ","X","ใช่","99998","ปรับวุฒิ","19770101"
"00018119","19720101","99991231","F1","ปริญญาโท/เทียบเท่า","1200000718","University of Cincinnati","00000000","--ไม่สามารถระบุได้--","10503","Master of Science","US","USA"," "," "," ","ไม่","99998","ปรับวุฒิ","19730101"
"00018119","19680101","99991231","D1","ปริญญาตรี/เทียบเท่า","2200000003","จุฬาลงกรณ์มหาวิทยาลัย","00000000","--ไม่สามารถระบุได้--","20260","วิศวกรรมศาสตรบัณฑิต","TH","ไทย"," "," "," ","ไม่","99999","วุฒิเริ่มบรรจุ","19710101"
"00018119","19730101","99991231","H1","ปริญญาเอก/เทียบเท่า","1200000718","University of Cincinnati","00000000","--ไม่สามารถระบุได้--","10527","Philosophy Degree","US","USA"," "," ","X","ใช่","99998","ปรับวุฒิ","19750101"
"00018120","19690101","99991231","D1","ปริญญาตรี/เทียบเท่า","1200000279","Kyoto University","20000878","วิศวกรรมไฟฟ้า","10048","Bachelor of Engineering","JP","Japan"," "," "," ","ไม่","99999","วุฒิเริ่มบรรจุ","19730101"
"00018120","19730801","99991231","F1","ปริญญาโท/เทียบเท่า","1200000279","Kyoto University","20000878","วิศวกรรมไฟฟ้า","10461","Master of Engineering","JP","Japan"," "," ","X","ใช่","99998","ปรับวุฒิ","19750801"
"00019049","19690101","99991231","D1","ปริญญาตรี/เทียบเท่า","2200000003","จุฬาลงกรณ์มหาวิทยาลัย","20000871","วิศวกรรมเคมี","20260","วิศวกรรมศาสตรบัณฑิต","TH","ไทย"," "," "," ","ไม่","99999","วุฒิเริ่มบรรจุ","19740101"
"00019049","19770101","99991231","H1","ปริญญาเอก/เทียบเท่า","1200000678","University I.N.S.A.","10000147","Chemical Engineering","10280","Docteur Ingenieur","FR","France"," "," ","X","ใช่","99998","ปรับวุฒิ","19800102"
"00019057","19790701","99991231","H1","ปริญญาเอก/เทียบเท่า","1200000867","University of Wales","20000466","ธรณีวิทยาเหมืองแร่","10314","Doctor of Philosophy","GB","United Kingdom"," "," ","X","ใช่","99997","วุฒิเพิ่มเติม","19810731"
"00019057","","99991231","D1","ปริญญาตรี/เทียบเท่า","2200000003","จุฬาลงกรณ์มหาวิทยาลัย","00000000","--ไม่สามารถระบุได้--","20256","วิทยาศาสตรบัณฑิต","TH","ไทย"," "," "," ","ไม่","99999","วุฒิเริ่มบรรจุ","19710101"
"00019058","19790822","99991231","H1","ปริญญาเอก/เทียบเท่า","1200000253","Iowa State University","10000213","Computer Science","10314","Doctor of Philosophy","US","USA"," "," ","X","ใช่","99998","ปรับวุฒิ","19840130"
"00019058","19720101","99991231","D1","ปริญญาตรี/เทียบเท่า","2200000003","จุฬาลงกรณ์มหาวิทยาลัย","20000644","ไฟฟ้า","20260","วิศวกรรมศาสตรบัณฑิต","TH","ไทย"," "," "," ","ไม่","99999","วุฒิเริ่มบรรจุ","19760101"
"00019060","19700101","99991231","D1","ปริญญาตรี/เทียบเท่า","2200000003","จุฬาลงกรณ์มหาวิทยาลัย","20000724","โยธา","20260","วิศวกรรมศาสตรบัณฑิต","TH","ไทย"," "," "," ","ไม่","99999","วุฒิเริ่มบรรจุ","19730101"
"00019060","","99991231","C4","ต่ำกว่าปริญญาตรี","1200000098","Colorado Research Institute","10000401","Flood Control Planning","10068","Certificate","US","USA"," "," "," ","ไม่","99998","ปรับวุฒิ","19810101"
"00019060","","99991231","F1","ปริญญาโท/เทียบเท่า","1200000101","Colorado State University","10001062","Water Resources","10503","Master of Science","US","USA"," "," ","X","ใช่","99998","ปรับวุฒิ","19770510"
"00019061","19690101","99991231","D1","ปริญญาตรี/เทียบเท่า","2200000377","สถาบันเทคโนโลยีพระจอมเกล้าวิทยาเขตธนบุรี","20000724","โยธา","20260","วิศวกรรมศาสตรบัณฑิต","TH","ไทย"," "," "," ","ไม่","99999","วุฒิเริ่มบรรจุ","19740101"
"00019061","","99991231","F1","ปริญญาโท/เทียบเท่า","2200000003","จุฬาลงกรณ์มหาวิทยาลัย","20000883","วิศวกรรมโยธา","20261","วิศวกรรมศาสตรมหาบัณฑิต","TH","ไทย"," "," ","X","ใช่","99998","ปรับวุฒิ","19780101"
"00019084","19740601","99991231","F1","ปริญญาโท/เทียบเท่า","2200000003","จุฬาลงกรณ์มหาวิทยาลัย","00000000","--ไม่สามารถระบุได้--","20261","วิศวกรรมศาสตรมหาบัณฑิต","TH","ไทย"," "," "," ","ไม่","99998","ปรับวุฒิ","19760511"
"00019084","","99991231","D1","ปริญญาตรี/เทียบเท่า","2200000003","จุฬาลงกรณ์มหาวิทยาลัย","00000000","--ไม่สามารถระบุได้--","20260","วิศวกรรมศาสตรบัณฑิต","TH","ไทย"," "," "," ","ไม่","99999","วุฒิเริ่มบรรจุ","19700101"
"00019084","19770703","99991231","H1","ปริญญาเอก/เทียบเท่า","1200000229","Insa (Laas) Toulouse","00000000","--ไม่สามารถระบุได้--","10280","Docteur Ingenieur","FR","France"," "," ","X","ใช่","99998","ปรับวุฒิ","19791127"
"00019108","19700101","99991231","D1","ปริญญาตรี/เทียบเท่า","2200000011","มหาวิทยาลัยเกษตรศาสตร์","20000273","เครื่องกล","20260","วิศวกรรมศาสตรบัณฑิต","TH","ไทย"," "," "," ","ไม่","99999","วุฒิเริ่มบรรจุ","19740101"
"00019108","19750101","99991231","F1","ปริญญาโท/เทียบเท่า","1200000163","Fairleigh Dickinson University","00000000","--ไม่สามารถระบุได้--","10500","Master of S.Master of E.","US","USA"," "," ","X","ใช่","99998","ปรับวุฒิ","19760101"
"00019111","19640101","99991231","B1","มัธยมศึกษาตอนต้น","2100000025","โรงเรียนกรุงเทพศึกษา","00000000","--ไม่สามารถระบุได้--","20242","มัธยมศึกษาตอนต้น","TH","ไทย"," "," ","X","ใช่","99999","วุฒิเริ่มบรรจุ","19670101"
"00019114","19690101","99991231","D1","ปริญญาตรี/เทียบเท่า","2200000013","มหาวิทยาลัยขอนแก่น","20000868","วิศวกรรมเกษตร","20260","วิศวกรรมศาสตรบัณฑิต","TH","ไทย"," "," "," ","ไม่","99999","วุฒิเริ่มบรรจุ","19730101"
"00019114","19840122","99991231","H1","ปริญญาเอก/เทียบเท่า","1200000280","Kyushu University","10000026","Agricultural Engineering","10289","Doctor of Agriculture","JP","Japan"," "," ","X","ใช่","99998","ปรับวุฒิ","19880330"
"00019114","19741009","99991231","F1","ปริญญาโท/เทียบเท่า","2200000398","สถาบันเทคโนโลยีแห่งเอเชีย","10000028","Agricultural Systems Engineer and Manage","10503","Master of Science","TH","ไทย"," "," "," ","ไม่","99997","วุฒิเพิ่มเติม","19761001"
"00019118","19650101","99991231","D1","ปริญญาตรี/เทียบเท่า","2200000003","จุฬาลงกรณ์มหาวิทยาลัย","00000000","--ไม่สามารถระบุได้--","20260","วิศวกรรมศาสตรบัณฑิต","TH","ไทย"," "," ","X","ใช่","99999","วุฒิเริ่มบรรจุ","19720101"
"00019158","","99991231","A2","ประถมศึกษาตอนปลาย","0000000000","--ไม่สามารถระบุได้--","00000000","--ไม่สามารถระบุได้--","20195","ประถมศึกษาตอนปลาย","TH","ไทย"," "," ","X","ใช่","99999","วุฒิเริ่มบรรจุ","19990902"
"00017004","19710101","99991231","D1","ปริญญาตรี/เทียบเท่า","2200000332","วิทยาลัยวิชาการศึกษาพลศึกษา","00000000","--ไม่สามารถระบุได้--","20006","การศึกษาบัณฑิต","TH","ไทย"," "," "," ","ไม่","99999","วุฒิเริ่มบรรจุ","19730101"
"00017004","","99991231","F1","ปริญญาโท/เทียบเท่า","2200000003","จุฬาลงกรณ์มหาวิทยาลัย","20000245","คอมพิวเตอร์","20258","วิทยาศาสตรมหาบัณฑิต","TH","ไทย"," "," ","X","ใช่","99998","ปรับวุฒิ","19810101"
"00020023","","99991231","D1","ปริญญาตรี/เทียบเท่า","2200000177","วิทยาลัยครูจันทรเกษม","00000000","--ไม่สามารถระบุได้--","20014","ครุศาสตรบัณฑิต","TH","ไทย"," "," ","X","ใช่","99999","วุฒิเริ่มบรรจุ","19990902"
"00017023","19810803","99991231","H1","ปริญญาเอก/เทียบเท่า","1200000784","University of Missouri","10000676","Mining Engineering","10314","Doctor of Philosophy","US","USA"," "," ","X","ใช่","99998","ปรับวุฒิ","19880515"
"00017023","19670101","99991231","D1","ปริญญาตรี/เทียบเท่า","2200000003","จุฬาลงกรณ์มหาวิทยาลัย","20000465","ธรณีวิทยา","20256","วิทยาศาสตรบัณฑิต","TH","ไทย"," "," "," ","ไม่","99999","วุฒิเริ่มบรรจุ","19710101"
"10004550","20060522","99991231","C3","ปวส.หรือเทียบเท่า","2200000447","วิทยาลัยการอาชีพพุทธมณฑล","20000514","บริหารทรัพยากรมนุษย์","20041","บริหารธุรกิจ","TH","ไทย"," "," "," ","ไม่","99997","วุฒิเพิ่มเติม","20070326"
"10004550","","99991231","D1","ปริญญาตรี/เทียบเท่า","2200000056","มหาวิทยาลัยราชภัฏบ้านสมเด็จเจ้าพระยา","20000514","บริหารทรัพยากรมนุษย์","20043","บริหารธุรกิจบัณฑิต","TH","ไทย"," "," ","X","ใช่","99999","วุฒิเริ่มบรรจุ","20101224"
"00020045","","99991231","D1","ปริญญาตรี/เทียบเท่า","2200000071","มหาวิทยาลัยศรีนครินทรวิโรฒ วิทยาเขตประสานมิตร","20000254","เคมี","20320","ศึกษาศาสตรบัณฑิต","TH","ไทย"," "," ","X","ใช่","99999","วุฒิเริ่มบรรจุ","19800101"
"10017572","","99991231","D1","ปริญญาตรี/เทียบเท่า","2200000431","สถาบันราชภัฎสวนดุสิต","20000490","นิเทศศาสตร์","20312","ศิลปศาสตรบัณฑิต","TH","ไทย"," "," ","X","ใช่","99999","วุฒิเริ่มบรรจุ","20030328"
"00018125","19720101","99991231","F1","ปริญญาโท/เทียบเท่า","2200000003","จุฬาลงกรณ์มหาวิทยาลัย","20001057","สุขาภิบาล","20261","วิศวกรรมศาสตรมหาบัณฑิต","TH","ไทย"," "," "," ","ไม่","99998","ปรับวุฒิ","19750101"
"00018125","19680101","99991231","D1","ปริญญาตรี/เทียบเท่า","2200000011","มหาวิทยาลัยเกษตรศาสตร์","20000724","โยธา","20260","วิศวกรรมศาสตรบัณฑิต","TH","ไทย"," "," "," ","ไม่","99999","วุฒิเริ่มบรรจุ","19720101"
"00018125","19760913","99991231","H1","ปริญญาเอก/เทียบเท่า","1200000229","Insa (Laas) Toulouse","00000000","--ไม่สามารถระบุได้--","10280","Docteur Ingenieur","FR","France"," "," ","X","ใช่","99998","ปรับวุฒิ","19841214"
"00020074","","99991231","D1","ปริญญาตรี/เทียบเท่า","2200000003","จุฬาลงกรณ์มหาวิทยาลัย","20000724","โยธา","20260","วิศวกรรมศาสตรบัณฑิต","TH","ไทย"," "," "," ","ไม่","99998","ปรับวุฒิ","19990902"
"00020074","","99991231","H1","ปริญญาเอก/เทียบเท่า","1200000774","University of Maryland","10000336","Engineering","10527","Philosophy Degree","US","USA"," "," ","X","ใช่","99999","วุฒิเริ่มบรรจุ","19890101"
"00020074","","99991231","F1","ปริญญาโท/เทียบเท่า","1200000704","University of California","10000336","Engineering","10503","Master of Science","US","USA"," "," "," ","ไม่","99998","ปรับวุฒิ","19990902"
"00020075","19700101","99991231","F1","ปริญญาโท/เทียบเท่า","1200000750","University of Illinois","20000725","โยธาโครงสร้าง","20210","ปริญญาโท","US","USA"," "," "," ","ไม่","99998","ปรับวุฒิ","19710101"
"00020075","19660101","99991231","D1","ปริญญาตรี/เทียบเท่า","2200000003","จุฬาลงกรณ์มหาวิทยาลัย","20000884","วิศวกรรมโยธาโครงสร้าง","20205","ปริญญาตรี","TH","ไทย"," "," "," ","ไม่","99999","วุฒิเริ่มบรรจุ","19700101"
"00020075","19710101","99991231","H1","ปริญญาเอก/เทียบเท่า","1200000843","University of Texas at Arlington","20000725","โยธาโครงสร้าง","20212","ปริญญาเอก","US","USA"," "," ","X","ใช่","99998","ปรับวุฒิ","19750101"
"00017068","","99991231","F1","ปริญญาโท/เทียบเท่า","2200000003","จุฬาลงกรณ์มหาวิทยาลัย","20001127","อุดมศึกษา","20015","ครุศาสตรมหาบัณฑิต","TH","ไทย"," "," ","X","ใช่","99998","ปรับวุฒิ","19960530"
"00017068","","99991231","D1","ปริญญาตรี/เทียบเท่า","2200000072","มหาวิทยาลัยศรีนครินทรวิโรฒ วิทยาเขตพลศึกษา","00000000","--ไม่สามารถระบุได้--","20320","ศึกษาศาสตรบัณฑิต","TH","ไทย"," "," "," ","ไม่","99999","วุฒิเริ่มบรรจุ","19990902"
"00017083","19670101","99991231","D1","ปริญญาตรี/เทียบเท่า","2200000049","มหาวิทยาลัยมหิดล","20001057","สุขาภิบาล","20256","วิทยาศาสตรบัณฑิต","TH","ไทย"," "," "," ","ไม่","99999","วุฒิเริ่มบรรจุ","19710101"
"00017083","19710101","99991231","F1","ปริญญาโท/เทียบเท่า","2200000003","จุฬาลงกรณ์มหาวิทยาลัย","20000245","คอมพิวเตอร์","20258","วิทยาศาสตรมหาบัณฑิต","TH","ไทย"," "," ","X","ใช่","99998","ปรับวุฒิ","19740101"
"10004693","20000401","99991231","F1","ปริญญาโท/เทียบเท่า","1200001235","Tottori University","10000106","Biotechnology","10503","Master of Science","JP","Japan"," "," "," ","ไม่","99997","วุฒิเพิ่มเติม","20020331"
"10004693","19950601","99991231","D1","ปริญญาตรี/เทียบเท่า","2200000003","จุฬาลงกรณ์มหาวิทยาลัย","20000871","วิศวกรรมเคมี","20260","วิศวกรรมศาสตรบัณฑิต","TH","ไทย","00","เกียรตินิยมอันดับ 1"," ","ไม่","99997","วุฒิเพิ่มเติม","19990331"
"10004693","20020401","99991231","H1","ปริญญาเอก/เทียบเท่า","1200001235","Tottori University","10000601","Macromolecular Science and Engineering","10314","Doctor of Philosophy","JP","Japan"," "," ","X","ใช่","99999","วุฒิเริ่มบรรจุ","20050331"
"10011952","20040607","99991231","D1","ปริญญาตรี/เทียบเท่า","2200000024","มหาวิทยาลัยเทคโนโลยีราชมงคลกรุงเทพ","20000728","ระบบสารสนเทศ","20043","บริหารธุรกิจบัณฑิต","TH","ไทย"," "," ","X","ใช่","99999","วุฒิเริ่มบรรจุ","20070308"
"00017125","19700101","99991231","C1","ปวช.หรือเทียบเท่า","2100000748","โรงเรียนพณิชยการพระนครศรีอยุธยา","00000000","--ไม่สามารถระบุได้--","20170","ประกาศนียบัตรวิชาชีพ","TH","ไทย"," "," ","X","ใช่","99999","วุฒิเริ่มบรรจุ","19730101"
"00019035","19710101","99991231","D1","ปริญญาตรี/เทียบเท่า","2200000003","จุฬาลงกรณ์มหาวิทยาลัย","00000000","--ไม่สามารถระบุได้--","20260","วิศวกรรมศาสตรบัณฑิต","TH","ไทย"," "," "," ","ไม่","99999","วุฒิเริ่มบรรจุ","19740101"
"00019035","19790101","99991231","F1","ปริญญาโท/เทียบเท่า","1200000862","University of Utah","10000664","Metallurgical Engineering","10461","Master of Engineering","US","USA"," "," ","X","ใช่","99998","ปรับวุฒิ","19810602"
"00019036","19710101","99991231","D1","ปริญญาตรี/เทียบเท่า","2200000003","จุฬาลงกรณ์มหาวิทยาลัย","20001071","เหมืองแร่","20260","วิศวกรรมศาสตรบัณฑิต","TH","ไทย"," "," "," ","ไม่","99999","วุฒิเริ่มบรรจุ","19740101"
"00019036","19780101","99991231","H1","ปริญญาเอก/เทียบเท่า","1200000762","University of Leeds","10000676","Mining Engineering","10527","Philosophy Degree","GB","United Kingdom"," "," ","X","ใช่","99998","ปรับวุฒิ","19820101"
"00019037","19700101","99991231","C1","ปวช.หรือเทียบเท่า","2100000753","โรงเรียนพณิชยการราชดำเนิน","00000000","--ไม่สามารถระบุได้--","20170","ประกาศนียบัตรวิชาชีพ","TH","ไทย"," "," ","X","ใช่","99999","วุฒิเริ่มบรรจุ","19720101"
"00019088","19710101","99991231","F1","ปริญญาโท/เทียบเท่า","1200000428","Osaka University","00000000","--ไม่สามารถระบุได้--","20261","วิศวกรรมศาสตรมหาบัณฑิต","JP","Japan"," "," "," ","ไม่","99998","ปรับวุฒิ","19730101"
"00019088","19660101","99991231","D1","ปริญญาตรี/เทียบเท่า","2200000003","จุฬาลงกรณ์มหาวิทยาลัย","00000000","--ไม่สามารถระบุได้--","20260","วิศวกรรมศาสตรบัณฑิต","TH","ไทย"," "," "," ","ไม่","99999","วุฒิเริ่มบรรจุ","19700101"
"00019088","19730101","99991231","H1","ปริญญาเอก/เทียบเท่า","1200000428","Osaka University","00000000","--ไม่สามารถระบุได้--","20259","วิศวกรรมศาสตรดุษฎีบัณฑิต","JP","Japan"," "," ","X","ใช่","99998","ปรับวุฒิ","19760101"
"00019093","19720601","99991231","D1","ปริญญาตรี/เทียบเท่า","2200000003","จุฬาลงกรณ์มหาวิทยาลัย","20000644","ไฟฟ้า","20260","วิศวกรรมศาสตรบัณฑิต","TH","ไทย","01","เกียรตินิยมอันดับ 2"," ","ไม่","99999","วุฒิเริ่มบรรจุ","19760315"
"00019093","19810812","99991231","H1","ปริญญาเอก/เทียบเท่า","1200000471","Rice University","10000327","Electronic Engineering","10314","Doctor of Philosophy","US","USA"," "," ","X","ใช่","99998","ปรับวุฒิ","19860704"
"00019093","19780102","99991231","F1","ปริญญาโท/เทียบเท่า","1200000377","Netherlands University Foundation for International Co.","10000327","Electronic Engineering","10460","Master of Electronic Engineering","NL","Netherlands"," "," "," ","ไม่","99998","ปรับวุฒิ","19790615"
"00019104","","99991231","D1","ปริญญาตรี/เทียบเท่า","2200000374","สถาบันเทคโนโลยีพระจอมเกล้า","20000878","วิศวกรรมไฟฟ้า","20016","ครุศาสตร์อุตสาหกรรมบัณฑิต","TH","ไทย"," "," ","X","ใช่","99999","วุฒิเริ่มบรรจุ","19790101"
"00019195","","99991231","A1","ประถมศึกษาตอนต้น","0000000000","--ไม่สามารถระบุได้--","00000000","--ไม่สามารถระบุได้--","20194","ประถมศึกษาตอนต้น(ป.4)","TH","ไทย"," "," ","X","ใช่","99999","วุฒิเริ่มบรรจุ","19990902"
"00020006","19680101","99991231","D1","ปริญญาตรี/เทียบเท่า","2200000003","จุฬาลงกรณ์มหาวิทยาลัย","20000724","โยธา","20260","วิศวกรรมศาสตรบัณฑิต","TH","ไทย"," "," "," ","ไม่","99999","วุฒิเริ่มบรรจุ","19720101"
"00020006","19740101","99991231","H1","ปริญญาเอก/เทียบเท่า","1200000424","Oregon State University","20000724","โยธา","10527","Philosophy Degree","US","USA"," "," ","X","ใช่","99998","ปรับวุฒิ","19760101"
"00020006","19720101","99991231","F1","ปริญญาโท/เทียบเท่า","1200000871","University of Washington","00000000","--ไม่สามารถระบุได้--","10497","Master of S.C.E.","US","USA"," "," "," ","ไม่","99998","ปรับวุฒิ","19730101"
"00020007","19780101","99991231","H1","ปริญญาเอก/เทียบเท่า","1200000228","Ins.Nt.Des Science Appliquess Le Toulouse","00000000","--ไม่สามารถระบุได้--","10280","Docteur Ingenieur","FR","France"," "," ","X","ใช่","99998","ปรับวุฒิ","19820101"
"00020007","19700101","99991231","D1","ปริญญาตรี/เทียบเท่า","2200000003","จุฬาลงกรณ์มหาวิทยาลัย","20000724","โยธา","20260","วิศวกรรมศาสตรบัณฑิต","TH","ไทย"," "," "," ","ไม่","99999","วุฒิเริ่มบรรจุ","19730101"
"00020102","19740101","99991231","F1","ปริญญาโท/เทียบเท่า","2200000003","จุฬาลงกรณ์มหาวิทยาลัย","20000499","บรรณารักษ์","20375","อักษรศาสตรมหาบัณฑิต","TH","ไทย"," "," ","X","ใช่","99998","ปรับวุฒิ","19770101"
"00020102","19700101","99991231","D1","ปริญญาตรี/เทียบเท่า","2200000003","จุฬาลงกรณ์มหาวิทยาลัย","00000000","--ไม่สามารถระบุได้--","20037","นิเทศศาสตรบัณฑิต","TH","ไทย"," "," "," ","ไม่","99999","วุฒิเริ่มบรรจุ","19740101"
"00020138","19670601","99991231","D1","ปริญญาตรี/เทียบเท่า","2200000003","จุฬาลงกรณ์มหาวิทยาลัย","20000724","โยธา","20260","วิศวกรรมศาสตรบัณฑิต","TH","ไทย"," "," "," ","ไม่","99998","ปรับวุฒิ","19710330"
"00020138","19740501","99991231","H1","ปริญญาเอก/เทียบเท่า","1200000451","Purdue University","10000172","Civil Engineering","10314","Doctor of Philosophy","US","USA"," "," ","X","ใช่","99998","ปรับวุฒิ","19770801"
"00020138","19730101","99991231","F1","ปริญญาโท/เทียบเท่า","1200000451","Purdue University","10000172","Civil Engineering","10503","Master of Science","US","USA"," "," "," ","ไม่","99999","วุฒิเริ่มบรรจุ","19740501"
"00020175","19750601","99991231","F1","ปริญญาโท/เทียบเท่า","2200000003","จุฬาลงกรณ์มหาวิทยาลัย","20000870","วิศวกรรมคอมพิวเตอร์","20258","วิทยาศาสตรมหาบัณฑิต","TH","ไทย"," "," ","X","ใช่","99998","ปรับวุฒิ","19770501"
"00020175","19700601","99991231","D1","ปริญญาตรี/เทียบเท่า","2200000003","จุฬาลงกรณ์มหาวิทยาลัย","20000817","วิทยาศาสตร์","20014","ครุศาสตรบัณฑิต","TH","ไทย"," "," "," ","ไม่","99999","วุฒิเริ่มบรรจุ","19740401"
"00020177","","99991231","A1","ประถมศึกษาตอนต้น","0000000000","--ไม่สามารถระบุได้--","00000000","--ไม่สามารถระบุได้--","20194","ประถมศึกษาตอนต้น(ป.4)","TH","ไทย"," "," ","X","ใช่","99999","วุฒิเริ่มบรรจุ","19990902"
"00020201","","99991231","A2","ประถมศึกษาตอนปลาย","0000000000","--ไม่สามารถระบุได้--","00000000","--ไม่สามารถระบุได้--","20195","ประถมศึกษาตอนปลาย","TH","ไทย"," "," ","X","ใช่","99999","วุฒิเริ่มบรรจุ","19990902"
"00020202","","99991231","A1","ประถมศึกษาตอนต้น","0000000000","--ไม่สามารถระบุได้--","00000000","--ไม่สามารถระบุได้--","20194","ประถมศึกษาตอนต้น(ป.4)","TH","ไทย"," "," ","X","ใช่","99999","วุฒิเริ่มบรรจุ","19990902"
"00020215","","99991231","A1","ประถมศึกษาตอนต้น","0000000000","--ไม่สามารถระบุได้--","00000000","--ไม่สามารถระบุได้--","20194","ประถมศึกษาตอนต้น(ป.4)","TH","ไทย"," "," ","X","ใช่","99999","วุฒิเริ่มบรรจุ","19990902"
"00021009","19710101","99991231","F1","ปริญญาโท/เทียบเท่า","1200000747","University of Houston","00000000","--ไม่สามารถระบุได้--","10497","Master of S.C.E.","US","USA"," "," "," ","ไม่","99998","ปรับวุฒิ","19720101"
"00021009","19660101","99991231","D1","ปริญญาตรี/เทียบเท่า","2200000003","จุฬาลงกรณ์มหาวิทยาลัย","00000000","--ไม่สามารถระบุได้--","20260","วิศวกรรมศาสตรบัณฑิต","TH","ไทย"," "," "," ","ไม่","99999","วุฒิเริ่มบรรจุ","19700101"
"00021009","19740101","99991231","H1","ปริญญาเอก/เทียบเท่า","1200000842","University of Texas","00000000","--ไม่สามารถระบุได้--","10527","Philosophy Degree","US","USA"," "," ","X","ใช่","99998","ปรับวุฒิ","19770101"
"00021037","","99991231","D1","ปริญญาตรี/เทียบเท่า","2200000283","วิทยาลัยเทคโนโลยีและอาชีวศึกษา","20000275","เครื่องกล-เทคนิคยานยนต์","20016","ครุศาสตร์อุตสาหกรรมบัณฑิต","TH","ไทย"," "," "," ","ไม่","99999","วุฒิเริ่มบรรจุ","19990902"
"00021037","","99991231","F1","ปริญญาโท/เทียบเท่า","2200000003","จุฬาลงกรณ์มหาวิทยาลัย","20000494","นิวเคลียร์เทคโนโลยี","20261","วิศวกรรมศาสตรมหาบัณฑิต","TH","ไทย"," "," ","X","ใช่","99998","ปรับวุฒิ","19990902"
"00038580","","99991231","C3","ปวส.หรือเทียบเท่า","2100000241","โรงเรียนดุสิตพณิชยการ","20000247","คอมพิวเตอร์ธุรกิจ","20172","ประกาศนียบัตรวิชาชีพชั้นสูง","TH","ไทย"," "," ","X","ใช่","99999","วุฒิเริ่มบรรจุ","19950331"
"10026233","20180625","99991231","D1","ปริญญาตรี/เทียบเท่า","2200000024","มหาวิทยาลัยเทคโนโลยีราชมงคลกรุงเทพ","20000451","เทคโนโลยีสารสนเทศ","20256","วิทยาศาสตรบัณฑิต","TH","ไทย"," "," ","X","ใช่","99999","วุฒิเริ่มบรรจุ","20240329"
"00039413","19830101","99991231","C3","ปวส.หรือเทียบเท่า","2200000209","วิทยาลัยช่างกลปทุมวัน","20000332","ช่างไฟฟ้ากำลัง","20172","ประกาศนียบัตรวิชาชีพชั้นสูง","TH","ไทย"," "," "," ","ไม่","99999","วุฒิเริ่มบรรจุ","19840101"
"00039413","19980321","99991231","D1","ปริญญาตรี/เทียบเท่า","2200000417","สถาบันราชภัฎพระนครศรีอยุธยา","20000456","เทคโนโลยีอุตสาหกรรม","20256","วิทยาศาสตรบัณฑิต","TH","ไทย"," "," ","X","ใช่","99997","วุฒิเพิ่มเติม","20000623"
"10011380","19980101","99991231","F1","ปริญญาโท/เทียบเท่า","1200000179","Georgia Institute of Technology","10000650","Mechanical Engineering","10503","Master of Science","US","USA"," "," "," ","ไม่","99997","วุฒิเพิ่มเติม","20000501"
"10011380","19930101","99991231","D1","ปริญญาตรี/เทียบเท่า","2200000003","จุฬาลงกรณ์มหาวิทยาลัย","20000873","วิศวกรรมเครื่องกล","20260","วิศวกรรมศาสตรบัณฑิต","TH","ไทย"," "," "," ","ไม่","99997","วุฒิเพิ่มเติม","19970301"
"10011380","20020101","99991231","H1","ปริญญาเอก/เทียบเท่า","1200000852","University of Tokyo","10000650","Mechanical Engineering","10314","Doctor of Philosophy","JP","Japan"," "," ","X","ใช่","99999","วุฒิเริ่มบรรจุ","20070601"
"00021101","19740201","99991231","F1","ปริญญาโท/เทียบเท่า","1200000384","New South Wales University","20000899","วิศวกรรมอุตสาหการ","20261","วิศวกรรมศาสตรมหาบัณฑิต","AU","Australia"," "," "," ","ไม่","99999","วุฒิเริ่มบรรจุ","19780301"
"00021101","","99991231","D1","ปริญญาตรี/เทียบเท่า","1200000384","New South Wales University","20000899","วิศวกรรมอุตสาหการ","20260","วิศวกรรมศาสตรบัณฑิต","AU","Australia"," "," "," ","ไม่","99998","ปรับวุฒิ","19990902"
"00021101","19830622","99991231","H1","ปริญญาเอก/เทียบเท่า","1200000418","Ohio State University","10000499","Industrial Engineering","10314","Doctor of Philosophy","US","USA"," "," ","X","ใช่","99998","ปรับวุฒิ","19891120"
"00021127","","99991231","H1","ปริญญาเอก/เทียบเท่า","1200000781","University of Michigan","10000635","Material Science and Engineering","10527","Philosophy Degree","US","USA"," "," ","X","ใช่","99998","ปรับวุฒิ","19900101"
"00021127","19730101","99991231","D1","ปริญญาตรี/เทียบเท่า","1200000794","University of New South Wales","10000992","Textile Technology","10052","Bachelor of Science","AU","Australia"," "," "," ","ไม่","99999","วุฒิเริ่มบรรจุ","19760101"
"00021177","19730101","99991231","F1","ปริญญาโท/เทียบเท่า","1200000842","University of Texas","20000871","วิศวกรรมเคมี","20210","ปริญญาโท","US","USA"," "," "," ","ไม่","99997","วุฒิเพิ่มเติม","19740101"
"00021177","19690101","99991231","D1","ปริญญาตรี/เทียบเท่า","1200000279","Kyoto University","20000871","วิศวกรรมเคมี","20205","ปริญญาตรี","JP","Japan"," "," "," ","ไม่","99997","วุฒิเพิ่มเติม","19730101"
"00021177","19750101","99991231","H1","ปริญญาเอก/เทียบเท่า","1200000842","University of Texas","20000871","วิศวกรรมเคมี","20212","ปริญญาเอก","US","USA"," "," ","X","ใช่","99999","วุฒิเริ่มบรรจุ","19780101"
"10011957","20050101","99991231","H1","ปริญญาเอก/เทียบเท่า","0000000000","--ไม่สามารถระบุได้--","10000635","Material Science and Engineering","10318","Doctor of Pilosophy","US","USA"," "," ","X","ใช่","99999","วุฒิเริ่มบรรจุ","20070505"
"10011962","19980518","99991231","H1","ปริญญาเอก/เทียบเท่า","2200000003","จุฬาลงกรณ์มหาวิทยาลัย","20000883","วิศวกรรมโยธา","20259","วิศวกรรมศาสตรดุษฎีบัณฑิต","TH","ไทย"," "," ","X","ใช่","99999","วุฒิเริ่มบรรจุ","20030530"
"10023362","20080527","99991231","F1","ปริญญาโท/เทียบเท่า","2200000003","จุฬาลงกรณ์มหาวิทยาลัย","20000878","วิศวกรรมไฟฟ้า","20261","วิศวกรรมศาสตรมหาบัณฑิต","TH","ไทย"," "," "," ","ไม่","99997","วุฒิเพิ่มเติม","20100602"
"10023362","20040601","99991231","D1","ปริญญาตรี/เทียบเท่า","2200000003","จุฬาลงกรณ์มหาวิทยาลัย","20000878","วิศวกรรมไฟฟ้า","20260","วิศวกรรมศาสตรบัณฑิต","TH","ไทย"," "," "," ","ไม่","99997","วุฒิเพิ่มเติม","20080506"
"10023362","20130529","99991231","H1","ปริญญาเอก/เทียบเท่า","2200000003","จุฬาลงกรณ์มหาวิทยาลัย","20000878","วิศวกรรมไฟฟ้า","20259","วิศวกรรมศาสตรดุษฎีบัณฑิต","TH","ไทย"," "," ","X","ใช่","99999","วุฒิเริ่มบรรจุ","20170811"
"10011969","19950529","99991231","D1","ปริญญาตรี/เทียบเท่า","2200000003","จุฬาลงกรณ์มหาวิทยาลัย","20000883","วิศวกรรมโยธา","20205","ปริญญาตรี","TH","ไทย"," "," "," ","ไม่","99997","วุฒิเพิ่มเติม","19990427"
"10011969","20050816","99991231","H1","ปริญญาเอก/เทียบเท่า","1200000705","University of California at Berkeley","10001018","Transportation Engineering","10314","Doctor of Philosophy","US","USA"," "," ","X","ใช่","99999","วุฒิเริ่มบรรจุ","20050520"
"10011969","20000816","99991231","F1","ปริญญาโท/เทียบเท่า","1200000705","University of California at Berkeley","10001018","Transportation Engineering","10503","Master of Science","US","USA"," "," "," ","ไม่","99997","วุฒิเพิ่มเติม","20010519"
"00022054","","99991231","D1","ปริญญาตรี/เทียบเท่า","2200000283","วิทยาลัยเทคโนโลยีและอาชีวศึกษา","20001131","อุตสาหกรรม-เครื่องมือกล","20016","ครุศาสตร์อุตสาหกรรมบัณฑิต","TH","ไทย"," "," ","X","ใช่","99999","วุฒิเริ่มบรรจุ","19840101"
"00022055","","99991231","D1","ปริญญาตรี/เทียบเท่า","2200000288","วิทยาลัยเทคโนโลยีและอาชีวศึกษา เทเวศร์","20001131","อุตสาหกรรม-เครื่องมือกล","20016","ครุศาสตร์อุตสาหกรรมบัณฑิต","TH","ไทย"," "," ","X","ใช่","99999","วุฒิเริ่มบรรจุ","19990902"
"00022063","19980101","99991231","F1","ปริญญาโท/เทียบเท่า","2200000049","มหาวิทยาลัยมหิดล","20000594","พยาธิวิทยาคลีนิค","20258","วิทยาศาสตรมหาบัณฑิต","TH","ไทย"," "," "," ","ไม่","99997","วุฒิเพิ่มเติม","20000424"
"00022063","","99991231","D1","ปริญญาตรี/เทียบเท่า","2200000067","มหาวิทยาลัยศรีนครินทรวิโรฒ","00000000","--ไม่สามารถระบุได้--","20006","การศึกษาบัณฑิต","TH","ไทย"," "," "," ","ไม่","99999","วุฒิเริ่มบรรจุ","19990902"
"00022063","19980101","99991231","F1","ปริญญาโท/เทียบเท่า","2200000003","จุฬาลงกรณ์มหาวิทยาลัย","00000000","--ไม่สามารถระบุได้--","20258","วิทยาศาสตรมหาบัณฑิต","TH","ไทย"," "," ","X","ใช่","99997","วุฒิเพิ่มเติม","20000525"
"00022100","","99991231","D1","ปริญญาตรี/เทียบเท่า","2200000084","มหาวิทยาลัยสุโขทัยธรรมาธิราช","20000516","บริหารธุรกิจ","20043","บริหารธุรกิจบัณฑิต","TH","ไทย"," "," ","X","ใช่","99999","วุฒิเริ่มบรรจุ","19990902"
"00022142","19810705","99991231","H1","ปริญญาเอก/เทียบเท่า","1200000762","University of Leeds","20000076","การแต่งแร่","10314","Doctor of Philosophy","GB","United Kingdom"," "," ","X","ใช่","99998","ปรับวุฒิ","19850703"
"00022142","19750101","99991231","D1","ปริญญาตรี/เทียบเท่า","2200000003","จุฬาลงกรณ์มหาวิทยาลัย","20000895","วิศวกรรมเหมืองแร่","20260","วิศวกรรมศาสตรบัณฑิต","TH","ไทย"," "," "," ","ไม่","99999","วุฒิเริ่มบรรจุ","19780101"
"00022143","19750101","99991231","D1","ปริญญาตรี/เทียบเท่า","2200000003","จุฬาลงกรณ์มหาวิทยาลัย","20000245","คอมพิวเตอร์","20260","วิศวกรรมศาสตรบัณฑิต","TH","ไทย"," "," ","X","ใช่","99999","วุฒิเริ่มบรรจุ","19780101"
"10012595","","99991231","H1","ปริญญาเอก/เทียบเท่า","2200000003","จุฬาลงกรณ์มหาวิทยาลัย","20000870","วิศวกรรมคอมพิวเตอร์","20259","วิศวกรรมศาสตรดุษฎีบัณฑิต","TH","ไทย"," "," ","X","ใช่","99999","วุฒิเริ่มบรรจุ","20010101"
"10012879","19880915","99991231","F1","ปริญญาโท/เทียบเท่า","1200000546","Stanford University","10000650","Mechanical Engineering","10503","Master of Science","US","USA"," "," "," ","ไม่","99997","วุฒิเพิ่มเติม","19890601"
"10012879","19820601","99991231","D1","ปริญญาตรี/เทียบเท่า","2200000003","จุฬาลงกรณ์มหาวิทยาลัย","20000873","วิศวกรรมเครื่องกล","20260","วิศวกรรมศาสตรบัณฑิต","TH","ไทย"," "," "," ","ไม่","99999","วุฒิเริ่มบรรจุ","19860401"
"10012879","19910915","99991231","H1","ปริญญาเอก/เทียบเท่า","1200000708","University of California Irvine","10000650","Mechanical Engineering","10314","Doctor of Philosophy","US","USA"," "," ","X","ใช่","99998","ปรับวุฒิ","19951215"
"10012954","20000401","99991231","H1","ปริญญาเอก/เทียบเท่า","1200000599","Tokyo University of Agriculture and Technology","10000651","Mechanical Systems Engineering","10297","Doctor of Engineering","JP","Japan"," "," ","X","ใช่","99997","วุฒิเพิ่มเติม","20050925"
"10012954","19930601","99991231","D1","ปริญญาตรี/เทียบเท่า","2200000003","จุฬาลงกรณ์มหาวิทยาลัย","20000873","วิศวกรรมเครื่องกล","20260","วิศวกรรมศาสตรบัณฑิต","TH","ไทย"," "," "," ","ไม่","99999","วุฒิเริ่มบรรจุ","19970331"
"00020115","19710101","99991231","D1","ปริญญาตรี/เทียบเท่า","2200000003","จุฬาลงกรณ์มหาวิทยาลัย","20000873","วิศวกรรมเครื่องกล","20260","วิศวกรรมศาสตรบัณฑิต","TH","ไทย"," "," "," ","ไม่","99999","วุฒิเริ่มบรรจุ","19740101"
"00020115","19840801","99991231","H1","ปริญญาเอก/เทียบเท่า","1200000780","University of Miami","10000650","Mechanical Engineering","10314","Doctor of Philosophy","US","USA"," "," ","X","ใช่","99998","ปรับวุฒิ","19890616"
"00020115","19750601","99991231","F1","ปริญญาโท/เทียบเท่า","2200000003","จุฬาลงกรณ์มหาวิทยาลัย","20000873","วิศวกรรมเครื่องกล","20261","วิศวกรรมศาสตรมหาบัณฑิต","TH","ไทย"," "," "," ","ไม่","99998","ปรับวุฒิ","19770301"
"00020124","19770601","99991231","F1","ปริญญาโท/เทียบเท่า","2200000003","จุฬาลงกรณ์มหาวิทยาลัย","20000494","นิวเคลียร์เทคโนโลยี","20261","วิศวกรรมศาสตรมหาบัณฑิต","TH","ไทย"," "," ","X","ใช่","99998","ปรับวุฒิ","19780301"
"00020124","19750101","99991231","D1","ปริญญาตรี/เทียบเท่า","2200000283","วิทยาลัยเทคโนโลยีและอาชีวศึกษา","20000648","ไฟฟ้าอิเล็กทรอนิกส์","20206","ปริญญาตรี ค.อ.บ.","TH","ไทย"," "," "," ","ไม่","99999","วุฒิเริ่มบรรจุ","19770101"
"00020159","19720101","99991231","D1","ปริญญาตรี/เทียบเท่า","2200000015","มหาวิทยาลัยเชียงใหม่","20000637","ฟิสิกส์","20256","วิทยาศาสตรบัณฑิต","TH","ไทย"," "," "," ","ไม่","99999","วุฒิเริ่มบรรจุ","19760101"
"00020159","","99991231","F1","ปริญญาโท/เทียบเท่า","2200000003","จุฬาลงกรณ์มหาวิทยาลัย","20000494","นิวเคลียร์เทคโนโลยี","20261","วิศวกรรมศาสตรมหาบัณฑิต","TH","ไทย"," "," ","X","ใช่","99998","ปรับวุฒิ","19840101"
"00020163","19720101","99991231","D1","ปริญญาตรี/เทียบเท่า","2200000003","จุฬาลงกรณ์มหาวิทยาลัย","20001137","อุตสาหการ","20260","วิศวกรรมศาสตรบัณฑิต","TH","ไทย"," "," "," ","ไม่","99999","วุฒิเริ่มบรรจุ","19750101"
"00020163","19790101","99991231","H1","ปริญญาเอก/เทียบเท่า","1200000852","University of Tokyo","20000886","วิศวกรรมโลหการ","10297","Doctor of Engineering","JP","Japan"," "," ","X","ใช่","99998","ปรับวุฒิ","19830101"
"00020163","","99991231","F1","ปริญญาโท/เทียบเท่า","2200000003","จุฬาลงกรณ์มหาวิทยาลัย","20001137","อุตสาหการ","20261","วิศวกรรมศาสตรมหาบัณฑิต","TH","ไทย"," "," "," ","ไม่","99998","ปรับวุฒิ","19790101"
"00020232","","99991231","A1","ประถมศึกษาตอนต้น","0000000000","--ไม่สามารถระบุได้--","00000000","--ไม่สามารถระบุได้--","20194","ประถมศึกษาตอนต้น(ป.4)","TH","ไทย"," "," ","X","ใช่","99999","วุฒิเริ่มบรรจุ","19990902"
"80005929","","99991231","H1","ปริญญาเอก/เทียบเท่า","2200000003","จุฬาลงกรณ์มหาวิทยาลัย","20000870","วิศวกรรมคอมพิวเตอร์","20202","ปรัชญาดุษฎีบัณฑิต","TH","ไทย"," "," "," ","ไม่","00001","--ไม่สามารถระบุได้--","20220101"
"80005929","","99991231","H1","ปริญญาเอก/เทียบเท่า","2200000003","จุฬาลงกรณ์มหาวิทยาลัย","20000870","วิศวกรรมคอมพิวเตอร์","10314","Doctor of Philosophy","TH","ไทย"," "," "," ","ไม่","00001","--ไม่สามารถระบุได้--","20220101"
"00020234","","99991231","A1","ประถมศึกษาตอนต้น","0000000000","--ไม่สามารถระบุได้--","00000000","--ไม่สามารถระบุได้--","20194","ประถมศึกษาตอนต้น(ป.4)","TH","ไทย"," "," ","X","ใช่","99999","วุฒิเริ่มบรรจุ","19990902"
"10026380","19830101","99991231","C3","ปวส.หรือเทียบเท่า","2200000382","สถาบันเทคโนโลยีราชมงคล วิทยาเขตเทคนิคกรุงเทพ","20000342","ช่างอิเล็กทรอนิกส์","20172","ประกาศนียบัตรวิชาชีพชั้นสูง","TH","ไทย"," "," ","X","ใช่","99999","วุฒิเริ่มบรรจุ","19850101"
"10011385","","99991231","H1","ปริญญาเอก/เทียบเท่า","1200000704","University of California","10000716","Nuclear Engineering","10527","Philosophy Degree","TH","ไทย"," "," ","X","ใช่","99999","วุฒิเริ่มบรรจุ","20070518"
"00040690","19930101","99991231","F1","ปริญญาโท/เทียบเท่า","1200000363","Nagoya University","10000320","Electrical and Electronic Engineering","10461","Master of Engineering","JP","Japan"," "," "," ","ไม่","99998","ปรับวุฒิ","19950101"
"00040690","19880101","99991231","D1","ปริญญาตรี/เทียบเท่า","2200000003","จุฬาลงกรณ์มหาวิทยาลัย","20000878","วิศวกรรมไฟฟ้า","20260","วิศวกรรมศาสตรบัณฑิต","TH","ไทย"," "," "," ","ไม่","99999","วุฒิเริ่มบรรจุ","19920101"
"00040690","","99991231","H1","ปริญญาเอก/เทียบเท่า","1200000363","Nagoya University","10000320","Electrical and Electronic Engineering","10297","Doctor of Engineering","JP","Japan"," "," ","X","ใช่","99998","ปรับวุฒิ","19980331"
"10011795","19990301","99991231","H1","ปริญญาเอก/เทียบเท่า","1200000852","University of Tokyo","10000336","Engineering","10314","Doctor of Philosophy","TH","ไทย"," "," ","X","ใช่","99999","วุฒิเริ่มบรรจุ","20020329"
"00021202","","99991231","A1","ประถมศึกษาตอนต้น","0000000000","--ไม่สามารถระบุได้--","00000000","--ไม่สามารถระบุได้--","20194","ประถมศึกษาตอนต้น(ป.4)","TH","ไทย"," "," ","X","ใช่","99999","วุฒิเริ่มบรรจุ","19990902"
"00021215","","99991231","A1","ประถมศึกษาตอนต้น","0000000000","--ไม่สามารถระบุได้--","00000000","--ไม่สามารถระบุได้--","20194","ประถมศึกษาตอนต้น(ป.4)","TH","ไทย"," "," ","X","ใช่","99999","วุฒิเริ่มบรรจุ","19990902"
"00022006","19770101","99991231","F1","ปริญญาโท/เทียบเท่า","2200000003","จุฬาลงกรณ์มหาวิทยาลัย","20000871","วิศวกรรมเคมี","20261","วิศวกรรมศาสตรมหาบัณฑิต","TH","ไทย"," "," "," ","ไม่","99998","ปรับวุฒิ","19790601"
"00022006","","99991231","D1","ปริญญาตรี/เทียบเท่า","2200000003","จุฬาลงกรณ์มหาวิทยาลัย","20000871","วิศวกรรมเคมี","20256","วิทยาศาสตรบัณฑิต","TH","ไทย"," "," "," ","ไม่","99999","วุฒิเริ่มบรรจุ","19730101"
"00022006","19800930","99991231","H1","ปริญญาเอก/เทียบเท่า","1200000228","Ins.Nt.Des Science Appliquess Le Toulouse","00000000","--ไม่สามารถระบุได้--","10280","Docteur Ingenieur","FR","France"," "," ","X","ใช่","99998","ปรับวุฒิ","19840419"
"00022027","19720101","99991231","C3","ปวส.หรือเทียบเท่า","2200000306","วิทยาลัยพณิชยการธนบุรี","20000760","เลขานุการ","20172","ประกาศนียบัตรวิชาชีพชั้นสูง","TH","ไทย"," "," ","X","ใช่","99999","วุฒิเริ่มบรรจุ","19760101"
"00022028","19740101","99991231","C1","ปวช.หรือเทียบเท่า","2200000001","เกริกวิทยาลัย","00000000","--ไม่สามารถระบุได้--","20170","ประกาศนียบัตรวิชาชีพ","TH","ไทย"," "," ","X","ใช่","99999","วุฒิเริ่มบรรจุ","19760101"
"10026382","20071024","99991231","F1","ปริญญาโท/เทียบเท่า","2200000034","มหาวิทยาลัยธุรกิจบัณฑิต","20000047","การจัดการ","20044","บริหารธุรกิจมหาบัณฑิต","TH","ไทย"," "," ","X","ใช่","99999","วุฒิเริ่มบรรจุ","20110228"
"00022178","19700501","99991231","D1","ปริญญาตรี/เทียบเท่า","2200000003","จุฬาลงกรณ์มหาวิทยาลัย","20000724","โยธา","20260","วิศวกรรมศาสตรบัณฑิต","TH","ไทย"," "," "," ","ไม่","99999","วุฒิเริ่มบรรจุ","19790301"
"00022178","19860101","99991231","C1","ปวช.หรือเทียบเท่า","1200000255","ITC","00000000","--ไม่สามารถระบุได้--","20170","ประกาศนียบัตรวิชาชีพ","NL","Netherlands"," "," "," ","ไม่","99997","วุฒิเพิ่มเติม","19861201"
"00022178","19760101","99991231","F1","ปริญญาโท/เทียบเท่า","1200000418","Ohio State University","10000427","Geodetic Science","10503","Master of Science","US","USA"," "," ","X","ใช่","99998","ปรับวุฒิ","19760101"
"10000407","19920609","99991231","D1","ปริญญาตรี/เทียบเท่า","2200000065","มหาวิทยาลัยรามคำแหง","20000089","การบริหารงานทั่วไป","20043","บริหารธุรกิจบัณฑิต","TH","ไทย"," "," ","X","ใช่","99999","วุฒิเริ่มบรรจุ","19951107"
"00022208","19760401","99991231","F1","ปริญญาโท/เทียบเท่า","1200000855","University of Toulouse I","20000527","บริหารอุตสาหกรรม","10457","Master of Economics","FR","France"," "," ","X","ใช่","99998","ปรับวุฒิ","19780401"
"00022208","19740401","99991231","D1","ปริญญาตรี/เทียบเท่า","1200000855","University of Toulouse I","00000000","--ไม่สามารถระบุได้--","10187","Deuo","FR","France"," "," "," ","ไม่","99999","วุฒิเริ่มบรรจุ","19760401"
"10012865","19910101","99991231","F1","ปริญญาโท/เทียบเท่า","1200000733","University of Essex","10000986","Telecommunication and Information System","10503","Master of Science","GB","United Kingdom"," "," "," ","ไม่","99998","ปรับวุฒิ","19920101"
"10012865","19860101","99991231","D1","ปริญญาตรี/เทียบเท่า","2200000003","จุฬาลงกรณ์มหาวิทยาลัย","00000000","--ไม่สามารถระบุได้--","20260","วิศวกรรมศาสตรบัณฑิต","TH","ไทย"," "," "," ","ไม่","99999","วุฒิเริ่มบรรจุ","19900101"
"10012865","19920101","99991231","H1","ปริญญาเอก/เทียบเท่า","1200000733","University of Essex","10000328","Electronic Systems Engineering","10314","Doctor of Philosophy","GB","United Kingdom"," "," ","X","ใช่","99998","ปรับวุฒิ","19970101"
"00022273","","99991231","A1","ประถมศึกษาตอนต้น","0000000000","--ไม่สามารถระบุได้--","00000000","--ไม่สามารถระบุได้--","20194","ประถมศึกษาตอนต้น(ป.4)","TH","ไทย"," "," ","X","ใช่","99999","วุฒิเริ่มบรรจุ","19990902"
"00022280","","99991231","A1","ประถมศึกษาตอนต้น","0000000000","--ไม่สามารถระบุได้--","00000000","--ไม่สามารถระบุได้--","20194","ประถมศึกษาตอนต้น(ป.4)","TH","ไทย"," "," ","X","ใช่","99999","วุฒิเริ่มบรรจุ","19990902"
"00023027","","99991231","D1","ปริญญาตรี/เทียบเท่า","2200000188","วิทยาลัยครูบ้านสมเด็จเจ้าพระยา","20000047","การจัดการ","20312","ศิลปศาสตรบัณฑิต","TH","ไทย"," "," ","X","ใช่","99999","วุฒิเริ่มบรรจุ","19910101"
"00023088","19750101","99991231","D1","ปริญญาตรี/เทียบเท่า","2200000003","จุฬาลงกรณ์มหาวิทยาลัย","00000000","--ไม่สามารถระบุได้--","20260","วิศวกรรมศาสตรบัณฑิต","TH","ไทย"," "," "," ","ไม่","99999","วุฒิเริ่มบรรจุ","19790101"
"00023088","","99991231","H1","ปริญญาเอก/เทียบเท่า","1200000550","Stevens Institute of Technology","20000885","วิศวกรรมเรือและวิศวกรรมทางทะเล","10527","Philosophy Degree","US","USA"," "," ","X","ใช่","99998","ปรับวุฒิ","19900101"
"00023088","","99991231","F1","ปริญญาโท/เทียบเท่า","1200000550","Stevens Institute of Technology","00000000","--ไม่สามารถระบุได้--","10461","Master of Engineering","US","USA"," "," "," ","ไม่","99998","ปรับวุฒิ","19900101"
"00023104","19730101","99991231","D1","ปริญญาตรี/เทียบเท่า","2200000003","จุฬาลงกรณ์มหาวิทยาลัย","20000644","ไฟฟ้า","20260","วิศวกรรมศาสตรบัณฑิต","TH","ไทย"," "," "," ","ไม่","99999","วุฒิเริ่มบรรจุ","19770101"
"00023104","19770101","99991231","F1","ปริญญาโท/เทียบเท่า","2200000003","จุฬาลงกรณ์มหาวิทยาลัย","20000644","ไฟฟ้า","20261","วิศวกรรมศาสตรมหาบัณฑิต","TH","ไทย"," "," ","X","ใช่","99998","ปรับวุฒิ","19820101"
"00023134","19850101","99991231","D1","ปริญญาตรี/เทียบเท่า","2200000177","วิทยาลัยครูจันทรเกษม","00000000","--ไม่สามารถระบุได้--","20014","ครุศาสตรบัณฑิต","TH","ไทย"," "," ","X","ใช่","99999","วุฒิเริ่มบรรจุ","19950315"
"00023171","","99991231","D1","ปริญญาตรี/เทียบเท่า","2200000068","มหาวิทยาลัยศรีนครินทรวิโรฒ วิทยาเขตบางเขน","20000254","เคมี","20320","ศึกษาศาสตรบัณฑิต","TH","ไทย"," "," ","X","ใช่","99999","วุฒิเริ่มบรรจุ","19990902"
"00023183","","99991231","A1","ประถมศึกษาตอนต้น","0000000000","--ไม่สามารถระบุได้--","00000000","--ไม่สามารถระบุได้--","20194","ประถมศึกษาตอนต้น(ป.4)","TH","ไทย"," "," ","X","ใช่","99999","วุฒิเริ่มบรรจุ","19990902"
"10013209","19850101","99991231","D1","ปริญญาตรี/เทียบเท่า","2200000003","จุฬาลงกรณ์มหาวิทยาลัย","00000000","--ไม่สามารถระบุได้--","20256","วิทยาศาสตรบัณฑิต","TH","ไทย"," "," "," ","ไม่","99999","วุฒิเริ่มบรรจุ","19890425"
"10013209","19940101","99991231","H1","ปริญญาเอก/เทียบเท่า","1200000880","University of Wisconsin, Madison","10000717","Nuclear Engineering and Engineering Phys","10527","Philosophy Degree","US","USA"," "," ","X","ใช่","99998","ปรับวุฒิ","19971221"
"10013209","19910101","99991231","F1","ปริญญาโท/เทียบเท่า","1200000880","University of Wisconsin, Madison","10000715","Nuclear","10503","Master of Science","US","USA"," "," "," ","ไม่","99998","ปรับวุฒิ","19931223"
"10026789","19830101","99991231","D1","ปริญญาตรี/เทียบเท่า","2200000011","มหาวิทยาลัยเกษตรศาสตร์","20000989","สถิติ","20256","วิทยาศาสตรบัณฑิต","TH","ไทย"," "," "," ","ไม่","99997","วุฒิเพิ่มเติม","19860101"
"10026789","19920101","99991231","H1","ปริญญาเอก/เทียบเท่า","1200000216","Illinois Institute of Technology","10000213","Computer Science","10527","Philosophy Degree","US","USA"," "," ","X","ใช่","99999","วุฒิเริ่มบรรจุ","19960101"
"10026789","19870101","99991231","F1","ปริญญาโท/เทียบเท่า","2200000003","จุฬาลงกรณ์มหาวิทยาลัย","20000245","คอมพิวเตอร์","20258","วิทยาศาสตรมหาบัณฑิต","TH","ไทย"," "," "," ","ไม่","99997","วุฒิเพิ่มเติม","19910101"
"00024050","19790101","99991231","D1","ปริญญาตรี/เทียบเท่า","2200000065","มหาวิทยาลัยรามคำแหง","20000523","บริหารรัฐกิจ","20312","ศิลปศาสตรบัณฑิต","TH","ไทย"," "," ","X","ใช่","99999","วุฒิเริ่มบรรจุ","19830101"
"00024052","19760801","99991231","D1","ปริญญาตรี/เทียบเท่า","1200000716","University of Canterbury","10000650","Mechanical Engineering","10048","Bachelor of Engineering","NZ","New Zealand"," "," "," ","ไม่","99997","วุฒิเพิ่มเติม","19800601"
"00024052","19800801","99991231","F1","ปริญญาโท/เทียบเท่า","1200000716","University of Canterbury","00000000","--ไม่สามารถระบุได้--","10461","Master of Engineering","NZ","New Zealand"," "," ","X","ใช่","99999","วุฒิเริ่มบรรจุ","19810801"
"10013656","","99991231","C3","ปวส.หรือเทียบเท่า","2100000799","โรงเรียนพาณิชยการกบินทร์บุรี","20000094","การบริหารธุรกิจ","20172","ประกาศนียบัตรวิชาชีพชั้นสูง","TH","ไทย"," "," "," ","ไม่","99997","วุฒิเพิ่มเติม","20060731"
"10013656","","99991231","D1","ปริญญาตรี/เทียบเท่า","2200000082","มหาวิทยาลัยสยาม","20000451","เทคโนโลยีสารสนเทศ","20043","บริหารธุรกิจบัณฑิต","TH","ไทย"," "," ","X","ใช่","99999","วุฒิเริ่มบรรจุ","20120303"
"00024109","","99991231","D1","ปริญญาตรี/เทียบเท่า","2200000190","วิทยาลัยครูพระนคร","20000456","เทคโนโลยีอุตสาหกรรม","20256","วิทยาศาสตรบัณฑิต","TH","ไทย"," "," ","X","ใช่","99999","วุฒิเริ่มบรรจุ","19920326"
"10000424","19910424","99991231","C1","ปวช.หรือเทียบเท่า","2100000777","โรงเรียนพระนครพณิชยการ","20000528","บัญชี","20170","ประกาศนียบัตรวิชาชีพ","TH","ไทย"," "," "," ","ไม่","99997","วุฒิเพิ่มเติม","19950315"
"10000424","19950609","99991231","D1","ปริญญาตรี/เทียบเท่า","2200000414","สถาบันราชภัฎบ้านสมเด็จเจ้าพระยา","20000057","การจัดการทั่วไป, การบัญชี","20312","ศิลปศาสตรบัณฑิต","TH","ไทย"," "," ","X","ใช่","99999","วุฒิเริ่มบรรจุ","19991105"
"10000431","19900516","99991231","C3","ปวส.หรือเทียบเท่า","2100000753","โรงเรียนพณิชยการราชดำเนิน","20000073","การตลาด","20172","ประกาศนียบัตรวิชาชีพชั้นสูง","TH","ไทย"," "," "," ","ไม่","99997","วุฒิเพิ่มเติม","19920331"
"10000431","19950609","99991231","D1","ปริญญาตรี/เทียบเท่า","2200000414","สถาบันราชภัฎบ้านสมเด็จเจ้าพระยา","20000052","การจัดการทั่วไป","20312","ศิลปศาสตรบัณฑิต","TH","ไทย"," "," ","X","ใช่","99999","วุฒิเริ่มบรรจุ","19980318"
"10013670","19980518","99991231","C3","ปวส.หรือเทียบเท่า","2100000297","โรงเรียนเทคนิคพณิชยการพิษณุโลก","20000247","คอมพิวเตอร์ธุรกิจ","20041","บริหารธุรกิจ","TH","ไทย"," "," "," ","ไม่","99997","วุฒิเพิ่มเติม","20000320"
"10013670","20000612","99991231","D1","ปริญญาตรี/เทียบเท่า","0000000000","--ไม่สามารถระบุได้--","20000062","การจัดการทั่วไปคอมพิวเตอร์ธุรกิจ","20312","ศิลปศาสตรบัณฑิต","TH","ไทย"," "," ","X","ใช่","99999","วุฒิเริ่มบรรจุ","20020617"
"10019412","20130603","99991231","D1","ปริญญาตรี/เทียบเท่า","2200000016","มหาวิทยาลัยเซนต์จอห์น","20000047","การจัดการ","20043","บริหารธุรกิจบัณฑิต","TH","ไทย"," "," ","X","ใช่","99999","วุฒิเริ่มบรรจุ","20151218"
"10019412","20110601","99991231","C3","ปวส.หรือเทียบเท่า","2100001298","โรงเรียนวิมลพณิชยการ ศรีย่าน","20000073","การตลาด","20172","ประกาศนียบัตรวิชาชีพชั้นสูง","TH","ไทย"," "," "," ","ไม่","99997","วุฒิเพิ่มเติม","20130316"
"10016816","20010529","99991231","F1","ปริญญาโท/เทียบเท่า","2200000003","จุฬาลงกรณ์มหาวิทยาลัย","20000877","วิศวกรรมปิโตรเลียม","20261","วิศวกรรมศาสตรมหาบัณฑิต","TH","ไทย"," "," "," ","ไม่","99997","วุฒิเพิ่มเติม","20041026"
"10016816","19970523","99991231","D1","ปริญญาตรี/เทียบเท่า","2200000003","จุฬาลงกรณ์มหาวิทยาลัย","20000267","เคมีวิศวกรรม","20256","วิทยาศาสตรบัณฑิต","TH","ไทย"," "," "," ","ไม่","99997","วุฒิเพิ่มเติม","20010320"
"10016816","","99991231","H1","ปริญญาเอก/เทียบเท่า","1200000698","University of Bologna","10000435","Georesource","10314","Doctor of Philosophy","IT","Italy"," "," ","X","ใช่","99999","วุฒิเริ่มบรรจุ","20080416"
"10013731","20030401","99991231","H1","ปริญญาเอก/เทียบเท่า","1200000852","University of Tokyo","10000336","Engineering","10314","Doctor of Philosophy","TH","ไทย"," "," ","X","ใช่","99999","วุฒิเริ่มบรรจุ","20060323"
"10002767","19990528","99991231","D1","ปริญญาตรี/เทียบเท่า","2200000422","สถาบันราชภัฎภูเก็ด","20000252","คอมพิวเตอร์ศึกษา","20014","ครุศาสตรบัณฑิต","TH","ไทย"," "," ","X","ใช่","99999","วุฒิเริ่มบรรจุ","20010911"
"10013759","19870101","99991231","D1","ปริญญาตรี/เทียบเท่า","2200000003","จุฬาลงกรณ์มหาวิทยาลัย","20000724","โยธา","20260","วิศวกรรมศาสตรบัณฑิต","TH","ไทย"," "," "," ","ไม่","99999","วุฒิเริ่มบรรจุ","19910101"
"10013759","19930101","99991231","H1","ปริญญาเอก/เทียบเท่า","1200000852","University of Tokyo","10000112","Bridge & Stucture","10297","Doctor of Engineering","JP","Japan"," "," ","X","ใช่","99998","ปรับวุฒิ","19950101"
"10013759","19910101","99991231","F1","ปริญญาโท/เทียบเท่า","2200000398","สถาบันเทคโนโลยีแห่งเอเชีย","10000961","Structure","10461","Master of Engineering","TH","ไทย"," "," "," ","ไม่","99998","ปรับวุฒิ","19930101"
"10019656","19900620","99991231","D1","ปริญญาตรี/เทียบเท่า","2200000008","มหาวิทยาลัยกรุงเทพ","20000078","การท่องเที่ยวและการโรงแรม","20312","ศิลปศาสตรบัณฑิต","TH","ไทย"," "," ","X","ใช่","99999","วุฒิเริ่มบรรจุ","19940305"
"10013790","20041001","99991231","H1","ปริญญาเอก/เทียบเท่า","1200000852","University of Tokyo","10000322","Electrical Engineering","10317","Doctor of Physiology","JP","Japan"," "," ","X","ใช่","99999","วุฒิเริ่มบรรจุ","20070928"
"10013996","20060101","99991231","H1","ปริญญาเอก/เทียบเท่า","1200000099","Colorado School of Mines","10000970","System Engineering","10317","Doctor of Physiology","US","USA"," "," ","X","ใช่","99999","วุฒิเริ่มบรรจุ","20080509"
"10024902","20160914","99991231","F1","ปริญญาโท/เทียบเท่า","1200000871","University of Washington","10000650","Mechanical Engineering","10503","Master of Science","US","USA"," "," "," ","ไม่","99997","วุฒิเพิ่มเติม","20171215"
"10024902","20080529","99991231","D1","ปริญญาตรี/เทียบเท่า","2200000003","จุฬาลงกรณ์มหาวิทยาลัย","20000873","วิศวกรรมเครื่องกล","20260","วิศวกรรมศาสตรบัณฑิต","TH","ไทย","01","เกียรตินิยมอันดับ 2"," ","ไม่","99997","วุฒิเพิ่มเติม","20120514"
"10024902","20180101","99991231","H1","ปริญญาเอก/เทียบเท่า","1200000871","University of Washington","10000650","Mechanical Engineering","10314","Doctor of Philosophy","US","USA"," "," ","X","ใช่","99999","วุฒิเริ่มบรรจุ","20220318"
"00089005","19950101","99991231","H1","ปริญญาเอก/เทียบเท่า","1200000219","Imperial College of Science and Technology University of London","10000189","Communication","10314","Doctor of Philosophy","GB","United Kingdom"," "," ","X","ใช่","99999","วุฒิเริ่มบรรจุ","20001231"
"00089005","19900601","99991231","D1","ปริญญาตรี/เทียบเท่า","2200000003","จุฬาลงกรณ์มหาวิทยาลัย","20000878","วิศวกรรมไฟฟ้า","20260","วิศวกรรมศาสตรบัณฑิต","US","USA"," "," "," ","ไม่","99998","ปรับวุฒิ","19940328"
"00025067","19750101","99991231","D1","ปริญญาตรี/เทียบเท่า","2200000003","จุฬาลงกรณ์มหาวิทยาลัย","20000644","ไฟฟ้า","20260","วิศวกรรมศาสตรบัณฑิต","TH","ไทย"," "," "," ","ไม่","99999","วุฒิเริ่มบรรจุ","19800101"
"00025067","","99991231","H1","ปริญญาเอก/เทียบเท่า","1200000029","Auburn University","10000214","Computer Science and Engineering","10527","Philosophy Degree","US","USA"," "," ","X","ใช่","99998","ปรับวุฒิ","19910101"
"00025067","19800101","99991231","F1","ปริญญาโท/เทียบเท่า","2200000003","จุฬาลงกรณ์มหาวิทยาลัย","20000251","คอมพิวเตอร์ศาสตร์","20258","วิทยาศาสตรมหาบัณฑิต","TH","ไทย"," "," "," ","ไม่","99998","ปรับวุฒิ","19820101"
"00025073","19790101","99991231","F1","ปริญญาโท/เทียบเท่า","2200000003","จุฬาลงกรณ์มหาวิทยาลัย","20000494","นิวเคลียร์เทคโนโลยี","20261","วิศวกรรมศาสตรมหาบัณฑิต","TH","ไทย"," "," "," ","ไม่","99998","ปรับวุฒิ","19820101"
"00025073","19750101","99991231","D1","ปริญญาตรี/เทียบเท่า","2200000013","มหาวิทยาลัยขอนแก่น","20000254","เคมี","20256","วิทยาศาสตรบัณฑิต","TH","ไทย"," "," "," ","ไม่","99999","วุฒิเริ่มบรรจุ","19790101"
"00025073","","99991231","H1","ปริญญาเอก/เทียบเท่า","1200000691","The University of Arizona","10000716","Nuclear Engineering","10527","Philosophy Degree","US","USA"," "," ","X","ใช่","99998","ปรับวุฒิ","19910101"
"00025084","19900701","99991231","F1","ปริญญาโท/เทียบเท่า","1200000778","University of Melbourne","00000000","--ไม่สามารถระบุได้--","10462","Master of Engineering Science","AU","Australia"," "," "," ","ไม่","99997","วุฒิเพิ่มเติม","19930128"
"00025084","19780601","99991231","D1","ปริญญาตรี/เทียบเท่า","2200000003","จุฬาลงกรณ์มหาวิทยาลัย","20000273","เครื่องกล","20260","วิศวกรรมศาสตรบัณฑิต","TH","ไทย"," "," "," ","ไม่","99999","วุฒิเริ่มบรรจุ","19820330"
"00025084","19930301","99991231","H1","ปริญญาเอก/เทียบเท่า","1200000778","University of Melbourne","10000650","Mechanical Engineering","10314","Doctor of Philosophy","AU","Australia"," "," ","X","ใช่","99997","วุฒิเพิ่มเติม","19950826"
"00025085","19880101","99991231","C1","ปวช.หรือเทียบเท่า","2200000344","วิทยาลัยอาชีวศึกษา วิทยาเขตเทคนิคขอนแก่น","20000319","ช่างกลโรงงาน","20170","ประกาศนียบัตรวิชาชีพ","TH","ไทย"," "," "," ","ไม่","99999","วุฒิเริ่มบรรจุ","19900101"
"00025085","","99991231","F1","ปริญญาโท/เทียบเท่า","2200000383","สถาบันเทคโนโลยีราชมงคล วิทยาเขตเทเวศน์","20000899","วิศวกรรมอุตสาหการ","20017","ครุศาสตร์อุตสาหกรรมมหาบัณฑิต","TH","ไทย"," "," ","X","ใช่","99998","ปรับวุฒิ","20070311"
"00025085","","99991231","C3","ปวส.หรือเทียบเท่า","2200000344","วิทยาลัยอาชีวศึกษา วิทยาเขตเทคนิคขอนแก่น","20000319","ช่างกลโรงงาน","20172","ประกาศนียบัตรวิชาชีพชั้นสูง","TH","ไทย"," "," "," ","ไม่","99998","ปรับวุฒิ","19900903"
"00025089","","99991231","F1","ปริญญาโท/เทียบเท่า","2200000084","มหาวิทยาลัยสุโขทัยธรรมาธิราช","20000047","การจัดการ","20044","บริหารธุรกิจมหาบัณฑิต","TH","ไทย"," "," ","X","ใช่","99997","วุฒิเพิ่มเติม","20000701"
"00025089","19780101","99991231","D1","ปริญญาตรี/เทียบเท่า","2200000003","จุฬาลงกรณ์มหาวิทยาลัย","20000045","การเงินและการธนาคาร","20048","บัญชีบัณฑิต","TH","ไทย"," "," "," ","ไม่","99999","วุฒิเริ่มบรรจุ","19820101"
"00025093","19780101","99991231","D1","ปริญญาตรี/เทียบเท่า","2200000065","มหาวิทยาลัยรามคำแหง","20000499","บรรณารักษ์","20312","ศิลปศาสตรบัณฑิต","TH","ไทย"," "," ","X","ใช่","99999","วุฒิเริ่มบรรจุ","19810101"
"00025139","","99991231","A2","ประถมศึกษาตอนปลาย","0000000000","--ไม่สามารถระบุได้--","00000000","--ไม่สามารถระบุได้--","20195","ประถมศึกษาตอนปลาย","TH","ไทย"," "," ","X","ใช่","99999","วุฒิเริ่มบรรจุ","19990902"
"10013663","20040517","99991231","D1","ปริญญาตรี/เทียบเท่า","2200000432","สถาบันราชภัฎสวนสุนันทา","20001133","อุตสาหกรรมท่องเที่ยว","20312","ศิลปศาสตรบัณฑิต","TH","ไทย"," "," ","X","ใช่","99999","วุฒิเริ่มบรรจุ","20080312"
"00022305","","99991231","B1","มัธยมศึกษาตอนต้น","0000000000","--ไม่สามารถระบุได้--","00000000","--ไม่สามารถระบุได้--","20242","มัธยมศึกษาตอนต้น","TH","ไทย"," "," ","X","ใช่","99999","วุฒิเริ่มบรรจุ","19990902"
"00023009","","99991231","D1","ปริญญาตรี/เทียบเท่า","2200000011","มหาวิทยาลัยเกษตรศาสตร์","20000838","วิทยาศาสตร์ทั่วไป","20256","วิทยาศาสตรบัณฑิต","TH","ไทย"," "," "," ","ไม่","99997","วุฒิเพิ่มเติม","19990902"
"00023009","19770601","99991231","F1","ปริญญาโท/เทียบเท่า","2200000003","จุฬาลงกรณ์มหาวิทยาลัย","20000494","นิวเคลียร์เทคโนโลยี","20261","วิศวกรรมศาสตรมหาบัณฑิต","TH","ไทย"," "," ","X","ใช่","99999","วุฒิเริ่มบรรจุ","19791201"
"00023009","","99991231","E1","สูงกว่าตรี/ต่ำกว่าโท","2200000003","จุฬาลงกรณ์มหาวิทยาลัย","20000494","นิวเคลียร์เทคโนโลยี","20085","ประกาศนียบัตรชั้นสูง","TH","ไทย"," "," "," ","ไม่","99997","วุฒิเพิ่มเติม","19990902"
"00023071","19750101","99991231","C1","ปวช.หรือเทียบเท่า","2100000737","โรงเรียนพณิชยการธุรกิจบัณฑิตย์","00000000","--ไม่สามารถระบุได้--","20170","ประกาศนียบัตรวิชาชีพ","TH","ไทย"," "," ","X","ใช่","99999","วุฒิเริ่มบรรจุ","19770101"
"00023072","20021122","99991231","F1","ปริญญาโท/เทียบเท่า","2200000432","สถาบันราชภัฎสวนสุนันทา","20000087","การบริหารการศึกษา","20015","ครุศาสตรมหาบัณฑิต","TH","ไทย"," "," ","X","ใช่","99998","ปรับวุฒิ","20071212"
"00023072","","99991231","D1","ปริญญาตรี/เทียบเท่า","2200000177","วิทยาลัยครูจันทรเกษม","20000499","บรรณารักษ์","20014","ครุศาสตรบัณฑิต","TH","ไทย"," "," "," ","ไม่","99999","วุฒิเริ่มบรรจุ","19990902"
"00023235","19770501","99991231","B1","มัธยมศึกษาตอนต้น","0000000000","--ไม่สามารถระบุได้--","20001036","สายสามัญ","20242","มัธยมศึกษาตอนต้น","TH","ไทย"," "," ","X","ใช่","99999","วุฒิเริ่มบรรจุ","19991231"
"00023235","","99991231","A1","ประถมศึกษาตอนต้น","0000000000","--ไม่สามารถระบุได้--","00000000","--ไม่สามารถระบุได้--","20194","ประถมศึกษาตอนต้น(ป.4)","TH","ไทย"," "," "," ","ไม่","99997","วุฒิเพิ่มเติม","19990902"
"10026379","20060605","99991231","F1","ปริญญาโท/เทียบเท่า","2200000079","มหาวิทยาลัยสงขลานครินทร์","20000431","เทคโนโลยีชีวภาพ","20258","วิทยาศาสตรมหาบัณฑิต","TH","ไทย"," "," ","X","ใช่","99999","วุฒิเริ่มบรรจุ","20090316"
"00024059","19780101","99991231","F1","ปริญญาโท/เทียบเท่า","2200000003","จุฬาลงกรณ์มหาวิทยาลัย","20000494","นิวเคลียร์เทคโนโลยี","20261","วิศวกรรมศาสตรมหาบัณฑิต","TH","ไทย"," "," ","X","ใช่","99998","ปรับวุฒิ","19800101"
"00024059","19740101","99991231","D1","ปริญญาตรี/เทียบเท่า","2200000065","มหาวิทยาลัยรามคำแหง","20000254","เคมี","20256","วิทยาศาสตรบัณฑิต","TH","ไทย"," "," "," ","ไม่","99999","วุฒิเริ่มบรรจุ","19770101"
"10024204","20140729","99991231","F1","ปริญญาโท/เทียบเท่า","2200000003","จุฬาลงกรณ์มหาวิทยาลัย","20000896","วิศวกรรมแหล่งน้ำ","20261","วิศวกรรมศาสตรมหาบัณฑิต","TH","ไทย"," "," "," ","ไม่","99997","วุฒิเพิ่มเติม","20160805"
"10024204","20100531","99991231","D1","ปริญญาตรี/เทียบเท่า","2200000021","มหาวิทยาลัยเทคโนโลยีพระจอมเกล้าพระนครเหนือ","20000883","วิศวกรรมโยธา","20260","วิศวกรรมศาสตรบัณฑิต","TH","ไทย"," "," "," ","ไม่","99997","วุฒิเพิ่มเติม","20140328"
"10024204","","99991231","H1","ปริญญาเอก/เทียบเท่า","0000000000","--ไม่สามารถระบุได้--","10000336","Engineering","10314","Doctor of Philosophy","CN","China"," "," ","X","ใช่","99999","วุฒิเริ่มบรรจุ","20210624"
"00024076","","99991231","D1","ปริญญาตรี/เทียบเท่า","2200000067","มหาวิทยาลัยศรีนครินทรวิโรฒ","20000183","การสอนมัธยมศึกษา","20320","ศึกษาศาสตรบัณฑิต","TH","ไทย"," "," ","X","ใช่","99999","วุฒิเริ่มบรรจุ","19780101"
"10015609","19920308","99991231","D1","ปริญญาตรี/เทียบเท่า","2200000193","วิทยาลัยครูเพชรบุรีวิทยาลงกรณ์","20000052","การจัดการทั่วไป","20312","ศิลปศาสตรบัณฑิต","TH","ไทย"," "," ","X","ใช่","99999","วุฒิเริ่มบรรจุ","19940310"
"00024123","","99991231","D1","ปริญญาตรี/เทียบเท่า","2200000084","มหาวิทยาลัยสุโขทัยธรรมาธิราช","20000507","บริหารการศึกษา","20320","ศึกษาศาสตรบัณฑิต","TH","ไทย"," "," ","X","ใช่","99999","วุฒิเริ่มบรรจุ","19990902"
"10013729","19990612","99991231","D1","ปริญญาตรี/เทียบเท่า","2200000416","สถาบันราชภัฎพระนคร","20000456","เทคโนโลยีอุตสาหกรรม","20256","วิทยาศาสตรบัณฑิต","TH","ไทย"," "," ","X","ใช่","99999","วุฒิเริ่มบรรจุ","20011126"
"10025496","20150728","99991231","F1","ปริญญาโท/เทียบเท่า","2200000003","จุฬาลงกรณ์มหาวิทยาลัย","20000899","วิศวกรรมอุตสาหการ","20261","วิศวกรรมศาสตรมหาบัณฑิต","TH","ไทย"," "," ","X","ใช่","99999","วุฒิเริ่มบรรจุ","20180119"
"10013793","19970801","99991231","F1","ปริญญาโท/เทียบเท่า","1200000735","University of Florida","10000436","Geotechnical Engineering","10461","Master of Engineering","US","USA"," "," "," ","ไม่","99997","วุฒิเพิ่มเติม","19990401"
"10013793","19900101","99991231","D1","ปริญญาตรี/เทียบเท่า","2200000003","จุฬาลงกรณ์มหาวิทยาลัย","20000883","วิศวกรรมโยธา","20260","วิศวกรรมศาสตรบัณฑิต","TH","ไทย"," "," "," ","ไม่","99997","วุฒิเพิ่มเติม","19940101"
"10013793","19990801","99991231","H1","ปริญญาเอก/เทียบเท่า","1200000735","University of Florida","10000172","Civil Engineering","10314","Doctor of Philosophy","US","USA"," "," ","X","ใช่","99999","วุฒิเริ่มบรรจุ","20030509"
"00024169","","99991231","F1","ปริญญาโท/เทียบเท่า","2200000398","สถาบันเทคโนโลยีแห่งเอเชีย","10000499","Industrial Engineering","10461","Master of Engineering","TH","ไทย"," "," "," ","ไม่","99998","ปรับวุฒิ","19990902"
"00024169","","99991231","D1","ปริญญาตรี/เทียบเท่า","2200000003","จุฬาลงกรณ์มหาวิทยาลัย","20001137","อุตสาหการ","20260","วิศวกรรมศาสตรบัณฑิต","TH","ไทย"," "," "," ","ไม่","99998","ปรับวุฒิ","19990902"
"00024169","19770901","99991231","H1","ปริญญาเอก/เทียบเท่า","2200000398","สถาบันเทคโนโลยีแห่งเอเชีย","10000499","Industrial Engineering","10297","Doctor of Engineering","TH","ไทย"," "," ","X","ใช่","99999","วุฒิเริ่มบรรจุ","19810401"
"00024175","19720101","99991231","D1","ปริญญาตรี/เทียบเท่า","2200000003","จุฬาลงกรณ์มหาวิทยาลัย","20001071","เหมืองแร่","20260","วิศวกรรมศาสตรบัณฑิต","TH","ไทย"," "," "," ","ไม่","99999","วุฒิเริ่มบรรจุ","19760101"
"00024175","19770101","99991231","F1","ปริญญาโท/เทียบเท่า","1200000790","University of Nevada, Reno","00000000","--ไม่สามารถระบุได้--","10503","Master of Science","US","USA"," "," ","X","ใช่","99998","ปรับวุฒิ","19810101"
"00025004","19760101","99991231","D1","ปริญญาตรี/เทียบเท่า","2200000011","มหาวิทยาลัยเกษตรศาสตร์","20000219","คณิตศาสตร์","20256","วิทยาศาสตรบัณฑิต","TH","ไทย"," "," "," ","ไม่","99999","วุฒิเริ่มบรรจุ","19790101"
"00025004","19790101","99991231","F1","ปริญญาโท/เทียบเท่า","2200000003","จุฬาลงกรณ์มหาวิทยาลัย","20000251","คอมพิวเตอร์ศาสตร์","20258","วิทยาศาสตรมหาบัณฑิต","TH","ไทย"," "," ","X","ใช่","99998","ปรับวุฒิ","19810101"
"00025011","19740802","99991231","F1","ปริญญาโท/เทียบเท่า","1200000752","University of Illinois at Urbana-Champaign","10000337","Engineering Civil","10503","Master of Science","US","USA"," "," "," ","ไม่","99998","ปรับวุฒิ","19750801"
"00025011","19700101","99991231","D1","ปริญญาตรี/เทียบเท่า","2200000003","จุฬาลงกรณ์มหาวิทยาลัย","00000000","--ไม่สามารถระบุได้--","20260","วิศวกรรมศาสตรบัณฑิต","TH","ไทย","00","เกียรตินิยมอันดับ 1"," ","ไม่","99999","วุฒิเริ่มบรรจุ","19740101"
"00025011","19750802","99991231","H1","ปริญญาเอก/เทียบเท่า","1200000752","University of Illinois at Urbana-Champaign","10000172","Civil Engineering","10314","Doctor of Philosophy","US","USA"," "," ","X","ใช่","99998","ปรับวุฒิ","19760804"
"00025053","","99991231","D1","ปริญญาตรี/เทียบเท่า","2200000084","มหาวิทยาลัยสุโขทัยธรรมาธิราช","20000507","บริหารการศึกษา","20320","ศึกษาศาสตรบัณฑิต","TH","ไทย"," "," ","X","ใช่","99999","วุฒิเริ่มบรรจุ","19990902"
"10014289","19910531","99991231","D1","ปริญญาตรี/เทียบเท่า","2200000003","จุฬาลงกรณ์มหาวิทยาลัย","20000883","วิศวกรรมโยธา","20260","วิศวกรรมศาสตรบัณฑิต","TH","ไทย"," "," "," ","ไม่","99999","วุฒิเริ่มบรรจุ","19950424"
"10014289","19980501","99991231","H1","ปริญญาเอก/เทียบเท่า","1200000218","Illinois University at Urhana-Champaign","10000172","Civil Engineering","10314","Doctor of Philosophy","US","USA"," "," ","X","ใช่","99998","ปรับวุฒิ","20010513"
"10014307","","99991231","D1","ปริญญาตรี/เทียบเท่า","2200000190","วิทยาลัยครูพระนคร","20000456","เทคโนโลยีอุตสาหกรรม","20256","วิทยาศาสตรบัณฑิต","TH","ไทย"," "," ","X","ใช่","99999","วุฒิเริ่มบรรจุ","19990902"
"00025115","19700101","99991231","D1","ปริญญาตรี/เทียบเท่า","2200000013","มหาวิทยาลัยขอนแก่น","00000000","--ไม่สามารถระบุได้--","20262","วิศวเกษตรบัณฑิต","TH","ไทย"," "," "," ","ไม่","99999","วุฒิเริ่มบรรจุ","19740101"
"00025115","19790101","99991231","F1","ปริญญาโท/เทียบเท่า","1200000024","Asian Institute of Technology (AIT)","10000022","Agr. Mach & Mane","10461","Master of Engineering","TH","ไทย"," "," ","X","ใช่","99998","ปรับวุฒิ","19810101"
"00026002","19800101","99991231","F1","ปริญญาโท/เทียบเท่า","2200000003","จุฬาลงกรณ์มหาวิทยาลัย","20000871","วิศวกรรมเคมี","20261","วิศวกรรมศาสตรมหาบัณฑิต","TH","ไทย"," "," "," ","ไม่","99998","ปรับวุฒิ","19820101"
"00026002","19720101","99991231","D1","ปริญญาตรี/เทียบเท่า","2200000003","จุฬาลงกรณ์มหาวิทยาลัย","20000871","วิศวกรรมเคมี","20256","วิทยาศาสตรบัณฑิต","TH","ไทย"," "," "," ","ไม่","99999","วุฒิเริ่มบรรจุ","19760101"
"00026002","","99991231","H1","ปริญญาเอก/เทียบเท่า","1200000912","Washington University","10000147","Chemical Engineering","10320","Doctor of Science","US","USA"," "," ","X","ใช่","99998","ปรับวุฒิ","19900401"
"00026018","19750101","99991231","D1","ปริญญาตรี/เทียบเท่า","1200000392","Newcastle Upon Tyne Polytechnic","10000319","Electrical & Electronics","10052","Bachelor of Science","AU","Australia"," "," "," ","ไม่","99999","วุฒิเริ่มบรรจุ","19790101"
"00026018","","99991231","H1","ปริญญาเอก/เทียบเท่า","1200000840","University of Technology, Sydney","00000000","--ไม่สามารถระบุได้--","10314","Doctor of Philosophy","AU","Australia"," "," ","X","ใช่","99998","ปรับวุฒิ","19950501"
"00026018","19790101","99991231","F1","ปริญญาโท/เทียบเท่า","1200000276","King's College, University of London","10000329","Electronics","10503","Master of Science","GB","United Kingdom"," "," "," ","ไม่","99998","ปรับวุฒิ","19810101"
"00026030","","99991231","F1","ปริญญาโท/เทียบเท่า","2200000003","จุฬาลงกรณ์มหาวิทยาลัย","20000494","นิวเคลียร์เทคโนโลยี","20261","วิศวกรรมศาสตรมหาบัณฑิต","TH","ไทย"," "," ","X","ใช่","99998","ปรับวุฒิ","19980529"
"00026030","","99991231","D1","ปริญญาตรี/เทียบเท่า","2200000378","สถาบันเทคโนโลยีราชมงคล","20000881","วิศวกรรมไฟฟ้าสื่อสาร","20016","ครุศาสตร์อุตสาหกรรมบัณฑิต","TH","ไทย"," "," "," ","ไม่","99999","วุฒิเริ่มบรรจุ","19920101"
"00026048","","99991231","F1","ปริญญาโท/เทียบเท่า","2200000003","จุฬาลงกรณ์มหาวิทยาลัย","00000000","--ไม่สามารถระบุได้--","20261","วิศวกรรมศาสตรมหาบัณฑิต","TH","ไทย"," "," ","X","ใช่","99998","ปรับวุฒิ","19880101"
"00026048","19790101","99991231","D1","ปริญญาตรี/เทียบเท่า","2200000003","จุฬาลงกรณ์มหาวิทยาลัย","20001042","สำรวจ","20260","วิศวกรรมศาสตรบัณฑิต","TH","ไทย"," "," "," ","ไม่","99999","วุฒิเริ่มบรรจุ","19830101"
"00026071","20021122","99991231","F1","ปริญญาโท/เทียบเท่า","2200000062","มหาวิทยาลัยราชภัฏสวนสุนันทา","20000087","การบริหารการศึกษา","20015","ครุศาสตรมหาบัณฑิต","TH","ไทย"," "," ","X","ใช่","99998","ปรับวุฒิ","20071212"
"00026071","19860610","99991231","D1","ปริญญาตรี/เทียบเท่า","2200000406","สถาบันราชภัฎจันทรเกษม","20000470","ธุรกิจศึกษา","20014","ครุศาสตรบัณฑิต","TH","ไทย"," "," "," ","ไม่","99999","วุฒิเริ่มบรรจุ","19881014"
"00026075","19840901","99991231","F1","ปริญญาโท/เทียบเท่า","1200000329","Massachusetts Institute of Technology","10000707","Naval Architecture and Marine Engineerin","10503","Master of Science","US","USA"," "," "," ","ไม่","99998","ปรับวุฒิ","19860201"
"00026075","19790101","99991231","D1","ปริญญาตรี/เทียบเท่า","2200000003","จุฬาลงกรณ์มหาวิทยาลัย","20000273","เครื่องกล","20260","วิศวกรรมศาสตรบัณฑิต","TH","ไทย"," "," "," ","ไม่","99999","วุฒิเริ่มบรรจุ","19830101"
"00026075","19860201","99991231","H1","ปริญญาเอก/เทียบเท่า","1200000329","Massachusetts Institute of Technology","10000707","Naval Architecture and Marine Engineerin","10527","Philosophy Degree","US","USA"," "," ","X","ใช่","99998","ปรับวุฒิ","19900101"
"00026076","19720201","99991231","D1","ปริญญาตรี/เทียบเท่า","1200000380","New Jersey Institute of Techology","10000147","Chemical Engineering","10052","Bachelor of Science","US","USA"," "," "," ","ไม่","99998","ปรับวุฒิ","19750501"
"00026076","19770901","99991231","H1","ปริญญาเอก/เทียบเท่า","1200000380","New Jersey Institute of Techology","10000147","Chemical Engineering","10322","Doctor of Science in Engineering","US","USA"," "," ","X","ใช่","99999","วุฒิเริ่มบรรจุ","19820501"
"00026076","19750901","99991231","F1","ปริญญาโท/เทียบเท่า","1200000380","New Jersey Institute of Techology","10000147","Chemical Engineering","10503","Master of Science","US","USA"," "," "," ","ไม่","99998","ปรับวุฒิ","19800501"
"00026078","","99991231","D1","ปริญญาตรี/เทียบเท่า","2200000375","สถาบันเทคโนโลยีพระจอมเกล้าเจ้าคุณทหารลาดกระบัง","20000421","เทคโนโลยีการวัดคุมทางอุตสาหกรรม","20377","อุตสาหกรรมศาสตรบัณฑิต","TH","ไทย"," "," "," ","ไม่","99999","วุฒิเริ่มบรรจุ","19870101"
"00026078","","99991231","F1","ปริญญาโท/เทียบเท่า","2200000003","จุฬาลงกรณ์มหาวิทยาลัย","20000494","นิวเคลียร์เทคโนโลยี","20261","วิศวกรรมศาสตรมหาบัณฑิต","TH","ไทย"," "," ","X","ใช่","99997","วุฒิเพิ่มเติม","20100601"
"00026082","19770901","99991231","F1","ปริญญาโท/เทียบเท่า","1200000880","University of Wisconsin, Madison","20000273","เครื่องกล","20261","วิศวกรรมศาสตรมหาบัณฑิต","US","USA"," "," "," ","ไม่","99998","ปรับวุฒิ","19790501"
"00026082","19720101","99991231","D1","ปริญญาตรี/เทียบเท่า","2200000003","จุฬาลงกรณ์มหาวิทยาลัย","20000273","เครื่องกล","20260","วิศวกรรมศาสตรบัณฑิต","TH","ไทย"," "," "," ","ไม่","99999","วุฒิเริ่มบรรจุ","19760101"
"00026082","19790601","99991231","H1","ปริญญาเอก/เทียบเท่า","1200000880","University of Wisconsin, Madison","20000873","วิศวกรรมเครื่องกล","10314","Doctor of Philosophy","US","USA"," "," ","X","ใช่","99998","ปรับวุฒิ","19820801"
"00026119","","99991231","B1","มัธยมศึกษาตอนต้น","0000000000","--ไม่สามารถระบุได้--","00000000","--ไม่สามารถระบุได้--","20242","มัธยมศึกษาตอนต้น","TH","ไทย"," "," ","X","ใช่","99999","วุฒิเริ่มบรรจุ","19990902"
"00027006","19790101","99991231","D1","ปริญญาตรี/เทียบเท่า","2200000003","จุฬาลงกรณ์มหาวิทยาลัย","00000000","--ไม่สามารถระบุได้--","20260","วิศวกรรมศาสตรบัณฑิต","TH","ไทย"," "," "," ","ไม่","99999","วุฒิเริ่มบรรจุ","19830101"
"00027006","","99991231","H1","ปริญญาเอก/เทียบเท่า","1200000778","University of Melbourne","10000433","Geomatics","10314","Doctor of Philosophy","AU","Australia"," "," ","X","ใช่","99998","ปรับวุฒิ","19951213"
"00027006","","99991231","F1","ปริญญาโท/เทียบเท่า","2200000003","จุฬาลงกรณ์มหาวิทยาลัย","20000891","วิศวกรรมสำรวจ","20261","วิศวกรรมศาสตรมหาบัณฑิต","TH","ไทย"," "," "," ","ไม่","99998","ปรับวุฒิ","19870101"
"00026061","19780101","99991231","D1","ปริญญาตรี/เทียบเท่า","2200000003","จุฬาลงกรณ์มหาวิทยาลัย","20000891","วิศวกรรมสำรวจ","20260","วิศวกรรมศาสตรบัณฑิต","TH","ไทย"," "," "," ","ไม่","99999","วุฒิเริ่มบรรจุ","19810101"
"00026061","19850929","99991231","H1","ปริญญาเอก/เทียบเท่า","1200000653","Universite De Paris VIII","00000000","--ไม่สามารถระบุได้--","10343","Doctorat Sciences Del'informat","FR","France"," "," ","X","ใช่","99998","ปรับวุฒิ","19920102"
"00026066","19810101","99991231","D1","ปริญญาตรี/เทียบเท่า","2200000071","มหาวิทยาลัยศรีนครินทรวิโรฒ วิทยาเขตประสานมิตร","00000000","--ไม่สามารถระบุได้--","20006","การศึกษาบัณฑิต","TH","ไทย"," "," ","X","ใช่","99999","วุฒิเริ่มบรรจุ","19820101"
"00027035","19740101","99991231","D1","ปริญญาตรี/เทียบเท่า","2200000003","จุฬาลงกรณ์มหาวิทยาลัย","20000763","โลหะการ","20260","วิศวกรรมศาสตรบัณฑิต","TH","ไทย"," "," "," ","ไม่","99999","วุฒิเริ่มบรรจุ","19830101"
"00027035","19890401","99991231","H1","ปริญญาเอก/เทียบเท่า","1200000851","University of Tokoyo","10000665","Metallurgy","10314","Doctor of Philosophy","JP","Japan"," "," ","X","ใช่","99998","ปรับวุฒิ","19910531"
"00027035","19850630","99991231","F1","ปริญญาโท/เทียบเท่า","1200000909","Waseda University","10000664","Metallurgical Engineering","10461","Master of Engineering","US","USA"," "," "," ","ไม่","99998","ปรับวุฒิ","19890331"
"00027036","19730101","99991231","C1","ปวช.หรือเทียบเท่า","2100000150","โรงเรียนช่างกลบางซ่อน","00000000","--ไม่สามารถระบุได้--","20170","ประกาศนียบัตรวิชาชีพ","TH","ไทย"," "," ","X","ใช่","99999","วุฒิเริ่มบรรจุ","19750101"
"00027037","","99991231","D1","ปริญญาตรี/เทียบเท่า","2200000378","สถาบันเทคโนโลยีราชมงคล","20000881","วิศวกรรมไฟฟ้าสื่อสาร","20016","ครุศาสตร์อุตสาหกรรมบัณฑิต","TH","ไทย"," "," ","X","ใช่","99999","วุฒิเริ่มบรรจุ","19940507"
"00027039","19850814","99991231","F1","ปริญญาโท/เทียบเท่า","1200000752","University of Illinois at Urbana-Champaign","10000213","Computer Science","10503","Master of Science","US","USA"," "," "," ","ไม่","99998","ปรับวุฒิ","19890813"
"00027039","","99991231","D1","ปริญญาตรี/เทียบเท่า","2200000003","จุฬาลงกรณ์มหาวิทยาลัย","20000870","วิศวกรรมคอมพิวเตอร์","20260","วิศวกรรมศาสตรบัณฑิต","TH","ไทย"," "," "," ","ไม่","99999","วุฒิเริ่มบรรจุ","19990902"
"00027039","19890814","99991231","H1","ปริญญาเอก/เทียบเท่า","1200000752","University of Illinois at Urbana-Champaign","10000213","Computer Science","10314","Doctor of Philosophy","US","USA"," "," ","X","ใช่","99997","วุฒิเพิ่มเติม","19910517"
"00027052","19720101","99991231","D1","ปริญญาตรี/เทียบเท่า","2200000003","จุฬาลงกรณ์มหาวิทยาลัย","00000000","--ไม่สามารถระบุได้--","20260","วิศวกรรมศาสตรบัณฑิต","TH","ไทย"," "," "," ","ไม่","99999","วุฒิเริ่มบรรจุ","19760101"
"00027052","19810101","99991231","H1","ปริญญาเอก/เทียบเท่า","1200000229","Insa (Laas) Toulouse","00000000","--ไม่สามารถระบุได้--","10280","Docteur Ingenieur","FR","France"," "," ","X","ใช่","99998","ปรับวุฒิ","19840101"
"00027052","19780101","99991231","F1","ปริญญาโท/เทียบเท่า","2200000003","จุฬาลงกรณ์มหาวิทยาลัย","00000000","--ไม่สามารถระบุได้--","20261","วิศวกรรมศาสตรมหาบัณฑิต","TH","ไทย"," "," "," ","ไม่","99998","ปรับวุฒิ","19800101"
"10014705","19890601","99991231","D1","ปริญญาตรี/เทียบเท่า","2200000013","มหาวิทยาลัยขอนแก่น","20000871","วิศวกรรมเคมี","20260","วิศวกรรมศาสตรบัณฑิต","TH","ไทย"," "," ","X","ใช่","99999","วุฒิเริ่มบรรจุ","19930510"
"00027017","19830902","99991231","C1","ปวช.หรือเทียบเท่า","1200000279","Kyoto University","20000866","วิศวกรรมการใช้น้ำ","20131","ประกาศนียบัตรผู้ช่วยวิจัย","JP","Japan"," "," "," ","ไม่","99998","ปรับวุฒิ","19831230"
"00027017","19800401","99991231","H1","ปริญญาเอก/เทียบเท่า","1200000279","Kyoto University","20000869","วิศวกรรมเกษตร วิศวกรรมการใช้น้ำ","10289","Doctor of Agriculture","JP","Japan"," "," ","X","ใช่","99998","ปรับวุฒิ","19830901"
"00027017","19740401","99991231","D1","ปริญญาตรี/เทียบเท่า","1200000279","Kyoto University","20000254","เคมี","20260","วิศวกรรมศาสตรบัณฑิต","JP","Japan"," "," "," ","ไม่","99999","วุฒิเริ่มบรรจุ","19780301"
"00028110","","99991231","F1","ปริญญาโท/เทียบเท่า","1200000246","International Institute Aerospace Survey Earth Science","10000524","Integrated Map & Geo Information Product","10503","Master of Science","NL","Netherlands"," "," "," ","ไม่","99998","ปรับวุฒิ","19900108"
"00028110","19800601","99991231","D1","ปริญญาตรี/เทียบเท่า","2200000003","จุฬาลงกรณ์มหาวิทยาลัย","20001042","สำรวจ","20260","วิศวกรรมศาสตรบัณฑิต","TH","ไทย"," "," "," ","ไม่","99999","วุฒิเริ่มบรรจุ","19840401"
"00028110","20000503","99991231","H1","ปริญญาเอก/เทียบเท่า","2200000398","สถาบันเทคโนโลยีแห่งเอเชีย","10000428","Geographical Information Systems","10297","Doctor of Engineering","TH","ไทย"," "," ","X","ใช่","99998","ปรับวุฒิ","20060901"
"00027020","19710101","99991231","D1","ปริญญาตรี/เทียบเท่า","2200000003","จุฬาลงกรณ์มหาวิทยาลัย","00000000","--ไม่สามารถระบุได้--","20260","วิศวกรรมศาสตรบัณฑิต","TH","ไทย"," "," "," ","ไม่","99999","วุฒิเริ่มบรรจุ","19750101"
"00027020","19780101","99991231","H1","ปริญญาเอก/เทียบเท่า","1200000101","Colorado State University","00000000","--ไม่สามารถระบุได้--","20259","วิศวกรรมศาสตรดุษฎีบัณฑิต","US","USA"," "," ","X","ใช่","99998","ปรับวุฒิ","19840101"
"00027020","19760101","99991231","F1","ปริญญาโท/เทียบเท่า","1200000101","Colorado State University","00000000","--ไม่สามารถระบุได้--","20261","วิศวกรรมศาสตรมหาบัณฑิต","US","USA"," "," "," ","ไม่","99998","ปรับวุฒิ","19780101"
"00027027","19780101","99991231","D1","ปริญญาตรี/เทียบเท่า","2200000013","มหาวิทยาลัยขอนแก่น","20000637","ฟิสิกส์","20256","วิทยาศาสตรบัณฑิต","TH","ไทย"," "," "," ","ไม่","99999","วุฒิเริ่มบรรจุ","19810101"
"00027027","19820601","99991231","F1","ปริญญาโท/เทียบเท่า","2200000003","จุฬาลงกรณ์มหาวิทยาลัย","20000494","นิวเคลียร์เทคโนโลยี","20261","วิศวกรรมศาสตรมหาบัณฑิต","TH","ไทย"," "," ","X","ใช่","99997","วุฒิเพิ่มเติม","19840601"
"00027032","19820101","99991231","F1","ปริญญาโท/เทียบเท่า","2200000049","มหาวิทยาลัยมหิดล","20000347","ชีวเคมี","20258","วิทยาศาสตรมหาบัณฑิต","TH","ไทย"," "," ","X","ใช่","99998","ปรับวุฒิ","19840101"
"00027032","19780101","99991231","D1","ปริญญาตรี/เทียบเท่า","2200000049","มหาวิทยาลัยมหิดล","20000404","เทคนิคการแพทย์","20256","วิทยาศาสตรบัณฑิต","TH","ไทย"," "," "," ","ไม่","99999","วุฒิเริ่มบรรจุ","19820101"
"00027033","19700101","99991231","B2","มัธยมศึกษาตอนปลาย","2100000253","โรงเรียนเตรียมอุดมศึกษา","00000000","--ไม่สามารถระบุได้--","20243","มัธยมศึกษาตอนปลาย","TH","ไทย"," "," "," ","ไม่","99997","วุฒิเพิ่มเติม","19720101"
"00027033","19770101","99991231","F1","ปริญญาโท/เทียบเท่า","1200000424","Oregon State University","20000873","วิศวกรรมเครื่องกล","20210","ปริญญาโท","US","USA"," "," "," ","ไม่","99998","ปรับวุฒิ","19790101"
"00027033","19630101","99991231","B1","มัธยมศึกษาตอนต้น","2100000192","โรงเรียนเซนต์จอห์น","00000000","--ไม่สามารถระบุได้--","20242","มัธยมศึกษาตอนต้น","TH","ไทย"," "," "," ","ไม่","99997","วุฒิเพิ่มเติม","19700101"
"00027033","19720101","99991231","D1","ปริญญาตรี/เทียบเท่า","2200000003","จุฬาลงกรณ์มหาวิทยาลัย","20000873","วิศวกรรมเครื่องกล","20205","ปริญญาตรี","TH","ไทย"," "," "," ","ไม่","99999","วุฒิเริ่มบรรจุ","19760101"
"00027033","19790101","99991231","H1","ปริญญาเอก/เทียบเท่า","1200000424","Oregon State University","20000873","วิศวกรรมเครื่องกล","20212","ปริญญาเอก","US","USA"," "," ","X","ใช่","99998","ปรับวุฒิ","19840101"
"00028020","19770101","99991231","D1","ปริญญาตรี/เทียบเท่า","2200000065","มหาวิทยาลัยรามคำแหง","20000637","ฟิสิกส์","20256","วิทยาศาสตรบัณฑิต","TH","ไทย"," "," ","X","ใช่","99999","วุฒิเริ่มบรรจุ","19810101"
"00027053","","99991231","D1","ปริญญาตรี/เทียบเท่า","2200000069","มหาวิทยาลัยศรีนครินทรวิโรฒ วิทยาเขตบางแสน","20000351","ชีววิทยา","20006","การศึกษาบัณฑิต","TH","ไทย"," "," ","X","ใช่","99999","วุฒิเริ่มบรรจุ","19840101"
"00027075","","99991231","D1","ปริญญาตรี/เทียบเท่า","2200000376","สถาบันเทคโนโลยีพระจอมเกล้าพระนครเหนือ","20000417","เทคโนโลยีการผลิต","20377","อุตสาหกรรมศาสตรบัณฑิต","TH","ไทย"," "," ","X","ใช่","99999","วุฒิเริ่มบรรจุ","19990902"
"00027080","19740101","99991231","D1","ปริญญาตรี/เทียบเท่า","2200000003","จุฬาลงกรณ์มหาวิทยาลัย","20000873","วิศวกรรมเครื่องกล","20205","ปริญญาตรี","TH","ไทย"," "," "," ","ไม่","99999","วุฒิเริ่มบรรจุ","19780101"
"00027080","19800801","99991231","H1","ปริญญาเอก/เทียบเท่า","1200000179","Georgia Institute of Technology","20000873","วิศวกรรมเครื่องกล","10314","Doctor of Philosophy","US","USA"," "," ","X","ใช่","99998","ปรับวุฒิ","19841105"
"00027080","19790101","99991231","F1","ปริญญาโท/เทียบเท่า","1200000179","Georgia Institute of Technology","20000873","วิศวกรรมเครื่องกล","20210","ปริญญาโท","US","USA"," "," "," ","ไม่","99998","ปรับวุฒิ","19791201"
"00028037","","99991231","D1","ปริญญาตรี/เทียบเท่า","2200000190","วิทยาลัยครูพระนคร","20000490","นิเทศศาสตร์","20312","ศิลปศาสตรบัณฑิต","TH","ไทย"," "," ","X","ใช่","99999","วุฒิเริ่มบรรจุ","19990902"
"00027098","","99991231","A1","ประถมศึกษาตอนต้น","2100001751","โรงเรียนภาชีสุนทรวิทยานุกูล","20000555","ประถมศึกษาตอนต้น","20194","ประถมศึกษาตอนต้น(ป.4)","TH","ไทย"," "," "," ","ไม่","99999","วุฒิเริ่มบรรจุ","19990902"
"00027098","19740501","99991231","B1","มัธยมศึกษาตอนต้น","2100001751","โรงเรียนภาชีสุนทรวิทยานุกูล","20000716","มัธยมศึกษา","20242","มัธยมศึกษาตอนต้น","TH","ไทย"," "," ","X","ใช่","99997","วุฒิเพิ่มเติม","19771001"
"00028075","","99991231","D1","ปริญญาตรี/เทียบเท่า","2200000378","สถาบันเทคโนโลยีราชมงคล","20000881","วิศวกรรมไฟฟ้าสื่อสาร","20016","ครุศาสตร์อุตสาหกรรมบัณฑิต","TH","ไทย"," "," ","X","ใช่","99999","วุฒิเริ่มบรรจุ","19990902"
"00028095","","99991231","D1","ปริญญาตรี/เทียบเท่า","2200000376","สถาบันเทคโนโลยีพระจอมเกล้าพระนครเหนือ","20000417","เทคโนโลยีการผลิต","20377","อุตสาหกรรมศาสตรบัณฑิต","TH","ไทย"," "," ","X","ใช่","99999","วุฒิเริ่มบรรจุ","19990902"
"00028096","19830101","99991231","C3","ปวส.หรือเทียบเท่า","2200000382","สถาบันเทคโนโลยีราชมงคล วิทยาเขตเทคนิคกรุงเทพ","20000342","ช่างอิเล็กทรอนิกส์","20172","ประกาศนียบัตรวิชาชีพชั้นสูง","TH","ไทย"," "," ","X","ใช่","99999","วุฒิเริ่มบรรจุ","19850101"
"00028057","","99991231","D1","ปริญญาตรี/เทียบเท่า","2200000071","มหาวิทยาลัยศรีนครินทรวิโรฒ วิทยาเขตประสานมิตร","20000082","การแนะแนว","20006","การศึกษาบัณฑิต","TH","ไทย"," "," "," ","ไม่","99999","วุฒิเริ่มบรรจุ","19990902"
"00028057","","99991231","C3","ปวส.หรือเทียบเท่า","2200000301","วิทยาลัยบพิตรพิมุขจักรวรรดิ์","20000760","เลขานุการ","20172","ประกาศนียบัตรวิชาชีพชั้นสูง","TH","ไทย"," "," "," ","ไม่","99997","วุฒิเพิ่มเติม","19840101"
"00028057","20021028","99991231","F1","ปริญญาโท/เทียบเท่า","2200000067","มหาวิทยาลัยศรีนครินทรวิโรฒ","20000302","จิตวิทยาและการแนะแนว","20007","การศึกษามหาบัณฑิต","TH","ไทย"," "," ","X","ใช่","99997","วุฒิเพิ่มเติม","20050519"
"00028160","","99991231","B1","มัธยมศึกษาตอนต้น","0000000000","--ไม่สามารถระบุได้--","20001036","สายสามัญ","20242","มัธยมศึกษาตอนต้น","TH","ไทย"," "," ","X","ใช่","99999","วุฒิเริ่มบรรจุ","19990501"
"00028160","","99991231","A1","ประถมศึกษาตอนต้น","0000000000","--ไม่สามารถระบุได้--","00000000","--ไม่สามารถระบุได้--","20194","ประถมศึกษาตอนต้น(ป.4)","TH","ไทย"," "," "," ","ไม่","99997","วุฒิเพิ่มเติม","19990902"
"00028085","19820101","99991231","F1","ปริญญาโท/เทียบเท่า","1200000684","University of Alabama","00000000","--ไม่สามารถระบุได้--","10503","Master of Science","US","USA"," "," ","X","ใช่","99998","ปรับวุฒิ","19850101"
"00028085","19780101","99991231","D1","ปริญญาตรี/เทียบเท่า","1200000556","Syracuse University","00000000","--ไม่สามารถระบุได้--","10037","B.S. (Electrical Engineering)","GB","United Kingdom"," "," "," ","ไม่","99999","วุฒิเริ่มบรรจุ","19820101"
"00029003","19700101","99991231","D1","ปริญญาตรี/เทียบเท่า","2200000003","จุฬาลงกรณ์มหาวิทยาลัย","20000891","วิศวกรรมสำรวจ","20260","วิศวกรรมศาสตรบัณฑิต","TH","ไทย"," "," "," ","ไม่","99999","วุฒิเริ่มบรรจุ","19740101"
"00029003","19760603","99991231","F1","ปริญญาโท/เทียบเท่า","1200000418","Ohio State University","00000000","--ไม่สามารถระบุได้--","10503","Master of Science","US","USA"," "," ","X","ใช่","99998","ปรับวุฒิ","19780810"
"00029012","19820101","99991231","C3","ปวส.หรือเทียบเท่า","2200000382","สถาบันเทคโนโลยีราชมงคล วิทยาเขตเทคนิคกรุงเทพ","00000000","--ไม่สามารถระบุได้--","20172","ประกาศนียบัตรวิชาชีพชั้นสูง","TH","ไทย"," "," ","X","ใช่","99999","วุฒิเริ่มบรรจุ","19840101"
"10020543","20110601","99991231","D1","ปริญญาตรี/เทียบเท่า","2200000033","มหาวิทยาลัยธรรมศาสตร์","00000000","--ไม่สามารถระบุได้--","20312","ศิลปศาสตรบัณฑิต","TH","ไทย"," "," ","X","ใช่","99999","วุฒิเริ่มบรรจุ","20150510"
"00029084","","99991231","D1","ปริญญาตรี/เทียบเท่า","2200000177","วิทยาลัยครูจันทรเกษม","20000098","การบริหารโรงเรียน","20014","ครุศาสตรบัณฑิต","TH","ไทย"," "," ","X","ใช่","99999","วุฒิเริ่มบรรจุ","19990902"
"00029090","19880827","99991231","H1","ปริญญาเอก/เทียบเท่า","1200000708","University of California Irvine","10000650","Mechanical Engineering","10314","Doctor of Philosophy","US","USA"," "," ","X","ใช่","99998","ปรับวุฒิ","19960116"
"00029090","19820101","99991231","D1","ปริญญาตรี/เทียบเท่า","2200000003","จุฬาลงกรณ์มหาวิทยาลัย","00000000","--ไม่สามารถระบุได้--","20260","วิศวกรรมศาสตรบัณฑิต","TH","ไทย"," "," "," ","ไม่","99999","วุฒิเริ่มบรรจุ","19860101"
"10015213","","99991231","H1","ปริญญาเอก/เทียบเท่า","0000000000","--ไม่สามารถระบุได้--","10000322","Electrical Engineering","10314","Doctor of Philosophy","DE","Germany"," "," ","X","ใช่","99999","วุฒิเริ่มบรรจุ","20090721"
"10015213","19941001","99991231","F1","ปริญญาโท/เทียบเท่า","1200001017","Karlsruhe Institute of Technology","10000322","Electrical Engineering","10461","Master of Engineering","DE","Germany"," "," "," ","ไม่","99997","วุฒิเพิ่มเติม","20030815"
"00030035","19820101","99991231","C4","ต่ำกว่าปริญญาตรี","1200000142","Ecole Superieure D'Electricite'","10000522","Instrumentation","10260","Diplome De Specialisation","FR","France"," "," "," ","ไม่","99998","ปรับวุฒิ","19830101"
"00030035","19780101","99991231","F1","ปริญญาโท/เทียบเท่า","2200000003","จุฬาลงกรณ์มหาวิทยาลัย","20000644","ไฟฟ้า","20261","วิศวกรรมศาสตรมหาบัณฑิต","TH","ไทย"," "," "," ","ไม่","99998","ปรับวุฒิ","19800101"
"00030035","19720101","99991231","D1","ปริญญาตรี/เทียบเท่า","2200000003","จุฬาลงกรณ์มหาวิทยาลัย","20000644","ไฟฟ้า","20260","วิศวกรรมศาสตรบัณฑิต","TH","ไทย"," "," "," ","ไม่","99999","วุฒิเริ่มบรรจุ","19760101"
"00030035","19830101","99991231","H1","ปริญญาเอก/เทียบเท่า","1200000654","Universite De Paris XI","00000000","--ไม่สามารถระบุได้--","10280","Docteur Ingenieur","FR","France"," "," ","X","ใช่","99998","ปรับวุฒิ","19860101"
"00029046","19830601","99991231","F1","ปริญญาโท/เทียบเท่า","2200000003","จุฬาลงกรณ์มหาวิทยาลัย","00000000","--ไม่สามารถระบุได้--","20329","สถิติศาสตรมหาบัณฑิต","TH","ไทย"," "," "," ","ไม่","99998","ปรับวุฒิ","19860301"
"00029046","19940901","99991231","H1","ปริญญาเอก/เทียบเท่า","1200000424","Oregon State University","10000213","Computer Science","10314","Doctor of Philosophy","US","USA"," "," ","X","ใช่","99998","ปรับวุฒิ","19980107"
"00029046","19790601","99991231","D1","ปริญญาตรี/เทียบเท่า","2200000015","มหาวิทยาลัยเชียงใหม่","00000000","--ไม่สามารถระบุได้--","20256","วิทยาศาสตรบัณฑิต","TH","ไทย"," "," "," ","ไม่","99999","วุฒิเริ่มบรรจุ","19820301"
"00029046","","99991231","F1","ปริญญาโท/เทียบเท่า","1200000424","Oregon State University","10000213","Computer Science","10503","Master of Science","US","USA"," "," "," ","ไม่","99997","วุฒิเพิ่มเติม","19900901"
"00029047","19830101","99991231","F1","ปริญญาโท/เทียบเท่า","2200000003","จุฬาลงกรณ์มหาวิทยาลัย","20001137","อุตสาหการ","20261","วิศวกรรมศาสตรมหาบัณฑิต","TH","ไทย"," "," "," ","ไม่","99998","ปรับวุฒิ","19860101"
"00029047","19760101","99991231","D1","ปริญญาตรี/เทียบเท่า","2200000377","สถาบันเทคโนโลยีพระจอมเกล้าวิทยาเขตธนบุรี","20000254","เคมี","20260","วิศวกรรมศาสตรบัณฑิต","TH","ไทย"," "," "," ","ไม่","99999","วุฒิเริ่มบรรจุ","19810101"
"00029047","19891001","99991231","H1","ปริญญาเอก/เทียบเท่า","1200000767","University of London","10000637","Materials Engineering","10314","Doctor of Philosophy","GB","United Kingdom"," "," ","X","ใช่","99998","ปรับวุฒิ","19921102"
"00030014","19940701","99991231","D1","ปริญญาตรี/เทียบเท่า","2200000084","มหาวิทยาลัยสุโขทัยธรรมาธิราช","20001037","สารนิเทศศาสตร์","20312","ศิลปศาสตรบัณฑิต","TH","ไทย"," "," "," ","ไม่","99999","วุฒิเริ่มบรรจุ","19960805"
"00030014","19880701","99991231","D1","ปริญญาตรี/เทียบเท่า","2200000084","มหาวิทยาลัยสุโขทัยธรรมาธิราช","20000523","บริหารรัฐกิจ","20245","รัฐประศาสนศาสตรบัณฑิต","TH","ไทย"," "," "," ","ไม่","99998","ปรับวุฒิ","19940425"
"00030014","20080527","99991231","F1","ปริญญาโท/เทียบเท่า","2200000003","จุฬาลงกรณ์มหาวิทยาลัย","20000739","รัฐประศาสนศาสตร์","20246","รัฐประศาสนศาสตรมหาบัณฑิต","TH","ไทย"," "," ","X","ใช่","99997","วุฒิเพิ่มเติม","20101124"
"10015229","19840516","99991231","C1","ปวช.หรือเทียบเท่า","2200000227","วิทยาลัยเทคนิคดอนเมือง","20000986","สถาปัตยกรรม","20170","ประกาศนียบัตรวิชาชีพ","TH","ไทย"," "," ","X","ใช่","99999","วุฒิเริ่มบรรจุ","19880502"
"10015147","19900827","99991231","F1","ปริญญาโท/เทียบเท่า","1200000451","Purdue University","00000000","--ไม่สามารถระบุได้--","10505","Master of Science Engineering","US","USA"," "," "," ","ไม่","99997","วุฒิเพิ่มเติม","19920731"
"10015147","19840414","99991231","D1","ปริญญาตรี/เทียบเท่า","0000000000","--ไม่สามารถระบุได้--","00000000","--ไม่สามารถระบุได้--","20260","วิศวกรรมศาสตรบัณฑิต","TH","ไทย"," "," "," ","ไม่","99997","วุฒิเพิ่มเติม","19881211"
"10015147","19920824","99991231","H1","ปริญญาเอก/เทียบเท่า","1200000451","Purdue University","10000805","Photography","10314","Doctor of Philosophy","US","USA"," "," ","X","ใช่","99999","วุฒิเริ่มบรรจุ","19951216"
"00030084","","99991231","A1","ประถมศึกษาตอนต้น","0000000000","--ไม่สามารถระบุได้--","00000000","--ไม่สามารถระบุได้--","20194","ประถมศึกษาตอนต้น(ป.4)","TH","ไทย"," "," "," ","ไม่","99997","วุฒิเพิ่มเติม","19990902"
"00030084","19810501","99991231","C1","ปวช.หรือเทียบเท่า","0000000000","--ไม่สามารถระบุได้--","00000000","--ไม่สามารถระบุได้--","20170","ประกาศนียบัตรวิชาชีพ","TH","ไทย"," "," ","X","ใช่","99999","วุฒิเริ่มบรรจุ","19841001"
"00030092","","99991231","A1","ประถมศึกษาตอนต้น","0000000000","--ไม่สามารถระบุได้--","00000000","--ไม่สามารถระบุได้--","20194","ประถมศึกษาตอนต้น(ป.4)","TH","ไทย"," "," ","X","ใช่","99999","วุฒิเริ่มบรรจุ","19990902"
"00030110","","99991231","C1","ปวช.หรือเทียบเท่า","2100001478","โรงเรียนสหพาณิช","00000000","--ไม่สามารถระบุได้--","20170","ประกาศนียบัตรวิชาชีพ","TH","ไทย"," "," ","X","ใช่","99999","วุฒิเริ่มบรรจุ","19990902"
"00030111","","99991231","B1","มัธยมศึกษาตอนต้น","0000000000","--ไม่สามารถระบุได้--","00000000","--ไม่สามารถระบุได้--","20242","มัธยมศึกษาตอนต้น","TH","ไทย"," "," ","X","ใช่","99999","วุฒิเริ่มบรรจุ","19790330"
"10025991","20100501","99991231","D1","ปริญญาตรี/เทียบเท่า","2200000049","มหาวิทยาลัยมหิดล","20000254","เคมี","20256","วิทยาศาสตรบัณฑิต","TH","ไทย"," "," "," ","ไม่","99997","วุฒิเพิ่มเติม","20140418"
"10025991","20161001","99991231","H1","ปริญญาเอก/เทียบเท่า","1200000280","Kyushu University","00000000","--ไม่สามารถระบุได้--","10297","Doctor of Engineering","JP","Japan"," "," ","X","ใช่","99999","วุฒิเริ่มบรรจุ","20190925"
"10025991","20140813","99991231","F1","ปริญญาโท/เทียบเท่า","2200000049","มหาวิทยาลัยมหิดล","20000254","เคมี","20258","วิทยาศาสตรมหาบัณฑิต","TH","ไทย"," "," "," ","ไม่","99997","วุฒิเพิ่มเติม","20160915"
"00030120","","99991231","A1","ประถมศึกษาตอนต้น","2100001379","โรงเรียนสตรีปทุมวัน","00000000","--ไม่สามารถระบุได้--","20194","ประถมศึกษาตอนต้น(ป.4)","TH","ไทย"," "," ","X","ใช่","99999","วุฒิเริ่มบรรจุ","19990902"
"00030121","","99991231","A2","ประถมศึกษาตอนปลาย","2100001750","โรงเรียนวัดประชาระบือธรรม","20000550","ประถมศึกษา","20195","ประถมศึกษาตอนปลาย","TH","ไทย"," "," ","X","ใช่","99999","วุฒิเริ่มบรรจุ","20110801"
"00031052","19760101","99991231","D1","ปริญญาตรี/เทียบเท่า","2200000011","มหาวิทยาลัยเกษตรศาสตร์","20000724","โยธา","20260","วิศวกรรมศาสตรบัณฑิต","TH","ไทย"," "," "," ","ไม่","99999","วุฒิเริ่มบรรจุ","19800101"
"00031052","19840101","99991231","H1","ปริญญาเอก/เทียบเท่า","1200000279","Kyoto University","10000436","Geotechnical Engineering","10297","Doctor of Engineering","JP","Japan"," "," ","X","ใช่","99998","ปรับวุฒิ","19880101"
"00031052","19800101","99991231","F1","ปริญญาโท/เทียบเท่า","2200000398","สถาบันเทคโนโลยีแห่งเอเชีย","10000940","Soil Engineering","10461","Master of Engineering","TH","ไทย"," "," "," ","ไม่","99998","ปรับวุฒิ","19820101"
"10015635","20030609","99991231","D1","ปริญญาตรี/เทียบเท่า","2200000085","มหาวิทยาลัยหอการค้าไทย","20000047","การจัดการ","20043","บริหารธุรกิจบัณฑิต","TH","ไทย"," "," ","X","ใช่","99999","วุฒิเริ่มบรรจุ","20070301"
"00031072","","99991231","D1","ปริญญาตรี/เทียบเท่า","0000000000","--ไม่สามารถระบุได้--","20000047","การจัดการ","20043","บริหารธุรกิจบัณฑิต","TH","ไทย"," "," ","X","ใช่","99997","วุฒิเพิ่มเติม","20090610"
"00031072","","99991231","C3","ปวส.หรือเทียบเท่า","2200000432","สถาบันราชภัฎสวนสุนันทา","20000052","การจัดการทั่วไป","20367","อนุปริญญาศิลปศาสตร์","TH","ไทย"," "," "," ","ไม่","99999","วุฒิเริ่มบรรจุ","19951017"
"00031120","19961029","99991231","D1","ปริญญาตรี/เทียบเท่า","2200000430","สถาบันราชภัฎสมเด็จเจ้าพระยา","20000954","ศิลปศาสตร์","20312","ศิลปศาสตรบัณฑิต","TH","ไทย"," "," ","X","ใช่","99997","วุฒิเพิ่มเติม","19990402"
"00031120","","99991231","B1","มัธยมศึกษาตอนต้น","0000000000","--ไม่สามารถระบุได้--","00000000","--ไม่สามารถระบุได้--","20242","มัธยมศึกษาตอนต้น","TH","ไทย"," "," "," ","ไม่","99999","วุฒิเริ่มบรรจุ","19990902"
"00032016","19760101","99991231","C3","ปวส.หรือเทียบเท่า","2200000376","สถาบันเทคโนโลยีพระจอมเกล้าพระนครเหนือ","20000277","เครื่องกลอุตสาหกรรม","20172","ประกาศนียบัตรวิชาชีพชั้นสูง","TH","ไทย"," "," ","X","ใช่","99999","วุฒิเริ่มบรรจุ","19790101"
"00032050","19850101","99991231","F1","ปริญญาโท/เทียบเท่า","2200000003","จุฬาลงกรณ์มหาวิทยาลัย","20000644","ไฟฟ้า","20261","วิศวกรรมศาสตรมหาบัณฑิต","TH","ไทย"," "," "," ","ไม่","99998","ปรับวุฒิ","19880101"
"00032050","19800101","99991231","D1","ปริญญาตรี/เทียบเท่า","2200000011","มหาวิทยาลัยเกษตรศาสตร์","20000644","ไฟฟ้า","20260","วิศวกรรมศาสตรบัณฑิต","TH","ไทย"," "," "," ","ไม่","99999","วุฒิเริ่มบรรจุ","19840101"
"00032050","20010529","99991231","H1","ปริญญาเอก/เทียบเท่า","2200000003","จุฬาลงกรณ์มหาวิทยาลัย","20000878","วิศวกรรมไฟฟ้า","20259","วิศวกรรมศาสตรดุษฎีบัณฑิต","TH","ไทย"," "," ","X","ใช่","99997","วุฒิเพิ่มเติม","20051025"
"00032052","19840101","99991231","F1","ปริญญาโท/เทียบเท่า","1200000595","Tokyo Institute of Technology","10000320","Electrical and Electronic Engineering","10461","Master of Engineering","JP","Japan"," "," "," ","ไม่","99998","ปรับวุฒิ","19860101"
"00032052","19800101","99991231","D1","ปริญญาตรี/เทียบเท่า","1200000595","Tokyo Institute of Technology","10000320","Electrical and Electronic Engineering","10048","Bachelor of Engineering","JP","Japan"," "," "," ","ไม่","99999","วุฒิเริ่มบรรจุ","19840101"
"00032052","19860101","99991231","H1","ปริญญาเอก/เทียบเท่า","1200000595","Tokyo Institute of Technology","10000320","Electrical and Electronic Engineering","10297","Doctor of Engineering","JP","Japan"," "," ","X","ใช่","99998","ปรับวุฒิ","19890101"
"00032070","19800601","99991231","F1","ปริญญาโท/เทียบเท่า","2200000003","จุฬาลงกรณ์มหาวิทยาลัย","20000878","วิศวกรรมไฟฟ้า","20261","วิศวกรรมศาสตรมหาบัณฑิต","TH","ไทย"," "," ","X","ใช่","99998","ปรับวุฒิ","19840331"
"00032070","19760101","99991231","D1","ปริญญาตรี/เทียบเท่า","2200000003","จุฬาลงกรณ์มหาวิทยาลัย","20000138","การไฟฟ้า","20260","วิศวกรรมศาสตรบัณฑิต","TH","ไทย"," "," "," ","ไม่","99999","วุฒิเริ่มบรรจุ","19800101"
"00031066","19830101","99991231","F1","ปริญญาโท/เทียบเท่า","1200000428","Osaka University","20000263","เคมีพอลิเมอร์","20210","ปริญญาโท","JP","Japan"," "," "," ","ไม่","99998","ปรับวุฒิ","19850101"
"00031066","19780101","99991231","D1","ปริญญาตรี/เทียบเท่า","2200000003","จุฬาลงกรณ์มหาวิทยาลัย","00000000","--ไม่สามารถระบุได้--","20256","วิทยาศาสตรบัณฑิต","TH","ไทย"," "," "," ","ไม่","99999","วุฒิเริ่มบรรจุ","19820101"
"00031066","19850325","99991231","H1","ปริญญาเอก/เทียบเท่า","1200000428","Osaka University","20000263","เคมีพอลิเมอร์","10314","Doctor of Philosophy","JP","Japan"," "," ","X","ใช่","99998","ปรับวุฒิ","19880325"
"10025574","20140729","99991231","F1","ปริญญาโท/เทียบเท่า","2200000003","จุฬาลงกรณ์มหาวิทยาลัย","20000896","วิศวกรรมแหล่งน้ำ","20261","วิศวกรรมศาสตรมหาบัณฑิต","TH","ไทย"," "," "," ","ไม่","99997","วุฒิเพิ่มเติม","20170113"
"10025574","20100531","99991231","D1","ปริญญาตรี/เทียบเท่า","2200000021","มหาวิทยาลัยเทคโนโลยีพระจอมเกล้าพระนครเหนือ","20000883","วิศวกรรมโยธา","20260","วิศวกรรมศาสตรบัณฑิต","TH","ไทย","01","เกียรตินิยมอันดับ 2"," ","ไม่","99997","วุฒิเพิ่มเติม","20140324"
"10025574","20181001","99991231","H1","ปริญญาเอก/เทียบเท่า","1200001240","Kumamoto University","10001427","Earth and Environmental Sciences","10314","Doctor of Philosophy","JP","Japan"," "," ","X","ใช่","99999","วุฒิเริ่มบรรจุ","20210924"
"00031105","","99991231","A1","ประถมศึกษาตอนต้น","0000000000","--ไม่สามารถระบุได้--","00000000","--ไม่สามารถระบุได้--","20194","ประถมศึกษาตอนต้น(ป.4)","TH","ไทย"," "," ","X","ใช่","99999","วุฒิเริ่มบรรจุ","19990902"
"00033117","19830101","99991231","F1","ปริญญาโท/เทียบเท่า","1200000785","University of Missouri Columbia","10000322","Electrical Engineering","10503","Master of Science","US","USA"," "," ","X","ใช่","99998","ปรับวุฒิ","19850101"
"00033117","19780101","99991231","D1","ปริญญาตรี/เทียบเท่า","2200000375","สถาบันเทคโนโลยีพระจอมเกล้าเจ้าคุณทหารลาดกระบัง","20000644","ไฟฟ้า","20260","วิศวกรรมศาสตรบัณฑิต","TH","ไทย"," "," "," ","ไม่","99999","วุฒิเริ่มบรรจุ","19830101"
"10016023","20030624","99991231","D1","ปริญญาตรี/เทียบเท่า","2200000065","มหาวิทยาลัยรามคำแหง","20000520","บริหารธุรกิจระหว่างประเทศ","20043","บริหารธุรกิจบัณฑิต","TH","ไทย"," "," ","X","ใช่","99999","วุฒิเริ่มบรรจุ","20070401"
"00033040","19660101","99991231","D1","ปริญญาตรี/เทียบเท่า","2200000003","จุฬาลงกรณ์มหาวิทยาลัย","20000644","ไฟฟ้า","20260","วิศวกรรมศาสตรบัณฑิต","TH","ไทย"," "," "," ","ไม่","99999","วุฒิเริ่มบรรจุ","19710101"
"00033040","19750101","99991231","F1","ปริญญาโท/เทียบเท่า","2200000003","จุฬาลงกรณ์มหาวิทยาลัย","20000245","คอมพิวเตอร์","20258","วิทยาศาสตรมหาบัณฑิต","TH","ไทย"," "," ","X","ใช่","99998","ปรับวุฒิ","19790101"
"00033043","19910901","99991231","F1","ปริญญาโท/เทียบเท่า","1200000546","Stanford University","10000322","Electrical Engineering","10503","Master of Science","US","USA"," "," "," ","ไม่","99998","ปรับวุฒิ","19930408"
"00033043","19860605","99991231","D1","ปริญญาตรี/เทียบเท่า","2200000003","จุฬาลงกรณ์มหาวิทยาลัย","20000878","วิศวกรรมไฟฟ้า","20260","วิศวกรรมศาสตรบัณฑิต","TH","ไทย","00","เกียรตินิยมอันดับ 1"," ","ไม่","99999","วุฒิเริ่มบรรจุ","19900405"
"00033043","","99991231","H1","ปริญญาเอก/เทียบเท่า","1200000546","Stanford University","10000322","Electrical Engineering","10314","Doctor of Philosophy","US","USA"," "," ","X","ใช่","99998","ปรับวุฒิ","19971013"
"00033044","19790101","99991231","D1","ปริญญาตรี/เทียบเท่า","2200000003","จุฬาลงกรณ์มหาวิทยาลัย","20000644","ไฟฟ้า","20260","วิศวกรรมศาสตรบัณฑิต","TH","ไทย"," "," "," ","ไม่","99999","วุฒิเริ่มบรรจุ","19830101"
"00033044","19890801","99991231","H1","ปริญญาเอก/เทียบเท่า","1200000709","University of California, Berkeley","10000336","Engineering","10314","Doctor of Philosophy","US","USA"," "," ","X","ใช่","99998","ปรับวุฒิ","19930522"
"00033044","19860101","99991231","F1","ปริญญาโท/เทียบเท่า","1200000709","University of California, Berkeley","10000336","Engineering","10503","Master of Science","US","USA"," "," "," ","ไม่","99998","ปรับวุฒิ","19890101"
"00033047","19850101","99991231","F1","ปริญญาโท/เทียบเท่า","1200000428","Osaka University","20000881","วิศวกรรมไฟฟ้าสื่อสาร","20261","วิศวกรรมศาสตรมหาบัณฑิต","JP","Japan"," "," "," ","ไม่","99998","ปรับวุฒิ","19870101"
"00033047","19790101","99991231","D1","ปริญญาตรี/เทียบเท่า","2200000375","สถาบันเทคโนโลยีพระจอมเกล้าเจ้าคุณทหารลาดกระบัง","20000890","วิศวกรรมศาสตร์ไฟฟ้า","20260","วิศวกรรมศาสตรบัณฑิต","TH","ไทย"," "," "," ","ไม่","99999","วุฒิเริ่มบรรจุ","19840101"
"00033047","19870101","99991231","H1","ปริญญาเอก/เทียบเท่า","1200000428","Osaka University","00000000","--ไม่สามารถระบุได้--","20259","วิศวกรรมศาสตรดุษฎีบัณฑิต","JP","Japan"," "," ","X","ใช่","99998","ปรับวุฒิ","19900101"
"00033052","19880101","99991231","F1","ปริญญาโท/เทียบเท่า","1200000024","Asian Institute of Technology (AIT)","10000500","Industrial Engineering and Management","10461","Master of Engineering","TH","ไทย"," "," "," ","ไม่","99998","ปรับวุฒิ","19890101"
"00033052","19820101","99991231","D1","ปริญญาตรี/เทียบเท่า","2200000003","จุฬาลงกรณ์มหาวิทยาลัย","20000644","ไฟฟ้า","20260","วิศวกรรมศาสตรบัณฑิต","TH","ไทย"," "," "," ","ไม่","99999","วุฒิเริ่มบรรจุ","19860101"
"00033052","","99991231","H1","ปริญญาเอก/เทียบเท่า","1200000805","University of Nottingham","10000613","Manufacturing Engineering and Operations","10527","Philosophy Degree","GB","United Kingdom"," "," ","X","ใช่","99998","ปรับวุฒิ","19951110"
"10025684","20120602","99991231","D1","ปริญญาตรี/เทียบเท่า","2200000003","จุฬาลงกรณ์มหาวิทยาลัย","20000873","วิศวกรรมเครื่องกล","20260","วิศวกรรมศาสตรบัณฑิต","TH","ไทย","01","เกียรตินิยมอันดับ 2"," ","ไม่","99997","วุฒิเพิ่มเติม","20160601"
"10025684","20190902","99991231","H1","ปริญญาเอก/เทียบเท่า","1200000781","University of Michigan","10000650","Mechanical Engineering","10314","Doctor of Philosophy","US","USA"," "," ","X","ใช่","99999","วุฒิเริ่มบรรจุ","20230427"
"10025684","20170110","99991231","F1","ปริญญาโท/เทียบเท่า","1200000347","Mississippi State University","10000650","Mechanical Engineering","10503","Master of Science","US","USA"," "," "," ","ไม่","99997","วุฒิเพิ่มเติม","20190101"
"00033053","19860101","99991231","D1","ปริญญาตรี/เทียบเท่า","2200000003","จุฬาลงกรณ์มหาวิทยาลัย","20000886","วิศวกรรมโลหการ","20260","วิศวกรรมศาสตรบัณฑิต","TH","ไทย"," "," "," ","ไม่","99999","วุฒิเริ่มบรรจุ","19900101"
"00033053","","99991231","H1","ปริญญาเอก/เทียบเท่า","1200000329","Massachusetts Institute of Technology","10000665","Metallurgy","10320","Doctor of Science","US","USA"," "," ","X","ใช่","99998","ปรับวุฒิ","19960507"
"00033054","19860101","99991231","D1","ปริญญาตรี/เทียบเท่า","2200000003","จุฬาลงกรณ์มหาวิทยาลัย","20000883","วิศวกรรมโยธา","20260","วิศวกรรมศาสตรบัณฑิต","TH","ไทย"," "," "," ","ไม่","99999","วุฒิเริ่มบรรจุ","19900101"
"00033054","","99991231","H1","ปริญญาเอก/เทียบเท่า","1200000064","Carnegie Mellon University","10000172","Civil Engineering","10527","Philosophy Degree","US","USA"," "," ","X","ใช่","99998","ปรับวุฒิ","19960529"
"00033054","19980701","99991231","D1","ปริญญาตรี/เทียบเท่า","2200000084","มหาวิทยาลัยสุโขทัยธรรมาธิราช","20000487","นิติศาสตร์","20034","นิติศาสตรบัณฑิต","TH","ไทย"," "," "," ","ไม่","99998","ปรับวุฒิ","20010430"
"10015762","19890601","99991231","D1","ปริญญาตรี/เทียบเท่า","2200000003","จุฬาลงกรณ์มหาวิทยาลัย","20000899","วิศวกรรมอุตสาหการ","20260","วิศวกรรมศาสตรบัณฑิต","TH","ไทย"," "," "," ","ไม่","99999","วุฒิเริ่มบรรจุ","19930303"
"10015762","19960830","99991231","H1","ปริญญาเอก/เทียบเท่า","1200000735","University of Florida","10000499","Industrial Engineering","10314","Doctor of Philosophy","US","USA"," "," ","X","ใช่","99998","ปรับวุฒิ","20001216"
"00033074","","99991231","D1","ปริญญาตรี/เทียบเท่า","2200000003","จุฬาลงกรณ์มหาวิทยาลัย","20000245","คอมพิวเตอร์","20260","วิศวกรรมศาสตรบัณฑิต","TH","ไทย"," "," "," ","ไม่","99999","วุฒิเริ่มบรรจุ","19850101"
"00033074","19980518","99991231","H1","ปริญญาเอก/เทียบเท่า","2200000003","จุฬาลงกรณ์มหาวิทยาลัย","20000870","วิศวกรรมคอมพิวเตอร์","20259","วิศวกรรมศาสตรดุษฎีบัณฑิต","TH","ไทย"," "," ","X","ใช่","99998","ปรับวุฒิ","20030402"
"00033074","","99991231","F1","ปริญญาโท/เทียบเท่า","1200000059","California State University","10000213","Computer Science","10503","Master of Science","US","USA"," "," "," ","ไม่","99998","ปรับวุฒิ","19890101"
"00032031","19870101","99991231","F1","ปริญญาโท/เทียบเท่า","1200000081","Chiba University","20001125","อิเล็กทรอนิกส์","20261","วิศวกรรมศาสตรมหาบัณฑิต","JP","Japan"," "," "," ","ไม่","99998","ปรับวุฒิ","19890101"
"00032031","19830101","99991231","D1","ปริญญาตรี/เทียบเท่า","1200000081","Chiba University","20001125","อิเล็กทรอนิกส์","20260","วิศวกรรมศาสตรบัณฑิต","JP","Japan"," "," "," ","ไม่","99999","วุฒิเริ่มบรรจุ","19870101"
"00032031","","99991231","H1","ปริญญาเอก/เทียบเท่า","1200000595","Tokyo Institute of Technology","10000320","Electrical and Electronic Engineering","10297","Doctor of Engineering","JP","Japan"," "," ","X","ใช่","99998","ปรับวุฒิ","19960430"
"10016090","19990610","99991231","D1","ปริญญาตรี/เทียบเท่า","2200000061","มหาวิทยาลัยราชภัฏสวนดุสิต","20000514","บริหารทรัพยากรมนุษย์","20312","ศิลปศาสตรบัณฑิต","TH","ไทย"," "," "," ","ไม่","99999","วุฒิเริ่มบรรจุ","20021216"
"10016090","20100525","99991231","F1","ปริญญาโท/เทียบเท่า","2200000003","จุฬาลงกรณ์มหาวิทยาลัย","20000087","การบริหารการศึกษา","20015","ครุศาสตรมหาบัณฑิต","TH","ไทย"," "," ","X","ใช่","99997","วุฒิเพิ่มเติม","20130531"
"10017017","20020610","99991231","D1","ปริญญาตรี/เทียบเท่า","2200000056","มหาวิทยาลัยราชภัฏบ้านสมเด็จเจ้าพระยา","20000247","คอมพิวเตอร์ธุรกิจ","20043","บริหารธุรกิจบัณฑิต","TH","ไทย"," "," ","X","ใช่","99999","วุฒิเริ่มบรรจุ","20060412"
"00032064","","99991231","E1","สูงกว่าตรี/ต่ำกว่าโท","1200000669","University Brounschuwig","00000000","--ไม่สามารถระบุได้--","10210","Diploma in Engineering","GB","United Kingdom"," "," "," ","ไม่","99998","ปรับวุฒิ","19890101"
"00032064","19750101","99991231","D1","ปริญญาตรี/เทียบเท่า","2200000003","จุฬาลงกรณ์มหาวิทยาลัย","20000873","วิศวกรรมเครื่องกล","20260","วิศวกรรมศาสตรบัณฑิต","TH","ไทย"," "," "," ","ไม่","99999","วุฒิเริ่มบรรจุ","19800101"
"00032064","19811004","99991231","F1","ปริญญาโท/เทียบเท่า","0000000000","--ไม่สามารถระบุได้--","10000650","Mechanical Engineering","00001","--ไม่สามารถระบุได้--","DE","Germany"," "," ","X","ใช่","99997","วุฒิเพิ่มเติม","19890506"
"10025768","20100525","99991231","F1","ปริญญาโท/เทียบเท่า","2200000003","จุฬาลงกรณ์มหาวิทยาลัย","20000870","วิศวกรรมคอมพิวเตอร์","20261","วิศวกรรมศาสตรมหาบัณฑิต","TH","ไทย"," "," "," ","ไม่","99997","วุฒิเพิ่มเติม","20120701"
"10025768","20060707","99991231","D1","ปริญญาตรี/เทียบเท่า","2200000003","จุฬาลงกรณ์มหาวิทยาลัย","20000870","วิศวกรรมคอมพิวเตอร์","20260","วิศวกรรมศาสตรบัณฑิต","TH","ไทย","00","เกียรตินิยมอันดับ 1"," ","ไม่","99997","วุฒิเพิ่มเติม","20100405"
"10025768","20130529","99991231","H1","ปริญญาเอก/เทียบเท่า","2200000003","จุฬาลงกรณ์มหาวิทยาลัย","20000870","วิศวกรรมคอมพิวเตอร์","20259","วิศวกรรมศาสตรดุษฎีบัณฑิต","TH","ไทย"," "," ","X","ใช่","99999","วุฒิเริ่มบรรจุ","20200729"
"00032077","19770101","99991231","D1","ปริญญาตรี/เทียบเท่า","2200000003","จุฬาลงกรณ์มหาวิทยาลัย","20000871","วิศวกรรมเคมี","20260","วิศวกรรมศาสตรบัณฑิต","TH","ไทย"," "," "," ","ไม่","99999","วุฒิเริ่มบรรจุ","19810101"
"00032077","19840101","99991231","H1","ปริญญาเอก/เทียบเท่า","1200000422","Oklahoma State University","10000147","Chemical Engineering","10314","Doctor of Philosophy","US","USA"," "," ","X","ใช่","99998","ปรับวุฒิ","19880101"
"00032077","19810101","99991231","F1","ปริญญาโท/เทียบเท่า","1200000422","Oklahoma State University","00000000","--ไม่สามารถระบุได้--","10503","Master of Science","US","USA"," "," "," ","ไม่","99998","ปรับวุฒิ","19840101"
"00034014","19900101","99991231","D1","ปริญญาตรี/เทียบเท่า","2200000003","จุฬาลงกรณ์มหาวิทยาลัย","20000873","วิศวกรรมเครื่องกล","20260","วิศวกรรมศาสตรบัณฑิต","TH","ไทย","01","เกียรตินิยมอันดับ 2"," ","ไม่","99999","วุฒิเริ่มบรรจุ","19940101"
"00034014","20000801","99991231","H1","ปริญญาเอก/เทียบเท่า","1200000438","Pennsylvania State University","10000650","Mechanical Engineering","10314","Doctor of Philosophy","US","USA"," "," ","X","ใช่","99998","ปรับวุฒิ","20020801"
"00034014","19960801","99991231","F1","ปริญญาโท/เทียบเท่า","1200000871","University of Washington","10000650","Mechanical Engineering","10503","Master of Science","US","USA"," "," "," ","ไม่","99997","วุฒิเพิ่มเติม","19980612"
"00034019","19911101","99991231","D1","ปริญญาตรี/เทียบเท่า","2200000432","สถาบันราชภัฎสวนสุนันทา","20000806","วิทยาการคอมพิวเตอร์","20256","วิทยาศาสตรบัณฑิต","TH","ไทย"," "," ","X","ใช่","99998","ปรับวุฒิ","19961015"
"00034019","19860101","99991231","C3","ปวส.หรือเทียบเท่า","2100000195","โรงเรียนเซนต์จอห์นอาชีวศึกษา","20000342","ช่างอิเล็กทรอนิกส์","20172","ประกาศนียบัตรวิชาชีพชั้นสูง","TH","ไทย"," "," "," ","ไม่","99999","วุฒิเริ่มบรรจุ","19880101"
"00034031","19831001","99991231","F1","ปริญญาโท/เทียบเท่า","1200000851","University of Tokoyo","10000172","Civil Engineering","10461","Master of Engineering","JP","Japan"," "," "," ","ไม่","99998","ปรับวุฒิ","19850930"
"00034031","19760601","99991231","F1","ปริญญาโท/เทียบเท่า","2200000003","จุฬาลงกรณ์มหาวิทยาลัย","20000883","วิศวกรรมโยธา","20261","วิศวกรรมศาสตรมหาบัณฑิต","TH","ไทย","01","เกียรตินิยมอันดับ 2"," ","ไม่","99999","วุฒิเริ่มบรรจุ","19830331"
"00034031","19851001","99991231","H1","ปริญญาเอก/เทียบเท่า","1200000851","University of Tokoyo","10000172","Civil Engineering","10297","Doctor of Engineering","JP","Japan"," "," ","X","ใช่","99998","ปรับวุฒิ","19880830"
"00033011","","99991231","D1","ปริญญาตรี/เทียบเท่า","2200000190","วิทยาลัยครูพระนคร","20000456","เทคโนโลยีอุตสาหกรรม","20256","วิทยาศาสตรบัณฑิต","TH","ไทย"," "," ","X","ใช่","99999","วุฒิเริ่มบรรจุ","19990902"
"10021389","","99991231","H1","ปริญญาเอก/เทียบเท่า","1200000595","Tokyo Institute of Technology","10000716","Nuclear Engineering","10297","Doctor of Engineering","JP","Japan"," "," ","X","ใช่","99999","วุฒิเริ่มบรรจุ","20140925"
"00033094","19860101","99991231","D1","ปริญญาตรี/เทียบเท่า","2200000375","สถาบันเทคโนโลยีพระจอมเกล้าเจ้าคุณทหารลาดกระบัง","20000273","เครื่องกล","20260","วิศวกรรมศาสตรบัณฑิต","TH","ไทย"," "," "," ","ไม่","99999","วุฒิเริ่มบรรจุ","19900101"
"00033094","19930619","99991231","H1","ปริญญาเอก/เทียบเท่า","1200000410","Northwestern University, Chicago","10000650","Mechanical Engineering","10317","Doctor of Physiology","US","USA"," "," ","X","ใช่","99998","ปรับวุฒิ","19991229"
"10016566","","99991231","D1","ปริญญาตรี/เทียบเท่า","2200000416","สถาบันราชภัฎพระนคร","20000456","เทคโนโลยีอุตสาหกรรม","20256","วิทยาศาสตรบัณฑิต","TH","ไทย"," "," ","X","ใช่","99999","วุฒิเริ่มบรรจุ","20021128"
"10016566","19930101","99991231","C3","ปวส.หรือเทียบเท่า","2200000255","วิทยาลัยเทคนิคยโสธร","20000326","ช่างเทคนิคการผลิต","20172","ประกาศนียบัตรวิชาชีพชั้นสูง","TH","ไทย"," "," "," ","ไม่","99997","วุฒิเพิ่มเติม","19950101"
"10016026","20050606","99991231","D1","ปริญญาตรี/เทียบเท่า","2200000024","มหาวิทยาลัยเทคโนโลยีราชมงคลกรุงเทพ","20000687","ภาษาอังกฤษเพื่อการสื่อสาร","20312","ศิลปศาสตรบัณฑิต","TH","ไทย"," "," ","X","ใช่","99999","วุฒิเริ่มบรรจุ","20090331"
"10016027","20040324","99991231","D1","ปริญญาตรี/เทียบเท่า","2200000406","สถาบันราชภัฎจันทรเกษม","20000247","คอมพิวเตอร์ธุรกิจ","20043","บริหารธุรกิจบัณฑิต","TH","ไทย"," "," ","X","ใช่","99999","วุฒิเริ่มบรรจุ","20060315"
"00033055","19910101","99991231","F1","ปริญญาโท/เทียบเท่า","1200000023","Arizona State University","10000271","Digital Signal Processing","10503","Master of Science","US","USA"," "," "," ","ไม่","99998","ปรับวุฒิ","19920108"
"00033055","19860101","99991231","D1","ปริญญาตรี/เทียบเท่า","2200000375","สถาบันเทคโนโลยีพระจอมเกล้าเจ้าคุณทหารลาดกระบัง","20001125","อิเล็กทรอนิกส์","20260","วิศวกรรมศาสตรบัณฑิต","TH","ไทย"," "," "," ","ไม่","99999","วุฒิเริ่มบรรจุ","19900101"
"00033055","19970929","99991231","H1","ปริญญาเอก/เทียบเท่า","1200000912","Washington University","10000322","Electrical Engineering","10314","Doctor of Philosophy","US","USA"," "," ","X","ใช่","99998","ปรับวุฒิ","20021219"
"10016435","","99991231","H1","ปริญญาเอก/เทียบเท่า","1200000179","Georgia Institute of Technology","10000499","Industrial Engineering","10314","Doctor of Philosophy","US","USA"," "," ","X","ใช่","99999","วุฒิเริ่มบรรจุ","20101218"
"10021440","20130603","99991231","D1","ปริญญาตรี/เทียบเท่า","2200000027","มหาวิทยาลัยเทคโนโลยีราชมงคลพระนคร","20000728","ระบบสารสนเทศ","20043","บริหารธุรกิจบัณฑิต","TH","ไทย"," "," ","X","ใช่","99999","วุฒิเริ่มบรรจุ","20170410"
"00034147","19790101","99991231","D1","ปริญญาตรี/เทียบเท่า","2200000079","มหาวิทยาลัยสงขลานครินทร์","20001072","เหมืองแร่และโลหะวิทยา","20260","วิศวกรรมศาสตรบัณฑิต","TH","ไทย"," "," "," ","ไม่","99999","วุฒิเริ่มบรรจุ","19830101"
"00034147","19850101","99991231","F1","ปริญญาโท/เทียบเท่า","2200000003","จุฬาลงกรณ์มหาวิทยาลัย","20001071","เหมืองแร่","20261","วิศวกรรมศาสตรมหาบัณฑิต","TH","ไทย"," "," ","X","ใช่","99998","ปรับวุฒิ","19900101"
"10024874","19770101","99991231","H1","ปริญญาเอก/เทียบเท่า","1200000678","University I.N.S.A.","10000147","Chemical Engineering","10280","Docteur Ingenieur","FR","France"," "," ","X","ใช่","99999","วุฒิเริ่มบรรจุ","19800102"
"00034153","19820101","99991231","D1","ปริญญาตรี/เทียบเท่า","2200000003","จุฬาลงกรณ์มหาวิทยาลัย","20000644","ไฟฟ้า","20260","วิศวกรรมศาสตรบัณฑิต","TH","ไทย"," "," "," ","ไม่","99999","วุฒิเริ่มบรรจุ","19860101"
"00034153","19880101","99991231","H1","ปริญญาเอก/เทียบเท่า","1200000710","University of California, Los Angeles","10000322","Electrical Engineering","10314","Doctor of Philosophy","US","USA"," "," ","X","ใช่","99998","ปรับวุฒิ","19910101"
"00034153","19860101","99991231","F1","ปริญญาโท/เทียบเท่า","1200000710","University of California, Los Angeles","10000322","Electrical Engineering","10503","Master of Science","US","USA"," "," "," ","ไม่","99998","ปรับวุฒิ","19880101"
"00034157","19870101","99991231","D1","ปริญญาตรี/เทียบเท่า","2200000003","จุฬาลงกรณ์มหาวิทยาลัย","20000245","คอมพิวเตอร์","20260","วิศวกรรมศาสตรบัณฑิต","TH","ไทย"," "," "," ","ไม่","99999","วุฒิเริ่มบรรจุ","19910101"
"00034157","19950901","99991231","H1","ปริญญาเอก/เทียบเท่า","1200000752","University of Illinois at Urbana-Champaign","10000213","Computer Science","10314","Doctor of Philosophy","US","USA"," "," ","X","ใช่","99998","ปรับวุฒิ","19991015"
"00034157","19920901","99991231","F1","ปริญญาโท/เทียบเท่า","1200000752","University of Illinois at Urbana-Champaign","10000213","Computer Science","10503","Master of Science","US","USA"," "," "," ","ไม่","99998","ปรับวุฒิ","19940515"
"10016568","","99991231","C3","ปวส.หรือเทียบเท่า","2200000344","วิทยาลัยอาชีวศึกษา วิทยาเขตเทคนิคขอนแก่น","20000319","ช่างกลโรงงาน","20172","ประกาศนียบัตรวิชาชีพชั้นสูง","TH","ไทย"," "," "," ","ไม่","99997","วุฒิเพิ่มเติม","19900903"
"10016568","19880101","99991231","C1","ปวช.หรือเทียบเท่า","2200000344","วิทยาลัยอาชีวศึกษา วิทยาเขตเทคนิคขอนแก่น","20000319","ช่างกลโรงงาน","20170","ประกาศนียบัตรวิชาชีพ","TH","ไทย"," "," "," ","ไม่","99997","วุฒิเพิ่มเติม","19900101"
"10016568","","99991231","F1","ปริญญาโท/เทียบเท่า","2200000383","สถาบันเทคโนโลยีราชมงคล วิทยาเขตเทเวศน์","20000899","วิศวกรรมอุตสาหการ","20017","ครุศาสตร์อุตสาหกรรมมหาบัณฑิต","TH","ไทย"," "," ","X","ใช่","99999","วุฒิเริ่มบรรจุ","20070311"
"10016260","20050620","99991231","D1","ปริญญาตรี/เทียบเท่า","2200000065","มหาวิทยาลัยรามคำแหง","20001048","สื่อสารมวลชน","20241","มนุษยศาสตรบัณฑิต","TH","ไทย"," "," ","X","ใช่","99999","วุฒิเริ่มบรรจุ","20080530"
"10016260","","99991231","C3","ปวส.หรือเทียบเท่า","0000000000","--ไม่สามารถระบุได้--","20000516","บริหารธุรกิจ","20172","ประกาศนียบัตรวิชาชีพชั้นสูง","TH","ไทย"," "," "," ","ไม่","99997","วุฒิเพิ่มเติม","20050520"
"00034175","19830101","99991231","D1","ปริญญาตรี/เทียบเท่า","2200000003","จุฬาลงกรณ์มหาวิทยาลัย","20001137","อุตสาหการ","20260","วิศวกรรมศาสตรบัณฑิต","TH","ไทย"," "," "," ","ไม่","99999","วุฒิเริ่มบรรจุ","19860101"
"00034175","","99991231","F1","ปริญญาโท/เทียบเท่า","1200000755","University of Iowa","10000391","Finance","10503","Master of Science","US","USA"," "," ","X","ใช่","99997","วุฒิเพิ่มเติม","19900504"
"00034010","19810101","99991231","C1","ปวช.หรือเทียบเท่า","2200000326","วิทยาลัยราชสิทธาราม","20000336","ช่างยนต์","20170","ประกาศนียบัตรวิชาชีพ","TH","ไทย"," "," ","X","ใช่","99999","วุฒิเริ่มบรรจุ","19840101"
"00034011","20040911","99991231","F1","ปริญญาโท/เทียบเท่า","2200000052","มหาวิทยาลัยรัตนบัณฑิต","20000087","การบริหารการศึกษา","20321","ศึกษาศาสตรมหาบัณฑิต","TH","ไทย"," "," ","X","ใช่","99998","ปรับวุฒิ","20060925"
"00034011","19840101","99991231","D1","ปริญญาตรี/เทียบเท่า","2200000201","วิทยาลัยครูสวนสุนันทา","20000525","บริหารโรงเรียน","20014","ครุศาสตรบัณฑิต","TH","ไทย"," "," "," ","ไม่","99999","วุฒิเริ่มบรรจุ","19870101"
"00034024","19790601","99991231","D1","ปริญญาตรี/เทียบเท่า","2200000003","จุฬาลงกรณ์มหาวิทยาลัย","20000644","ไฟฟ้า","20260","วิศวกรรมศาสตรบัณฑิต","TH","ไทย"," "," "," ","ไม่","99999","วุฒิเริ่มบรรจุ","19830531"
"00034024","19860401","99991231","H1","ปริญญาเอก/เทียบเท่า","1200000852","University of Tokyo","10000327","Electronic Engineering","10297","Doctor of Engineering","JP","Japan"," "," ","X","ใช่","99998","ปรับวุฒิ","19890331"
"00034024","19840401","99991231","F1","ปริญญาโท/เทียบเท่า","1200000852","University of Tokyo","10000327","Electronic Engineering","10461","Master of Engineering","JP","Japan"," "," "," ","ไม่","99998","ปรับวุฒิ","19860331"
"10016348","20010103","99991231","F1","ปริญญาโท/เทียบเท่า","2200000398","สถาบันเทคโนโลยีแห่งเอเชีย","00000000","--ไม่สามารถระบุได้--","20261","วิศวกรรมศาสตรมหาบัณฑิต","TH","ไทย"," "," "," ","ไม่","99997","วุฒิเพิ่มเติม","20020816"
"10016348","19960524","99991231","D1","ปริญญาตรี/เทียบเท่า","2200000003","จุฬาลงกรณ์มหาวิทยาลัย","20000892","วิศวกรรมสิ่งแวดล้อม","20260","วิศวกรรมศาสตรบัณฑิต","TH","ไทย"," "," "," ","ไม่","99997","วุฒิเพิ่มเติม","20000426"
"10016348","","99991231","H1","ปริญญาเอก/เทียบเท่า","0000000000","--ไม่สามารถระบุได้--","10000155","Chemistry","10314","Doctor of Philosophy","GB","United Kingdom"," "," ","X","ใช่","99999","วุฒิเริ่มบรรจุ","20101116"
"10016351","","99991231","F1","ปริญญาโท/เทียบเท่า","1200000179","Georgia Institute of Technology","10000499","Industrial Engineering","10503","Master of Science","US","USA"," "," "," ","ไม่","99997","วุฒิเพิ่มเติม","20021214"
"10016351","19950329","99991231","D1","ปริญญาตรี/เทียบเท่า","2200000003","จุฬาลงกรณ์มหาวิทยาลัย","20000899","วิศวกรรมอุตสาหการ","20260","วิศวกรรมศาสตรบัณฑิต","TH","ไทย"," "," "," ","ไม่","99997","วุฒิเพิ่มเติม","19990331"
"10016351","","99991231","H1","ปริญญาเอก/เทียบเท่า","1200000179","Georgia Institute of Technology","10000499","Industrial Engineering","10314","Doctor of Philosophy","US","USA"," "," ","X","ใช่","99999","วุฒิเริ่มบรรจุ","20090801"
"00034043","19830101","99991231","F1","ปริญญาโท/เทียบเท่า","1200000843","University of Texas at Arlington","10000322","Electrical Engineering","10503","Master of Science","US","USA"," "," "," ","ไม่","99998","ปรับวุฒิ","19860101"
"00034043","19780101","99991231","D1","ปริญญาตรี/เทียบเท่า","2200000003","จุฬาลงกรณ์มหาวิทยาลัย","20000644","ไฟฟ้า","20260","วิศวกรรมศาสตรบัณฑิต","TH","ไทย"," "," "," ","ไม่","99999","วุฒิเริ่มบรรจุ","19820101"
"00034043","19860101","99991231","H1","ปริญญาเอก/เทียบเท่า","1200000904","Virginia Polytechnic Institute  and State University","10000322","Electrical Engineering","10314","Doctor of Philosophy","US","USA"," "," ","X","ใช่","99998","ปรับวุฒิ","19900101"
"00034081","","99991231","D1","ปริญญาตรี/เทียบเท่า","2200000084","มหาวิทยาลัยสุโขทัยธรรมาธิราช","20000052","การจัดการทั่วไป","20043","บริหารธุรกิจบัณฑิต","TH","ไทย"," "," ","X","ใช่","99999","วุฒิเริ่มบรรจุ","19910429"
"00034108","19840101","99991231","D1","ปริญญาตรี/เทียบเท่า","2200000011","มหาวิทยาลัยเกษตรศาสตร์","20000868","วิศวกรรมเกษตร","20260","วิศวกรรมศาสตรบัณฑิต","TH","ไทย"," "," "," ","ไม่","99999","วุฒิเริ่มบรรจุ","19880101"
"00034108","19940101","99991231","H1","ปริญญาเอก/เทียบเท่า","1200000024","Asian Institute of Technology (AIT)","10000499","Industrial Engineering","10297","Doctor of Engineering","TH","ไทย"," "," ","X","ใช่","99998","ปรับวุฒิ","19980814"
"00034108","19880101","99991231","F1","ปริญญาโท/เทียบเท่า","2200000003","จุฬาลงกรณ์มหาวิทยาลัย","20000899","วิศวกรรมอุตสาหการ","20261","วิศวกรรมศาสตรมหาบัณฑิต","TH","ไทย"," "," "," ","ไม่","99998","ปรับวุฒิ","19910101"
"10016484","","99991231","H1","ปริญญาเอก/เทียบเท่า","1200000707","University of California Davis","10000096","Biological Systems Engineering","10314","Doctor of Philosophy","US","USA"," "," ","X","ใช่","99999","วุฒิเริ่มบรรจุ","20101210"
"10016488","","99991231","C3","ปวส.หรือเทียบเท่า","2200000378","สถาบันเทคโนโลยีราชมงคล","20000213","เกษตรกรรม","20172","ประกาศนียบัตรวิชาชีพชั้นสูง","TH","ไทย"," "," ","X","ใช่","99999","วุฒิเริ่มบรรจุ","19900315"
"10016489","","99991231","B2","มัธยมศึกษาตอนปลาย","2100001718","ศูนย์การศึกษานอกโรงเรียน จ.สมุทรปราการ","20000716","มัธยมศึกษา","20243","มัธยมศึกษาตอนปลาย","TH","ไทย"," "," ","X","ใช่","99999","วุฒิเริ่มบรรจุ","20090324"
"00034120","19870101","99991231","D1","ปริญญาตรี/เทียบเท่า","2200000003","จุฬาลงกรณ์มหาวิทยาลัย","20000273","เครื่องกล","20260","วิศวกรรมศาสตรบัณฑิต","TH","ไทย"," "," "," ","ไม่","99999","วุฒิเริ่มบรรจุ","19910101"
"00034120","19950523","99991231","H1","ปริญญาเอก/เทียบเท่า","2200000003","จุฬาลงกรณ์มหาวิทยาลัย","10000650","Mechanical Engineering","10297","Doctor of Engineering","TH","ไทย"," "," ","X","ใช่","99998","ปรับวุฒิ","20000523"
"00034120","","99991231","F1","ปริญญาโท/เทียบเท่า","1200000424","Oregon State University","10000650","Mechanical Engineering","10503","Master of Science","US","USA"," "," "," ","ไม่","99998","ปรับวุฒิ","19940825"
"00034121","19860101","99991231","F1","ปริญญาโท/เทียบเท่า","2200000003","จุฬาลงกรณ์มหาวิทยาลัย","20000644","ไฟฟ้า","20261","วิศวกรรมศาสตรมหาบัณฑิต","TH","ไทย"," "," ","X","ใช่","99998","ปรับวุฒิ","19910101"
"00034121","19820101","99991231","D1","ปริญญาตรี/เทียบเท่า","2200000003","จุฬาลงกรณ์มหาวิทยาลัย","20000878","วิศวกรรมไฟฟ้า","20260","วิศวกรรมศาสตรบัณฑิต","TH","ไทย"," "," "," ","ไม่","99999","วุฒิเริ่มบรรจุ","19860101"
"00034127","19810101","99991231","D1","ปริญญาตรี/เทียบเท่า","1200000363","Nagoya University","20000878","วิศวกรรมไฟฟ้า","10048","Bachelor of Engineering","JP","Japan"," "," "," ","ไม่","99999","วุฒิเริ่มบรรจุ","19850101"
"00034127","19870101","99991231","H1","ปริญญาเอก/เทียบเท่า","1200000363","Nagoya University","20000878","วิศวกรรมไฟฟ้า","10297","Doctor of Engineering","JP","Japan"," "," ","X","ใช่","99998","ปรับวุฒิ","19900101"
"00034127","19850101","99991231","F1","ปริญญาโท/เทียบเท่า","1200000363","Nagoya University","20000878","วิศวกรรมไฟฟ้า","10461","Master of Engineering","JP","Japan"," "," "," ","ไม่","99998","ปรับวุฒิ","19870101"
"00034136","","99991231","F1","ปริญญาโท/เทียบเท่า","1200000782","University of Minnesota","10000499","Industrial Engineering","10503","Master of Science","US","USA"," "," "," ","ไม่","99998","ปรับวุฒิ","19990730"
"00034136","19900601","99991231","D1","ปริญญาตรี/เทียบเท่า","2200000003","จุฬาลงกรณ์มหาวิทยาลัย","20000899","วิศวกรรมอุตสาหการ","20260","วิศวกรรมศาสตรบัณฑิต","TH","ไทย"," "," "," ","ไม่","99999","วุฒิเริ่มบรรจุ","19940420"
"00034136","20000503","99991231","H1","ปริญญาเอก/เทียบเท่า","2200000398","สถาบันเทคโนโลยีแห่งเอเชีย","20000899","วิศวกรรมอุตสาหการ","20259","วิศวกรรมศาสตรดุษฎีบัณฑิต","TH","ไทย"," "," ","X","ใช่","99998","ปรับวุฒิ","20120121"
"10016553","","99991231","H1","ปริญญาเอก/เทียบเท่า","1200000329","Massachusetts Institute of Technology","10000171","Civil and Environmental Engineering","10314","Doctor of Philosophy","US","USA"," "," ","X","ใช่","99999","วุฒิเริ่มบรรจุ","20100604"
"10016553","19980522","99991231","D1","ปริญญาตรี/เทียบเท่า","2200000003","จุฬาลงกรณ์มหาวิทยาลัย","20000883","วิศวกรรมโยธา","20260","วิศวกรรมศาสตรบัณฑิต","TH","ไทย","00","เกียรตินิยมอันดับ 1"," ","ไม่","99997","วุฒิเพิ่มเติม","20020521"
"10016567","20010101","99991231","D1","ปริญญาตรี/เทียบเท่า","2200000023","มหาวิทยาลัยเทคโนโลยีราชมงคล","20000899","วิศวกรรมอุตสาหการ","20260","วิศวกรรมศาสตรบัณฑิต","TH","ไทย"," "," ","X","ใช่","99999","วุฒิเริ่มบรรจุ","20050306"
"10016567","19900101","99991231","C3","ปวส.หรือเทียบเท่า","2200000023","มหาวิทยาลัยเทคโนโลยีราชมงคล","20000319","ช่างกลโรงงาน","20172","ประกาศนียบัตรวิชาชีพชั้นสูง","TH","ไทย"," "," "," ","ไม่","99997","วุฒิเพิ่มเติม","19960101"
"10024119","20161001","99991231","H1","ปริญญาเอก/เทียบเท่า","1200000762","University of Leeds","00000000","--ไม่สามารถระบุได้--","10314","Doctor of Philosophy","GB","United Kingdom"," "," ","X","ใช่","99999","วุฒิเริ่มบรรจุ","20210811"
"10019910","19910620","99991231","D1","ปริญญาตรี/เทียบเท่า","2200000008","มหาวิทยาลัยกรุงเทพ","20000682","ภาษาอังกฤษ","20312","ศิลปศาสตรบัณฑิต","TH","ไทย"," "," ","X","ใช่","99999","วุฒิเริ่มบรรจุ","19950203"
"00035010","19940601","99991231","D1","ปริญญาตรี/เทียบเท่า","2200000378","สถาบันเทคโนโลยีราชมงคล","20000878","วิศวกรรมไฟฟ้า","20016","ครุศาสตร์อุตสาหกรรมบัณฑิต","TH","ไทย"," "," "," ","ไม่","99999","วุฒิเริ่มบรรจุ","19960518"
"00035010","19930701","99991231","D1","ปริญญาตรี/เทียบเท่า","2200000084","มหาวิทยาลัยสุโขทัยธรรมาธิราช","20000507","บริหารการศึกษา","20320","ศึกษาศาสตรบัณฑิต","TH","ไทย"," "," "," ","ไม่","99998","ปรับวุฒิ","19951030"
"00035010","20000521","99991231","F1","ปริญญาโท/เทียบเท่า","2200000416","สถาบันราชภัฎพระนคร","20000456","เทคโนโลยีอุตสาหกรรม","20015","ครุศาสตรมหาบัณฑิต","TH","ไทย"," "," ","X","ใช่","99998","ปรับวุฒิ","20040419"
"00035024","19960101","99991231","H1","ปริญญาเอก/เทียบเท่า","1200000871","University of Washington","10000650","Mechanical Engineering","10314","Doctor of Philosophy","US","USA"," "," ","X","ใช่","99998","ปรับวุฒิ","20000906"
"00035024","19870101","99991231","D1","ปริญญาตรี/เทียบเท่า","2200000003","จุฬาลงกรณ์มหาวิทยาลัย","20000273","เครื่องกล","20260","วิศวกรรมศาสตรบัณฑิต","TH","ไทย"," "," "," ","ไม่","99999","วุฒิเริ่มบรรจุ","19910101"
"00035050","19850101","99991231","F1","ปริญญาโท/เทียบเท่า","2200000003","จุฬาลงกรณ์มหาวิทยาลัย","20000431","เทคโนโลยีชีวภาพ","20258","วิทยาศาสตรมหาบัณฑิต","TH","ไทย"," "," "," ","ไม่","99998","ปรับวุฒิ","19890101"
"00035050","19810101","99991231","D1","ปริญญาตรี/เทียบเท่า","2200000003","จุฬาลงกรณ์มหาวิทยาลัย","20000257","เคมี-ชีววิทยา","20256","วิทยาศาสตรบัณฑิต","TH","ไทย"," "," "," ","ไม่","99999","วุฒิเริ่มบรรจุ","19850101"
"00035050","20060404","99991231","H1","ปริญญาเอก/เทียบเท่า","1200000595","Tokyo Institute of Technology","10000146","Chemical Engineeing","10297","Doctor of Engineering","JP","Japan"," "," ","X","ใช่","99998","ปรับวุฒิ","20090326"
"10021709","20140818","99991231","D1","ปริญญาตรี/เทียบเท่า","2200000067","มหาวิทยาลัยศรีนครินทรวิโรฒ","20001181","สารสนเทศศึกษา","20312","ศิลปศาสตรบัณฑิต","TH","ไทย","00","เกียรตินิยมอันดับ 1","X","ใช่","99999","วุฒิเริ่มบรรจุ","20180522"
"10016781","19980518","99991231","F1","ปริญญาโท/เทียบเท่า","2200000003","จุฬาลงกรณ์มหาวิทยาลัย","10000146","Chemical Engineeing","10461","Master of Engineering","TH","ไทย"," "," "," ","ไม่","99997","วุฒิเพิ่มเติม","20010331"
"10016781","19920528","99991231","D1","ปริญญาตรี/เทียบเท่า","2200000003","จุฬาลงกรณ์มหาวิทยาลัย","10000146","Chemical Engineeing","10048","Bachelor of Engineering","TH","ไทย"," "," "," ","ไม่","99997","วุฒิเพิ่มเติม","19970514"
"10016781","","99991231","H1","ปริญญาเอก/เทียบเท่า","1200000821","University of Regina","10000494","Industrial and Systems Engineering","10314","Doctor of Philosophy","CA","Canada"," "," ","X","ใช่","99999","วุฒิเริ่มบรรจุ","20090325"
"00035055","19880101","99991231","D1","ปริญญาตรี/เทียบเท่า","2200000003","จุฬาลงกรณ์มหาวิทยาลัย","20000886","วิศวกรรมโลหการ","20260","วิศวกรรมศาสตรบัณฑิต","TH","ไทย"," "," "," ","ไม่","99999","วุฒิเริ่มบรรจุ","19920101"
"00035055","","99991231","F1","ปริญญาโท/เทียบเท่า","1200000852","University of Tokyo","10000665","Metallurgy","10461","Master of Engineering","JP","Japan"," "," ","X","ใช่","99998","ปรับวุฒิ","19980805"
"10016817","","99991231","C3","ปวส.หรือเทียบเท่า","2200000261","วิทยาลัยเทคนิคลำพูน","20000320","ช่างก่อสร้าง","20172","ประกาศนียบัตรวิชาชีพชั้นสูง","TH","ไทย"," "," ","X","ใช่","99999","วุฒิเริ่มบรรจุ","19980320"
"00035076","19870101","99991231","D1","ปริญญาตรี/เทียบเท่า","2200000003","จุฬาลงกรณ์มหาวิทยาลัย","20000645","ไฟฟ้ากำลัง","20260","วิศวกรรมศาสตรบัณฑิต","TH","ไทย"," "," ","X","ใช่","99999","วุฒิเริ่มบรรจุ","19910101"
"00035078","19800601","99991231","D1","ปริญญาตรี/เทียบเท่า","2200000015","มหาวิทยาลัยเชียงใหม่","00000000","--ไม่สามารถระบุได้--","20256","วิทยาศาสตรบัณฑิต","TH","ไทย"," "," "," ","ไม่","99998","ปรับวุฒิ","19840301"
"00035078","","99991231","H1","ปริญญาเอก/เทียบเท่า","1200000279","Kyoto University","10000485","Hydrocarbon Chemistry","10297","Doctor of Engineering","JP","Japan"," "," ","X","ใช่","99999","วุฒิเริ่มบรรจุ","19920101"
"00035078","19840601","99991231","F1","ปริญญาโท/เทียบเท่า","2200000003","จุฬาลงกรณ์มหาวิทยาลัย","20000871","วิศวกรรมเคมี","20261","วิศวกรรมศาสตรมหาบัณฑิต","TH","ไทย"," "," "," ","ไม่","99998","ปรับวุฒิ","19871001"
"00035086","19700101","99991231","D1","ปริญญาตรี/เทียบเท่า","2200000013","มหาวิทยาลัยขอนแก่น","20001137","อุตสาหการ","20260","วิศวกรรมศาสตรบัณฑิต","TH","ไทย"," "," "," ","ไม่","99999","วุฒิเริ่มบรรจุ","19740101"
"00035086","","99991231","H1","ปริญญาเอก/เทียบเท่า","1200000423","Old Dominion University","10000650","Mechanical Engineering","10527","Philosophy Degree","US","USA"," "," ","X","ใช่","99998","ปรับวุฒิ","19820101"
"00035086","","99991231","F1","ปริญญาโท/เทียบเท่า","1200000936","Youngstorn State University","10000650","Mechanical Engineering","10503","Master of Science","US","USA"," "," "," ","ไม่","99998","ปรับวุฒิ","19770101"
"10016881","19940101","99991231","D1","ปริญญาตรี/เทียบเท่า","2200000003","จุฬาลงกรณ์มหาวิทยาลัย","20000873","วิศวกรรมเครื่องกล","20260","วิศวกรรมศาสตรบัณฑิต","TH","ไทย"," "," "," ","ไม่","99999","วุฒิเริ่มบรรจุ","19970101"
"10016881","","99991231","H1","ปริญญาเอก/เทียบเท่า","1200000852","University of Tokyo","10000650","Mechanical Engineering","10314","Doctor of Philosophy","JP","Japan"," "," ","X","ใช่","99997","วุฒิเพิ่มเติม","20050901"
"10024481","20160808","99991231","D1","ปริญญาตรี/เทียบเท่า","2200000024","มหาวิทยาลัยเทคโนโลยีราชมงคลกรุงเทพ","20001316","ภาษาจีนเพื่อการสื่อสาร","20312","ศิลปศาสตรบัณฑิต","TH","ไทย"," "," ","X","ใช่","99999","วุฒิเริ่มบรรจุ","20200413"
"00035013","19941101","99991231","D1","ปริญญาตรี/เทียบเท่า","2200000012","มหาวิทยาลัยเกษมบัณฑิต","20000899","วิศวกรรมอุตสาหการ","20377","อุตสาหกรรมศาสตรบัณฑิต","TH","ไทย"," "," "," ","ไม่","99997","วุฒิเพิ่มเติม","19970320"
"00035013","19870101","99991231","C3","ปวส.หรือเทียบเท่า","2200000391","สถาบันเทคโนโลยีราชมงคล วิทยาเขตพายัพ","20000319","ช่างกลโรงงาน","20172","ประกาศนียบัตรวิชาชีพชั้นสูง","TH","ไทย"," "," "," ","ไม่","99999","วุฒิเริ่มบรรจุ","19890101"
"00035013","19960101","99991231","F1","ปริญญาโท/เทียบเท่า","2200000020","มหาวิทยาลัยเทคโนโลยีพระจอมเกล้าธนบุรี","00000000","--ไม่สามารถระบุได้--","20261","วิศวกรรมศาสตรมหาบัณฑิต","TH","ไทย"," "," ","X","ใช่","99997","วุฒิเพิ่มเติม","20050101"
"00035017","19890101","99991231","D1","ปริญญาตรี/เทียบเท่า","2200000175","วิทยาลัยครูกาญจนบุรี","20000029","ก่อสร้าง","20256","วิทยาศาสตรบัณฑิต","TH","ไทย"," "," ","X","ใช่","99999","วุฒิเริ่มบรรจุ","19910101"
"00035023","19800101","99991231","D1","ปริญญาตรี/เทียบเท่า","2200000003","จุฬาลงกรณ์มหาวิทยาลัย","20000644","ไฟฟ้า","20260","วิศวกรรมศาสตรบัณฑิต","TH","ไทย"," "," "," ","ไม่","99999","วุฒิเริ่มบรรจุ","19840101"
"00035023","","99991231","H1","ปริญญาเอก/เทียบเท่า","2200000003","จุฬาลงกรณ์มหาวิทยาลัย","20000878","วิศวกรรมไฟฟ้า","20259","วิศวกรรมศาสตรดุษฎีบัณฑิต","TH","ไทย"," "," ","X","ใช่","99998","ปรับวุฒิ","19930101"
"00035023","19840101","99991231","F1","ปริญญาโท/เทียบเท่า","2200000003","จุฬาลงกรณ์มหาวิทยาลัย","20000644","ไฟฟ้า","20261","วิศวกรรมศาสตรมหาบัณฑิต","TH","ไทย"," "," "," ","ไม่","99998","ปรับวุฒิ","19880101"
"10025506","20200616","99991231","D1","ปริญญาตรี/เทียบเท่า","2200000508","มหาวิทยาลัยธนบุรี","20000047","การจัดการ","20043","บริหารธุรกิจบัณฑิต","TH","ไทย"," "," ","X","ใช่","99997","วุฒิเพิ่มเติม","20220626"
"10025506","20110518","99991231","C3","ปวส.หรือเทียบเท่า","2200000268","วิทยาลัยเทคนิคสัตหีบ","20000052","การจัดการทั่วไป","20172","ประกาศนียบัตรวิชาชีพชั้นสูง","TH","ไทย"," "," "," ","ไม่","99999","วุฒิเริ่มบรรจุ","20120430"
"10025506","20200616","99991231","D1","ปริญญาตรี/เทียบเท่า","2200000508","มหาวิทยาลัยธนบุรี","20000047","การจัดการ","20043","บริหารธุรกิจบัณฑิต","TH","ไทย"," "," "," ","ไม่","99997","วุฒิเพิ่มเติม","20220626"
"00035027","19960322","99991231","F1","ปริญญาโท/เทียบเท่า","1200000424","Oregon State University","10000147","Chemical Engineering","10503","Master of Science","US","USA"," "," "," ","ไม่","99997","วุฒิเพิ่มเติม","19960322"
"00035027","19880606","99991231","D1","ปริญญาตรี/เทียบเท่า","2200000003","จุฬาลงกรณ์มหาวิทยาลัย","20000871","วิศวกรรมเคมี","20260","วิศวกรรมศาสตรบัณฑิต","TH","ไทย"," "," "," ","ไม่","99999","วุฒิเริ่มบรรจุ","19920317"
"00035027","19970106","99991231","H1","ปริญญาเอก/เทียบเท่า","1200000424","Oregon State University","10000147","Chemical Engineering","10314","Doctor of Philosophy","US","USA"," "," ","X","ใช่","99998","ปรับวุฒิ","20020718"
"00035056","19880601","99991231","D1","ปริญญาตรี/เทียบเท่า","2200000003","จุฬาลงกรณ์มหาวิทยาลัย","20000871","วิศวกรรมเคมี","20260","วิศวกรรมศาสตรบัณฑิต","TH","ไทย"," "," "," ","ไม่","99999","วุฒิเริ่มบรรจุ","19920401"
"00035056","19970118","99991231","H1","ปริญญาเอก/เทียบเท่า","1200000065","Case Western Reserve University","10000600","Macromolecular Science","10527","Philosophy Degree","US","USA"," "," ","X","ใช่","99998","ปรับวุฒิ","20000521"
"00035056","19940801","99991231","F1","ปริญญาโท/เทียบเท่า","1200000065","Case Western Reserve University","10000600","Macromolecular Science","10503","Master of Science","US","USA"," "," "," ","ไม่","99997","วุฒิเพิ่มเติม","19970117"
"00035081","19880301","99991231","D1","ปริญญาตรี/เทียบเท่า","2200000003","จุฬาลงกรณ์มหาวิทยาลัย","20001137","อุตสาหการ","10048","Bachelor of Engineering","TH","ไทย"," "," "," ","ไม่","99999","วุฒิเริ่มบรรจุ","19880101"
"00035081","19840501","99991231","B2","มัธยมศึกษาตอนปลาย","2100000253","โรงเรียนเตรียมอุดมศึกษา","20000802","วิทย์-คณิต","20243","มัธยมศึกษาตอนปลาย","TH","ไทย"," "," "," ","ไม่","99997","วุฒิเพิ่มเติม","19880301"
"00035081","19880401","99991231","F1","ปริญญาโท/เทียบเท่า","1200000274","Keio University","10000010","Administration Engineering","10461","Master of Engineering","JP","Japan"," "," ","X","ใช่","99998","ปรับวุฒิ","19920301"
"10016565","19930101","99991231","C3","ปวส.หรือเทียบเท่า","2200000255","วิทยาลัยเทคนิคยโสธร","20000403","เทคนิคการผลิต","20172","ประกาศนียบัตรวิชาชีพชั้นสูง","TH","ไทย"," "," ","X","ใช่","99999","วุฒิเริ่มบรรจุ","19950101"
"00035114","19880606","99991231","D1","ปริญญาตรี/เทียบเท่า","2200000003","จุฬาลงกรณ์มหาวิทยาลัย","20000883","วิศวกรรมโยธา","20260","วิศวกรรมศาสตรบัณฑิต","TH","ไทย"," "," "," ","ไม่","99999","วุฒิเริ่มบรรจุ","19920430"
"00035114","","99991231","H1","ปริญญาเอก/เทียบเท่า","1200000329","Massachusetts Institute of Technology","10000436","Geotechnical Engineering","10320","Doctor of Science","US","USA"," "," ","X","ใช่","99998","ปรับวุฒิ","19980706"
"00035123","19830101","99991231","D1","ปริญญาตรี/เทียบเท่า","2200000003","จุฬาลงกรณ์มหาวิทยาลัย","00000000","--ไม่สามารถระบุได้--","20260","วิศวกรรมศาสตรบัณฑิต","TH","ไทย"," "," "," ","ไม่","99999","วุฒิเริ่มบรรจุ","19870101"
"00035123","19890101","99991231","H1","ปริญญาเอก/เทียบเท่า","1200000220","Imperial College University of London","00000000","--ไม่สามารถระบุได้--","10314","Doctor of Philosophy","GB","United Kingdom"," "," ","X","ใช่","99998","ปรับวุฒิ","19920101"
"00035123","19870101","99991231","F1","ปริญญาโท/เทียบเท่า","2200000003","จุฬาลงกรณ์มหาวิทยาลัย","00000000","--ไม่สามารถระบุได้--","20261","วิศวกรรมศาสตรมหาบัณฑิต","TH","ไทย"," "," "," ","ไม่","99998","ปรับวุฒิ","19890101"
"00036098","19890101","99991231","D1","ปริญญาตรี/เทียบเท่า","2200000201","วิทยาลัยครูสวนสุนันทา","20000052","การจัดการทั่วไป","20205","ปริญญาตรี","TH","ไทย"," "," ","X","ใช่","99997","วุฒิเพิ่มเติม","19910101"
"00036098","","99991231","C3","ปวส.หรือเทียบเท่า","2200000076","มหาวิทยาลัยศรีปทุม","20000342","ช่างอิเล็กทรอนิกส์","20172","ประกาศนียบัตรวิชาชีพชั้นสูง","TH","ไทย"," "," "," ","ไม่","99999","วุฒิเริ่มบรรจุ","19821025"
"00036110","19880101","99991231","F1","ปริญญาโท/เทียบเท่า","2200000003","จุฬาลงกรณ์มหาวิทยาลัย","20000245","คอมพิวเตอร์","20261","วิศวกรรมศาสตรมหาบัณฑิต","TH","ไทย"," "," ","X","ใช่","99998","ปรับวุฒิ","19920101"
"00036110","19860101","99991231","D1","ปริญญาตรี/เทียบเท่า","2200000003","จุฬาลงกรณ์มหาวิทยาลัย","20001042","สำรวจ","20260","วิศวกรรมศาสตรบัณฑิต","TH","ไทย"," "," "," ","ไม่","99999","วุฒิเริ่มบรรจุ","19870101"
"10020737","20171225","99991231","F1","ปริญญาโท/เทียบเท่า","2200000020","มหาวิทยาลัยเทคโนโลยีพระจอมเกล้าธนบุรี","20001179","เทคโนโลยีการศึกษาและสื่อสารมวลชน","20017","ครุศาสตร์อุตสาหกรรมมหาบัณฑิต","TH","ไทย"," "," ","X","ใช่","99997","วุฒิเพิ่มเติม","20230214"
"10020737","20080602","99991231","D1","ปริญญาตรี/เทียบเท่า","0000000000","--ไม่สามารถระบุได้--","00000000","--ไม่สามารถระบุได้--","20037","นิเทศศาสตรบัณฑิต","TH","ไทย"," "," "," ","ไม่","99999","วุฒิเริ่มบรรจุ","20120320"
"10020737","20171225","99991231","F1","ปริญญาโท/เทียบเท่า","2200000020","มหาวิทยาลัยเทคโนโลยีพระจอมเกล้าธนบุรี","20001179","เทคโนโลยีการศึกษาและสื่อสารมวลชน","20017","ครุศาสตร์อุตสาหกรรมมหาบัณฑิต","TH","ไทย"," "," "," ","ไม่","99997","วุฒิเพิ่มเติม","20230214"
"00036074","19890601","99991231","D1","ปริญญาตรี/เทียบเท่า","2200000003","จุฬาลงกรณ์มหาวิทยาลัย","20000871","วิศวกรรมเคมี","20260","วิศวกรรมศาสตรบัณฑิต","TH","ไทย"," "," "," ","ไม่","99999","วุฒิเริ่มบรรจุ","19930316"
"00036074","20030116","99991231","H1","ปริญญาเอก/เทียบเท่า","1200000881","University of Wisconsin-Madison","10000146","Chemical Engineeing","10314","Doctor of Philosophy","US","USA"," "," ","X","ใช่","99998","ปรับวุฒิ","20030518"
"10017086","","99991231","D1","ปริญญาตรี/เทียบเท่า","1200000890","Univesity of Michigan","10000322","Electrical Engineering","10048","Bachelor of Engineering","US","USA"," "," "," ","ไม่","99997","วุฒิเพิ่มเติม","20050428"
"10017086","","99991231","F1","ปริญญาโท/เทียบเท่า","1200000705","University of California at Berkeley","10000213","Computer Science","10503","Master of Science","US","USA"," "," "," ","ไม่","99997","วุฒิเพิ่มเติม","20070518"
"10017086","","99991231","D1","ปริญญาตรี/เทียบเท่า","1200000890","Univesity of Michigan","10000213","Computer Science","10048","Bachelor of Engineering","US","USA"," "," "," ","ไม่","99997","วุฒิเพิ่มเติม","20050428"
"10017086","","99991231","H1","ปริญญาเอก/เทียบเท่า","1200000705","University of California at Berkeley","10000213","Computer Science","10314","Doctor of Philosophy","US","USA"," "," ","X","ใช่","99999","วุฒิเริ่มบรรจุ","20101217"
"10011743","20010604","99991231","D1","ปริญญาตรี/เทียบเท่า","2200000008","มหาวิทยาลัยกรุงเทพ","20000284","โฆษณา","20037","นิเทศศาสตรบัณฑิต","TH","ไทย"," "," ","X","ใช่","99999","วุฒิเริ่มบรรจุ","20050227"
"10016878","19830111","99991231","D1","ปริญญาตรี/เทียบเท่า","2200000003","จุฬาลงกรณ์มหาวิทยาลัย","20000883","วิศวกรรมโยธา","20260","วิศวกรรมศาสตรบัณฑิต","TH","ไทย"," "," "," ","ไม่","99999","วุฒิเริ่มบรรจุ","19870101"
"10016878","19890101","99991231","H1","ปริญญาเอก/เทียบเท่า","1200000852","University of Tokyo","10000172","Civil Engineering","10297","Doctor of Engineering","JP","Japan"," "," ","X","ใช่","99998","ปรับวุฒิ","19920101"
"10016878","19870101","99991231","F1","ปริญญาโท/เทียบเท่า","1200000852","University of Tokyo","10000172","Civil Engineering","10461","Master of Engineering","JP","Japan"," "," "," ","ไม่","99998","ปรับวุฒิ","19890101"
"10016885","19910101","99991231","D1","ปริญญาตรี/เทียบเท่า","1200000099","Colorado School of Mines","10000663","Metallurgical and Materials Engineering","10052","Bachelor of Science","US","USA"," "," "," ","ไม่","99999","วุฒิเริ่มบรรจุ","19950101"
"10016885","20000401","99991231","H1","ปริญญาเอก/เทียบเท่า","1200000852","University of Tokyo","10000665","Metallurgy","10314","Doctor of Philosophy","JP","Japan"," "," ","X","ใช่","99998","ปรับวุฒิ","20030328"
"10016885","19960101","99991231","F1","ปริญญาโท/เทียบเท่า","1200000550","Stevens Institute of Technology","10000632","Material","10503","Master of Science","US","USA"," "," "," ","ไม่","99998","ปรับวุฒิ","19980101"
"00036125","","99991231","F1","ปริญญาโท/เทียบเท่า","1200000595","Tokyo Institute of Technology","10000320","Electrical and Electronic Engineering","10461","Master of Engineering","JP","Japan"," "," ","X","ใช่","99998","ปรับวุฒิ","19961007"
"00036125","19890101","99991231","D1","ปริญญาตรี/เทียบเท่า","2200000003","จุฬาลงกรณ์มหาวิทยาลัย","00000000","--ไม่สามารถระบุได้--","20260","วิศวกรรมศาสตรบัณฑิต","TH","ไทย"," "," "," ","ไม่","99999","วุฒิเริ่มบรรจุ","19930101"
"00036129","19780515","99991231","D1","ปริญญาตรี/เทียบเท่า","2200000003","จุฬาลงกรณ์มหาวิทยาลัย","20000871","วิศวกรรมเคมี","20260","วิศวกรรมศาสตรบัณฑิต","TH","ไทย"," "," "," ","ไม่","99999","วุฒิเริ่มบรรจุ","19820315"
"00036129","19850101","99991231","H1","ปริญญาเอก/เทียบเท่า","1200000706","University of California at Los Angeles","20000871","วิศวกรรมเคมี","10314","Doctor of Philosophy","US","USA"," "," ","X","ใช่","99998","ปรับวุฒิ","19930101"
"00036129","19820901","99991231","F1","ปริญญาโท/เทียบเท่า","1200000686","University of Alabama, Tuscaloosa, Alabama","20000871","วิศวกรรมเคมี","10503","Master of Science","US","USA"," "," "," ","ไม่","99998","ปรับวุฒิ","19840815"
"00036130","19950913","99991231","F1","ปริญญาโท/เทียบเท่า","1200000871","University of Washington","10000650","Mechanical Engineering","10503","Master of Science","US","USA"," "," "," ","ไม่","99998","ปรับวุฒิ","19970613"
"00036130","19890101","99991231","D1","ปริญญาตรี/เทียบเท่า","2200000003","จุฬาลงกรณ์มหาวิทยาลัย","20000873","วิศวกรรมเครื่องกล","20260","วิศวกรรมศาสตรบัณฑิต","TH","ไทย"," "," "," ","ไม่","99999","วุฒิเริ่มบรรจุ","19930101"
"00036130","19970613","99991231","H1","ปริญญาเอก/เทียบเท่า","1200000871","University of Washington","10000650","Mechanical Engineering","10314","Doctor of Philosophy","US","USA"," "," ","X","ใช่","99998","ปรับวุฒิ","20001214"
"00035187","","99991231","A1","ประถมศึกษาตอนต้น","0000000000","--ไม่สามารถระบุได้--","00000000","--ไม่สามารถระบุได้--","20194","ประถมศึกษาตอนต้น(ป.4)","TH","ไทย"," "," ","X","ใช่","99999","วุฒิเริ่มบรรจุ","19990902"
"10017225","19820101","99991231","D1","ปริญญาตรี/เทียบเท่า","2200000003","จุฬาลงกรณ์มหาวิทยาลัย","20000644","ไฟฟ้า","20260","วิศวกรรมศาสตรบัณฑิต","TH","ไทย"," "," "," ","ไม่","99999","วุฒิเริ่มบรรจุ","19860101"
"10017225","","99991231","H1","ปริญญาเอก/เทียบเท่า","1200000805","University of Nottingham","10000613","Manufacturing Engineering and Operations","10527","Philosophy Degree","GB","United Kingdom"," "," ","X","ใช่","99998","ปรับวุฒิ","19951110"
"10017225","19880101","99991231","F1","ปริญญาโท/เทียบเท่า","1200000024","Asian Institute of Technology (AIT)","10000500","Industrial Engineering and Management","10461","Master of Engineering","TH","ไทย"," "," "," ","ไม่","99998","ปรับวุฒิ","19890101"
"00036042","19830601","99991231","D1","ปริญญาตรี/เทียบเท่า","2200000003","จุฬาลงกรณ์มหาวิทยาลัย","20000883","วิศวกรรมโยธา","20260","วิศวกรรมศาสตรบัณฑิต","TH","ไทย"," "," "," ","ไม่","99999","วุฒิเริ่มบรรจุ","19870330"
"00036042","19891001","99991231","H1","ปริญญาเอก/เทียบเท่า","1200000851","University of Tokoyo","10000172","Civil Engineering","10297","Doctor of Engineering","JP","Japan"," "," ","X","ใช่","99998","ปรับวุฒิ","19920930"
"00036042","20041101","99991231","C3","ปวส.หรือเทียบเท่า","0000000000","--ไม่สามารถระบุได้--","20000016","กฎหมายมหาชน","20172","ประกาศนียบัตรวิชาชีพชั้นสูง","TH","ไทย"," "," "," ","ไม่","99997","วุฒิเพิ่มเติม","20050401"
"00036042","19870901","99991231","F1","ปริญญาโท/เทียบเท่า","2200000398","สถาบันเทคโนโลยีแห่งเอเชีย","20000283","โครงสร้างและการก่อสร้าง","20261","วิศวกรรมศาสตรมหาบัณฑิต","TH","ไทย"," "," "," ","ไม่","99998","ปรับวุฒิ","19890430"
"00036279","","99991231","B1","มัธยมศึกษาตอนต้น","0000000000","--ไม่สามารถระบุได้--","00000000","--ไม่สามารถระบุได้--","20242","มัธยมศึกษาตอนต้น","TH","ไทย"," "," ","X","ใช่","99999","วุฒิเริ่มบรรจุ","19860902"
"10017018","","99991231","D1","ปริญญาตรี/เทียบเท่า","2200000035","มหาวิทยาลัยนเรศวร","20000659","ภาษาไทย","20312","ศิลปศาสตรบัณฑิต","TH","ไทย"," "," "," ","ไม่","99997","วุฒิเพิ่มเติม","19990315"
"10017018","20020603","99991231","F1","ปริญญาโท/เทียบเท่า","2200000067","มหาวิทยาลัยศรีนครินทรวิโรฒ","20000422","เทคโนโลยีการศึกษา","20007","การศึกษามหาบัณฑิต","TH","ไทย"," "," ","X","ใช่","99999","วุฒิเริ่มบรรจุ","20070518"
"00036108","19970501","99991231","H1","ปริญญาเอก/เทียบเท่า","1200000735","University of Florida","10000499","Industrial Engineering","10314","Doctor of Philosophy","US","USA"," "," ","X","ใช่","99998","ปรับวุฒิ","20001216"
"00036108","19890101","99991231","D1","ปริญญาตรี/เทียบเท่า","2200000003","จุฬาลงกรณ์มหาวิทยาลัย","20000899","วิศวกรรมอุตสาหการ","20260","วิศวกรรมศาสตรบัณฑิต","TH","ไทย"," "," "," ","ไม่","99999","วุฒิเริ่มบรรจุ","19930101"
"00036111","19880101","99991231","F1","ปริญญาโท/เทียบเท่า","1200000595","Tokyo Institute of Technology","10000213","Computer Science","10461","Master of Engineering","JP","Japan"," "," "," ","ไม่","99998","ปรับวุฒิ","19900101"
"00036111","19840101","99991231","D1","ปริญญาตรี/เทียบเท่า","1200000595","Tokyo Institute of Technology","10000320","Electrical and Electronic Engineering","10048","Bachelor of Engineering","JP","Japan"," "," "," ","ไม่","99999","วุฒิเริ่มบรรจุ","19880101"
"00036111","19900101","99991231","H1","ปริญญาเอก/เทียบเท่า","1200000595","Tokyo Institute of Technology","10000213","Computer Science","10297","Doctor of Engineering","JP","Japan"," "," ","X","ใช่","99998","ปรับวุฒิ","19930101"
"00036112","19830101","99991231","D1","ปริญญาตรี/เทียบเท่า","2200000003","จุฬาลงกรณ์มหาวิทยาลัย","20000871","วิศวกรรมเคมี","20260","วิศวกรรมศาสตรบัณฑิต","TH","ไทย"," "," "," ","ไม่","99999","วุฒิเริ่มบรรจุ","19870101"
"00036112","19900101","99991231","H1","ปริญญาเอก/เทียบเท่า","1200000852","University of Tokyo","10000145","Chemical Energy Engineering","10297","Doctor of Engineering","JP","Japan"," "," ","X","ใช่","99998","ปรับวุฒิ","19930101"
"00036112","19880101","99991231","F1","ปริญญาโท/เทียบเท่า","1200000852","University of Tokyo","10000145","Chemical Energy Engineering","10461","Master of Engineering","JP","Japan"," "," "," ","ไม่","99998","ปรับวุฒิ","19900101"
"00036122","19790101","99991231","D1","ปริญญาตรี/เทียบเท่า","2200000079","มหาวิทยาลัยสงขลานครินทร์","20000895","วิศวกรรมเหมืองแร่","20260","วิศวกรรมศาสตรบัณฑิต","TH","ไทย"," "," "," ","ไม่","99999","วุฒิเริ่มบรรจุ","19830101"
"00036122","19860101","99991231","F1","ปริญญาโท/เทียบเท่า","2200000003","จุฬาลงกรณ์มหาวิทยาลัย","00000000","--ไม่สามารถระบุได้--","20261","วิศวกรรมศาสตรมหาบัณฑิต","TH","ไทย"," "," ","X","ใช่","99998","ปรับวุฒิ","19910101"
"10024597","","99991231","C3","ปวส.หรือเทียบเท่า","2200000267","วิทยาลัยเทคนิคสยาม","20000336","ช่างยนต์","20172","ประกาศนียบัตรวิชาชีพชั้นสูง","TH","ไทย"," "," ","X","ใช่","99999","วุฒิเริ่มบรรจุ","19840322"
"00037076","20010301","99991231","H1","ปริญญาเอก/เทียบเท่า","1200000880","University of Wisconsin, Madison","10000499","Industrial Engineering","10314","Doctor of Philosophy","GB","United Kingdom"," "," ","X","ใช่","99998","ปรับวุฒิ","20020221"
"00037076","19900601","99991231","D1","ปริญญาตรี/เทียบเท่า","2200000003","จุฬาลงกรณ์มหาวิทยาลัย","20001128","อุตสาหกรรม","20260","วิศวกรรมศาสตรบัณฑิต","TH","ไทย"," "," "," ","ไม่","99999","วุฒิเริ่มบรรจุ","19940301"
"00036228","19890602","99991231","D1","ปริญญาตรี/เทียบเท่า","2200000003","จุฬาลงกรณ์มหาวิทยาลัย","20000259","เคมีเทคนิค","20256","วิทยาศาสตรบัณฑิต","TH","ไทย"," "," "," ","ไม่","99999","วุฒิเริ่มบรรจุ","19920323"
"00036228","19971001","99991231","H1","ปริญญาเอก/เทียบเท่า","1200000220","Imperial College University of London","00000000","--ไม่สามารถระบุได้--","10314","Doctor of Philosophy","GB","United Kingdom"," "," ","X","ใช่","99998","ปรับวุฒิ","20010430"
"00036228","19920527","99991231","F1","ปริญญาโท/เทียบเท่า","2200000003","จุฬาลงกรณ์มหาวิทยาลัย","20000894","วิศวกรรมสุขาภิบาล","20261","วิศวกรรมศาสตรมหาบัณฑิต","TH","ไทย"," "," "," ","ไม่","99998","ปรับวุฒิ","19950425"
"10017224","19880601","99991231","D1","ปริญญาตรี/เทียบเท่า","2200000003","จุฬาลงกรณ์มหาวิทยาลัย","20000878","วิศวกรรมไฟฟ้า","20260","วิศวกรรมศาสตรบัณฑิต","TH","ไทย"," "," "," ","ไม่","99999","วุฒิเริ่มบรรจุ","19920601"
"10017224","19880601","99991231","H1","ปริญญาเอก/เทียบเท่า","1200000219","Imperial College of Science and Technology University of London","10000319","Electrical & Electronics","10314","Doctor of Philosophy","GB","United Kingdom"," "," ","X","ใช่","99998","ปรับวุฒิ","20100601"
"10017226","","99991231","D1","ปริญญาตรี/เทียบเท่า","2200000209","วิทยาลัยช่างกลปทุมวัน","00000000","--ไม่สามารถระบุได้--","20016","ครุศาสตร์อุตสาหกรรมบัณฑิต","TH","ไทย"," "," ","X","ใช่","99999","วุฒิเริ่มบรรจุ","19980928"
"00036327","","99991231","B1","มัธยมศึกษาตอนต้น","0000000000","--ไม่สามารถระบุได้--","00000000","--ไม่สามารถระบุได้--","20242","มัธยมศึกษาตอนต้น","TH","ไทย"," "," ","X","ใช่","99999","วุฒิเริ่มบรรจุ","19990902"
"10019932","","99991231","H1","ปริญญาเอก/เทียบเท่า","1200000943","Griffith University","00000000","--ไม่สามารถระบุได้--","10314","Doctor of Philosophy","AU","Australia"," "," ","X","ใช่","99999","วุฒิเริ่มบรรจุ","20140611"
"10017249","","99991231","C3","ปวส.หรือเทียบเท่า","0000000000","--ไม่สามารถระบุได้--","20000245","คอมพิวเตอร์","20172","ประกาศนียบัตรวิชาชีพชั้นสูง","TH","ไทย"," "," ","X","ใช่","99999","วุฒิเริ่มบรรจุ","19940331"
"00037043","19970301","99991231","H1","ปริญญาเอก/เทียบเท่า","1200000781","University of Michigan","10000650","Mechanical Engineering","10314","Doctor of Philosophy","US","USA"," "," ","X","ใช่","99998","ปรับวุฒิ","20010924"
"00037043","19880101","99991231","D1","ปริญญาตรี/เทียบเท่า","2200000003","จุฬาลงกรณ์มหาวิทยาลัย","20000873","วิศวกรรมเครื่องกล","20260","วิศวกรรมศาสตรบัณฑิต","TH","ไทย"," "," "," ","ไม่","99999","วุฒิเริ่มบรรจุ","19920101"
"00037078","19900601","99991231","D1","ปริญญาตรี/เทียบเท่า","2200000003","จุฬาลงกรณ์มหาวิทยาลัย","20000891","วิศวกรรมสำรวจ","20260","วิศวกรรมศาสตรบัณฑิต","TH","ไทย"," "," "," ","ไม่","99999","วุฒิเริ่มบรรจุ","19940301"
"00037078","19980220","99991231","H1","ปริญญาเอก/เทียบเท่า","1200000794","University of New South Wales","10000433","Geomatics","10314","Doctor of Philosophy","AU","Australia"," "," ","X","ใช่","99998","ปรับวุฒิ","20020111"
"00037080","19900101","99991231","D1","ปริญญาตรี/เทียบเท่า","2200000003","จุฬาลงกรณ์มหาวิทยาลัย","20001137","อุตสาหการ","20260","วิศวกรรมศาสตรบัณฑิต","TH","ไทย"," "," "," ","ไม่","99999","วุฒิเริ่มบรรจุ","19930101"
"00037080","20010401","99991231","H1","ปริญญาเอก/เทียบเท่า","1200000595","Tokyo Institute of Technology","10000207","Computer","10314","Doctor of Philosophy","JP","Japan"," "," ","X","ใช่","99998","ปรับวุฒิ","20040326"
"00037080","","99991231","F1","ปริญญาโท/เทียบเท่า","2200000003","จุฬาลงกรณ์มหาวิทยาลัย","20000899","วิศวกรรมอุตสาหการ","20261","วิศวกรรมศาสตรมหาบัณฑิต","TH","ไทย"," "," "," ","ไม่","99998","ปรับวุฒิ","19980529"
"10022923","20080529","99991231","D1","ปริญญาตรี/เทียบเท่า","2200000003","จุฬาลงกรณ์มหาวิทยาลัย","20000873","วิศวกรรมเครื่องกล","20260","วิศวกรรมศาสตรบัณฑิต","TH","ไทย","01","เกียรตินิยมอันดับ 2"," ","ไม่","99997","วุฒิเพิ่มเติม","20120521"
"10022923","20141001","99991231","H1","ปริญญาเอก/เทียบเท่า","1200000595","Tokyo Institute of Technology","10001422","Mechanical and Control","10297","Doctor of Engineering","JP","Japan"," "," ","X","ใช่","99999","วุฒิเริ่มบรรจุ","20180326"
"10022923","","99991231","F1","ปริญญาโท/เทียบเท่า","1200000595","Tokyo Institute of Technology","10001422","Mechanical and Control","10461","Master of Engineering","JP","Japan"," "," "," ","ไม่","99997","วุฒิเพิ่มเติม","20140925"
"00037138","19840501","99991231","D1","ปริญญาตรี/เทียบเท่า","2200000003","จุฬาลงกรณ์มหาวิทยาลัย","00000000","--ไม่สามารถระบุได้--","20260","วิศวกรรมศาสตรบัณฑิต","TH","ไทย"," "," "," ","ไม่","99999","วุฒิเริ่มบรรจุ","19880301"
"00037138","19910501","99991231","H1","ปริญญาเอก/เทียบเท่า","1200000773","University of Manitoba","10000172","Civil Engineering","10314","Doctor of Philosophy","GB","United Kingdom"," "," ","X","ใช่","99998","ปรับวุฒิ","19940301"
"00037138","19880501","99991231","F1","ปริญญาโท/เทียบเท่า","1200000024","Asian Institute of Technology (AIT)","10000960","Structural of Engineering","10461","Master of Engineering","TH","ไทย"," "," "," ","ไม่","99998","ปรับวุฒิ","19900301"
"10017410","19910501","99991231","B2","มัธยมศึกษาตอนปลาย","2100001465","โรงเรียนสวนกุหลาบวิทยา","20000716","มัธยมศึกษา","20243","มัธยมศึกษาตอนปลาย","TH","ไทย"," "," "," ","ไม่","99997","วุฒิเพิ่มเติม","19930301"
"10017410","","99991231","D1","ปริญญาตรี/เทียบเท่า","2200000376","สถาบันเทคโนโลยีพระจอมเกล้าพระนครเหนือ","20001126","อิเล็กทรอนิกส์คอมพิวเตอร์","20256","วิทยาศาสตรบัณฑิต","TH","ไทย"," "," ","X","ใช่","99999","วุฒิเริ่มบรรจุ","20050516"
"10017410","19880501","99991231","B1","มัธยมศึกษาตอนต้น","2100000256","โรงเรียนไตรมิตรวิทยาลัย","20000716","มัธยมศึกษา","20242","มัธยมศึกษาตอนต้น","TH","ไทย"," "," "," ","ไม่","99997","วุฒิเพิ่มเติม","19910301"
"10017410","19930501","99991231","C3","ปวส.หรือเทียบเท่า","2200000370","วิทยาลัยเอเซียอาคเนย์","20000342","ช่างอิเล็กทรอนิกส์","20172","ประกาศนียบัตรวิชาชีพชั้นสูง","TH","ไทย"," "," "," ","ไม่","99997","วุฒิเพิ่มเติม","19960301"
"00037145","19880601","99991231","H1","ปริญญาเอก/เทียบเท่า","1200000219","Imperial College of Science and Technology University of London","10000319","Electrical & Electronics","10314","Doctor of Philosophy","GB","United Kingdom"," "," ","X","ใช่","99998","ปรับวุฒิ","20100601"
"00037145","19880601","99991231","D1","ปริญญาตรี/เทียบเท่า","2200000003","จุฬาลงกรณ์มหาวิทยาลัย","20000878","วิศวกรรมไฟฟ้า","20260","วิศวกรรมศาสตรบัณฑิต","TH","ไทย"," "," "," ","ไม่","99999","วุฒิเริ่มบรรจุ","19920601"
"00037236","","99991231","B2","มัธยมศึกษาตอนปลาย","0000000000","--ไม่สามารถระบุได้--","00000000","--ไม่สามารถระบุได้--","20243","มัธยมศึกษาตอนปลาย","TH","ไทย"," "," ","X","ใช่","99999","วุฒิเริ่มบรรจุ","19990902"
"00037159","19820501","99991231","D1","ปริญญาตรี/เทียบเท่า","2200000003","จุฬาลงกรณ์มหาวิทยาลัย","00000000","--ไม่สามารถระบุได้--","20260","วิศวกรรมศาสตรบัณฑิต","TH","ไทย"," "," "," ","ไม่","99999","วุฒิเริ่มบรรจุ","19860301"
"00037159","19890501","99991231","H1","ปริญญาเอก/เทียบเท่า","1200000774","University of Maryland","10000220","Construction Eng. and Management","10527","Philosophy Degree","US","USA"," "," ","X","ใช่","99998","ปรับวุฒิ","19930301"
"00037159","19880501","99991231","F1","ปริญญาโท/เทียบเท่า","1200000785","University of Missouri Columbia","00000000","--ไม่สามารถระบุได้--","10446","Master of Civil Engineering","US","USA"," "," "," ","ไม่","99998","ปรับวุฒิ","19890301"
"10025411","20100527","99991231","D1","ปริญญาตรี/เทียบเท่า","2200000003","จุฬาลงกรณ์มหาวิทยาลัย","20000891","วิศวกรรมสำรวจ","10048","Bachelor of Engineering","TH","ไทย"," "," "," ","ไม่","99997","วุฒิเพิ่มเติม","20140519"
"10025411","20181001","99991231","H1","ปริญญาเอก/เทียบเท่า","1200000565","Technische Universitat Berlin","10000427","Geodetic Science","10314","Doctor of Philosophy","DE","Germany"," "," ","X","ใช่","99999","วุฒิเริ่มบรรจุ","20230818"
"10025411","20140908","99991231","F1","ปริญญาโท/เทียบเท่า","2200000003","จุฬาลงกรณ์มหาวิทยาลัย","10000967","Survey Engineering","10461","Master of Engineering","TH","ไทย"," "," "," ","ไม่","99997","วุฒิเพิ่มเติม","20160805"
"10021092","20140601","99991231","C3","ปวส.หรือเทียบเท่า","0000000000","--ไม่สามารถระบุได้--","20000247","คอมพิวเตอร์ธุรกิจ","20172","ประกาศนียบัตรวิชาชีพชั้นสูง","TH","ไทย"," "," ","X","ใช่","99999","วุฒิเริ่มบรรจุ","20170430"
"10019952","19910513","99991231","C2","ปวท.หรือเทียบเท่า","2200000157","วิทยาเขตเทคนิคชัยภูมิ","20000411","เทคนิควิศวกรรมอิเล็กทรอนิกส์","20173","ประกาศนียบัตรวิชาชีพเทคนิค","TH","ไทย"," "," ","X","ใช่","99999","วุฒิเริ่มบรรจุ","19930316"
"10017602","19970623","99991231","D1","ปริญญาตรี/เทียบเท่า","2200000065","มหาวิทยาลัยรามคำแหง","20000860","วิทยาศาสตร์สิ่งแวดล้อม","20256","วิทยาศาสตรบัณฑิต","TH","ไทย"," "," ","X","ใช่","99999","วุฒิเริ่มบรรจุ","20020602"
"00037217","","99991231","B2","มัธยมศึกษาตอนปลาย","2100001542","โรงเรียนสิงห์บุรี","20000945","ศิลป์-คณิต","20243","มัธยมศึกษาตอนปลาย","TH","ไทย"," "," ","X","ใช่","99999","วุฒิเริ่มบรรจุ","19870410"
"00038034","","99991231","F1","ปริญญาโท/เทียบเท่า","2200000003","จุฬาลงกรณ์มหาวิทยาลัย","20000878","วิศวกรรมไฟฟ้า","20261","วิศวกรรมศาสตรมหาบัณฑิต","TH","ไทย"," "," "," ","ไม่","99998","ปรับวุฒิ","19990902"
"00038034","19860501","99991231","D1","ปริญญาตรี/เทียบเท่า","2200000003","จุฬาลงกรณ์มหาวิทยาลัย","20000879","วิศวกรรมไฟฟ้ากำลัง","20260","วิศวกรรมศาสตรบัณฑิต","TH","ไทย"," "," "," ","ไม่","99999","วุฒิเริ่มบรรจุ","19910401"
"00038034","19990501","99991231","H1","ปริญญาเอก/เทียบเท่า","1200000279","Kyoto University","10000322","Electrical Engineering","10297","Doctor of Engineering","JP","Japan"," "," ","X","ใช่","99998","ปรับวุฒิ","20010709"
"10017721","20030930","99991231","H1","ปริญญาเอก/เทียบเท่า","1200000852","University of Tokyo","10000665","Metallurgy","10314","Doctor of Philosophy","JP","Japan"," "," ","X","ใช่","99997","วุฒิเพิ่มเติม","20100601"
"10017721","19940101","99991231","D1","ปริญญาตรี/เทียบเท่า","2200000003","จุฬาลงกรณ์มหาวิทยาลัย","20000886","วิศวกรรมโลหการ","20260","วิศวกรรมศาสตรบัณฑิต","TH","ไทย"," "," "," ","ไม่","99999","วุฒิเริ่มบรรจุ","19980101"
"00038003","19860601","99991231","D1","ปริญญาตรี/เทียบเท่า","2200000003","จุฬาลงกรณ์มหาวิทยาลัย","20000312","จุลชีววิทยา","20256","วิทยาศาสตรบัณฑิต","TH","ไทย"," "," "," ","ไม่","99999","วุฒิเริ่มบรรจุ","19900301"
"00038003","20000401","99991231","H1","ปริญญาเอก/เทียบเท่า","1200000852","University of Tokyo","10000106","Biotechnology","10314","Doctor of Philosophy","JP","Japan"," "," ","X","ใช่","99998","ปรับวุฒิ","20040325"
"00038003","19900601","99991231","F1","ปริญญาโท/เทียบเท่า","2200000003","จุฬาลงกรณ์มหาวิทยาลัย","20000316","จุลชีววิทยาทางอุตสาหกรรม","20258","วิทยาศาสตรมหาบัณฑิต","TH","ไทย"," "," "," ","ไม่","99998","ปรับวุฒิ","19930301"
"10020409","19980604","99991231","D1","ปริญญาตรี/เทียบเท่า","2200000076","มหาวิทยาลัยศรีปทุม","20000070","การจัดการอุตสาหกรรม","20043","บริหารธุรกิจบัณฑิต","TH","ไทย"," "," ","X","ใช่","99999","วุฒิเริ่มบรรจุ","20000307"
"10019909","20090601","99991231","D1","ปริญญาตรี/เทียบเท่า","2200000008","มหาวิทยาลัยกรุงเทพ","20000490","นิเทศศาสตร์","20037","นิเทศศาสตรบัณฑิต","TH","ไทย"," "," ","X","ใช่","99999","วุฒิเริ่มบรรจุ","20140116"
"10019773","20010725","99991231","D1","ปริญญาตรี/เทียบเท่า","2200000061","มหาวิทยาลัยราชภัฏสวนดุสิต","20000247","คอมพิวเตอร์ธุรกิจ","20043","บริหารธุรกิจบัณฑิต","TH","ไทย"," "," ","X","ใช่","99999","วุฒิเริ่มบรรจุ","20031031"
"10017722","19880501","99991231","F1","ปริญญาโท/เทียบเท่า","1200000024","Asian Institute of Technology (AIT)","10000960","Structural of Engineering","10461","Master of Engineering","TH","ไทย"," "," "," ","ไม่","99998","ปรับวุฒิ","19900301"
"10017722","19840501","99991231","D1","ปริญญาตรี/เทียบเท่า","2200000003","จุฬาลงกรณ์มหาวิทยาลัย","00000000","--ไม่สามารถระบุได้--","20260","วิศวกรรมศาสตรบัณฑิต","TH","ไทย"," "," "," ","ไม่","99999","วุฒิเริ่มบรรจุ","19880301"
"10017722","19910501","99991231","H1","ปริญญาเอก/เทียบเท่า","1200000773","University of Manitoba","10000172","Civil Engineering","10314","Doctor of Philosophy","GB","United Kingdom"," "," ","X","ใช่","99998","ปรับวุฒิ","19940301"
"10017723","19880606","99991231","D1","ปริญญาตรี/เทียบเท่า","2200000003","จุฬาลงกรณ์มหาวิทยาลัย","20000883","วิศวกรรมโยธา","20260","วิศวกรรมศาสตรบัณฑิต","TH","ไทย"," "," "," ","ไม่","99999","วุฒิเริ่มบรรจุ","19920430"
"10017723","","99991231","H1","ปริญญาเอก/เทียบเท่า","1200000329","Massachusetts Institute of Technology","10000436","Geotechnical Engineering","10320","Doctor of Science","US","USA"," "," ","X","ใช่","99998","ปรับวุฒิ","19980706"
"10017724","19921001","99991231","H1","ปริญญาเอก/เทียบเท่า","1200000767","University of London","10000650","Mechanical Engineering","10314","Doctor of Philosophy","GB","United Kingdom"," "," ","X","ใช่","99999","วุฒิเริ่มบรรจุ","19990801"
"00038140","19880101","99991231","H1","ปริญญาเอก/เทียบเท่า","1200000862","University of Utah","10000635","Material Science and Engineering","10527","Philosophy Degree","US","USA"," "," ","X","ใช่","99998","ปรับวุฒิ","19940101"
"00038140","19740101","99991231","D1","ปริญญาตรี/เทียบเท่า","2200000003","จุฬาลงกรณ์มหาวิทยาลัย","20000886","วิศวกรรมโลหการ","20260","วิศวกรรมศาสตรบัณฑิต","TH","ไทย"," "," "," ","ไม่","99999","วุฒิเริ่มบรรจุ","19850101"
"00038211","19980506","99991231","D1","ปริญญาตรี/เทียบเท่า","2200000414","สถาบันราชภัฎบ้านสมเด็จเจ้าพระยา","20000052","การจัดการทั่วไป","20312","ศิลปศาสตรบัณฑิต","TH","ไทย"," "," ","X","ใช่","99998","ปรับวุฒิ","20001121"
"00038211","19960516","99991231","C3","ปวส.หรือเทียบเท่า","2100001530","โรงเรียนสายประสิทธิ์พณิชยการ","20000245","คอมพิวเตอร์","20172","ประกาศนียบัตรวิชาชีพชั้นสูง","TH","ไทย"," "," "," ","ไม่","99999","วุฒิเริ่มบรรจุ","19980331"
"10017726","19910101","99991231","F1","ปริญญาโท/เทียบเท่า","1200000767","University of London","10000020","Advertising Chemical Engineer","10503","Master of Science","GB","United Kingdom"," "," "," ","ไม่","99998","ปรับวุฒิ","19920101"
"10017726","19860101","99991231","D1","ปริญญาตรี/เทียบเท่า","2200000003","จุฬาลงกรณ์มหาวิทยาลัย","20000871","วิศวกรรมเคมี","20260","วิศวกรรมศาสตรบัณฑิต","TH","ไทย"," "," "," ","ไม่","99999","วุฒิเริ่มบรรจุ","19900101"
"10017726","19920101","99991231","H1","ปริญญาเอก/เทียบเท่า","1200000767","University of London","10000846","Polymer Science","10314","Doctor of Philosophy","GB","United Kingdom"," "," ","X","ใช่","99998","ปรับวุฒิ","19960301"
"10017727","19930101","99991231","D1","ปริญญาตรี/เทียบเท่า","2200000003","จุฬาลงกรณ์มหาวิทยาลัย","20000871","วิศวกรรมเคมี","20260","วิศวกรรมศาสตรบัณฑิต","TH","ไทย"," "," "," ","ไม่","99999","วุฒิเริ่มบรรจุ","19970101"
"10017727","","99991231","H1","ปริญญาเอก/เทียบเท่า","1200000852","University of Tokyo","10000147","Chemical Engineering","10314","Doctor of Philosophy","JP","Japan"," "," ","X","ใช่","99998","ปรับวุฒิ","20100601"
"10017746","19861020","99991231","C3","ปวส.หรือเทียบเท่า","2100000241","โรงเรียนดุสิตพณิชยการ","20000104","การบัญชี","20172","ประกาศนียบัตรวิชาชีพชั้นสูง","TH","ไทย"," "," ","X","ใช่","99999","วุฒิเริ่มบรรจุ","19880331"
"10026221","20180625","99991231","D1","ปริญญาตรี/เทียบเท่า","2200000024","มหาวิทยาลัยเทคโนโลยีราชมงคลกรุงเทพ","20001299","เทคโนโลยีวิศวกรรม","20377","อุตสาหกรรมศาสตรบัณฑิต","TH","ไทย"," "," ","X","ใช่","99999","วุฒิเริ่มบรรจุ","20230328"
"00038251","19820101","99991231","C3","ปวส.หรือเทียบเท่า","2200000153","วิทยาเขตชุมพรเขตอุดมศักดิ์","20000244","คหกรรมศาสตร์ศึกษา","20198","ประโยคครูมัธยม","TH","ไทย"," "," "," ","ไม่","99999","วุฒิเริ่มบรรจุ","19850101"
"00038251","19961116","99991231","D1","ปริญญาตรี/เทียบเท่า","2200000420","สถาบันราชภัฎเพชรบุรีวิทยาลงกรณ์","20000052","การจัดการทั่วไป","20312","ศิลปศาสตรบัณฑิต","TH","ไทย"," "," ","X","ใช่","99997","วุฒิเพิ่มเติม","19990326"
"00038302","19910601","99991231","D1","ปริญญาตรี/เทียบเท่า","2200000003","จุฬาลงกรณ์มหาวิทยาลัย","20000254","เคมี","20260","วิศวกรรมศาสตรบัณฑิต","TH","ไทย"," "," "," ","ไม่","99999","วุฒิเริ่มบรรจุ","19950430"
"00038302","19970101","99991231","F1","ปริญญาโท/เทียบเท่า","1200000874","University of Waterloo","10000146","Chemical Engineeing","10503","Master of Science","CA","Canada"," "," ","X","ใช่","99997","วุฒิเพิ่มเติม","20000430"
"00038308","20090601","99991231","F1","ปริญญาโท/เทียบเท่า","2200000021","มหาวิทยาลัยเทคโนโลยีพระจอมเกล้าพระนครเหนือ","20000878","วิศวกรรมไฟฟ้า","20261","วิศวกรรมศาสตรมหาบัณฑิต","TH","ไทย"," "," ","X","ใช่","99997","วุฒิเพิ่มเติม","20130322"
"00038308","19900101","99991231","D1","ปริญญาตรี/เทียบเท่า","2200000411","สถาบันราชภัฎนครปฐม","20000447","เทคโนโลยีไฟฟ้าอุตสาหกรรม","20256","วิทยาศาสตรบัณฑิต","TH","ไทย"," "," "," ","ไม่","99999","วุฒิเริ่มบรรจุ","19920101"
"00038295","19920101","99991231","F1","ปริญญาโท/เทียบเท่า","1200000065","Case Western Reserve University","10000600","Macromolecular Science","10503","Master of Science","US","USA"," "," "," ","ไม่","99998","ปรับวุฒิ","19940101"
"00038295","19870101","99991231","D1","ปริญญาตรี/เทียบเท่า","2200000003","จุฬาลงกรณ์มหาวิทยาลัย","20000785","วัสดุศาสตร์","20256","วิทยาศาสตรบัณฑิต","TH","ไทย"," "," "," ","ไม่","99999","วุฒิเริ่มบรรจุ","19900101"
"00038295","20010322","99991231","H1","ปริญญาเอก/เทียบเท่า","1200000279","Kyoto University","10000147","Chemical Engineering","10297","Doctor of Engineering","JP","Japan"," "," ","X","ใช่","99998","ปรับวุฒิ","20070323"
"00038299","19830512","99991231","C3","ปวส.หรือเทียบเท่า","2200000296","วิทยาลัยนครศรีธรรมราช","20000273","เครื่องกล","20172","ประกาศนียบัตรวิชาชีพชั้นสูง","TH","ไทย"," "," "," ","ไม่","99999","วุฒิเริ่มบรรจุ","19850322"
"00038299","20131207","99991231","F1","ปริญญาโท/เทียบเท่า","2200000056","มหาวิทยาลัยราชภัฏบ้านสมเด็จเจ้าพระยา","20000070","การจัดการอุตสาหกรรม","20261","วิศวกรรมศาสตรมหาบัณฑิต","TH","ไทย","01","เกียรตินิยมอันดับ 2","X","ใช่","99997","วุฒิเพิ่มเติม","20200416"
"00038299","20131207","99991231","F1","ปริญญาโท/เทียบเท่า","2200000056","มหาวิทยาลัยราชภัฏบ้านสมเด็จเจ้าพระยา","20000070","การจัดการอุตสาหกรรม","20261","วิศวกรรมศาสตรมหาบัณฑิต","TH","ไทย","01","เกียรตินิยมอันดับ 2"," ","ไม่","99997","วุฒิเพิ่มเติม","20200416"
"10000394","19880516","99991231","C3","ปวส.หรือเทียบเท่า","2100000241","โรงเรียนดุสิตพณิชยการ","20000245","คอมพิวเตอร์","20172","ประกาศนียบัตรวิชาชีพชั้นสูง","TH","ไทย"," "," ","X","ใช่","99999","วุฒิเริ่มบรรจุ","19900316"
"10017939","19900601","99991231","D1","ปริญญาตรี/เทียบเท่า","2200000003","จุฬาลงกรณ์มหาวิทยาลัย","20000878","วิศวกรรมไฟฟ้า","20260","วิศวกรรมศาสตรบัณฑิต","TH","ไทย","00","เกียรตินิยมอันดับ 1"," ","ไม่","99997","วุฒิเพิ่มเติม","19940328"
"10017939","","99991231","H1","ปริญญาเอก/เทียบเท่า","1200000418","Ohio State University","10000322","Electrical Engineering","10314","Doctor of Philosophy","US","USA"," "," ","X","ใช่","99999","วุฒิเริ่มบรรจุ","20060827"
"10017939","","99991231","F1","ปริญญาโท/เทียบเท่า","1200000418","Ohio State University","10000322","Electrical Engineering","10503","Master of Science","US","USA"," "," "," ","ไม่","99997","วุฒิเพิ่มเติม","20020322"
"00038294","19980501","99991231","H1","ปริญญาเอก/เทียบเท่า","1200000752","University of Illinois at Urbana-Champaign","10000172","Civil Engineering","10314","Doctor of Philosophy","US","USA"," "," ","X","ใช่","99998","ปรับวุฒิ","20010513"
"00038294","19910101","99991231","D1","ปริญญาตรี/เทียบเท่า","2200000003","จุฬาลงกรณ์มหาวิทยาลัย","20000883","วิศวกรรมโยธา","20260","วิศวกรรมศาสตรบัณฑิต","TH","ไทย"," "," "," ","ไม่","99999","วุฒิเริ่มบรรจุ","19950101"
"10026225","19970509","99991231","D1","ปริญญาตรี/เทียบเท่า","2200000088","มหาวิทยาลัยอัสสัมชัญ","20000247","คอมพิวเตอร์ธุรกิจ","20043","บริหารธุรกิจบัณฑิต","TH","ไทย"," "," ","X","ใช่","99999","วุฒิเริ่มบรรจุ","20031011"
"00038619","19860601","99991231","D1","ปริญญาตรี/เทียบเท่า","2200000003","จุฬาลงกรณ์มหาวิทยาลัย","20000871","วิศวกรรมเคมี","20260","วิศวกรรมศาสตรบัณฑิต","TH","ไทย"," "," "," ","ไม่","99999","วุฒิเริ่มบรรจุ","19900531"
"00038619","19921001","99991231","H1","ปริญญาเอก/เทียบเท่า","1200000220","Imperial College University of London","20000871","วิศวกรรมเคมี","10314","Doctor of Philosophy","GB","United Kingdom"," "," ","X","ใช่","99998","ปรับวุฒิ","19951229"
"00038619","19911001","99991231","F1","ปริญญาโท/เทียบเท่า","1200000220","Imperial College University of London","20000871","วิศวกรรมเคมี","10503","Master of Science","GB","United Kingdom"," "," "," ","ไม่","99998","ปรับวุฒิ","19920930"
"00038626","19930101","99991231","C3","ปวส.หรือเทียบเท่า","2200000255","วิทยาลัยเทคนิคยโสธร","20000403","เทคนิคการผลิต","20172","ประกาศนียบัตรวิชาชีพชั้นสูง","TH","ไทย"," "," ","X","ใช่","99999","วุฒิเริ่มบรรจุ","19950101"
"10026229","20190813","99991231","D1","ปริญญาตรี/เทียบเท่า","2200000034","มหาวิทยาลัยธุรกิจบัณฑิต","00000000","--ไม่สามารถระบุได้--","20037","นิเทศศาสตรบัณฑิต","TH","ไทย","01","เกียรตินิยมอันดับ 2","X","ใช่","99999","วุฒิเริ่มบรรจุ","20230602"
"10026226","20180814","99991231","D1","ปริญญาตรี/เทียบเท่า","2200000056","มหาวิทยาลัยราชภัฏบ้านสมเด็จเจ้าพระยา","00000000","--ไม่สามารถระบุได้--","20256","วิทยาศาสตรบัณฑิต","TH","ไทย"," "," ","X","ใช่","99999","วุฒิเริ่มบรรจุ","20220908"
"10019520","20020625","99991231","D1","ปริญญาตรี/เทียบเท่า","2200000065","มหาวิทยาลัยรามคำแหง","00000000","--ไม่สามารถระบุได้--","20312","ศิลปศาสตรบัณฑิต","TH","ไทย"," "," ","X","ใช่","99999","วุฒิเริ่มบรรจุ","20061031"
"10018172","19860101","99991231","D1","ปริญญาตรี/เทียบเท่า","2200000375","สถาบันเทคโนโลยีพระจอมเกล้าเจ้าคุณทหารลาดกระบัง","20000273","เครื่องกล","20260","วิศวกรรมศาสตรบัณฑิต","TH","ไทย"," "," "," ","ไม่","99999","วุฒิเริ่มบรรจุ","19900101"
"10018172","19930619","99991231","H1","ปริญญาเอก/เทียบเท่า","1200000410","Northwestern University, Chicago","10000650","Mechanical Engineering","10317","Doctor of Physiology","US","USA"," "," ","X","ใช่","99998","ปรับวุฒิ","19991229"
"00038426","19910101","99991231","D1","ปริญญาตรี/เทียบเท่า","2200000003","จุฬาลงกรณ์มหาวิทยาลัย","20000724","โยธา","20260","วิศวกรรมศาสตรบัณฑิต","TH","ไทย"," "," "," ","ไม่","99999","วุฒิเริ่มบรรจุ","19950101"
"00038426","20000801","99991231","H1","ปริญญาเอก/เทียบเท่า","1200000705","University of California at Berkeley","10000172","Civil Engineering","10314","Doctor of Philosophy","US","USA"," "," ","X","ใช่","99998","ปรับวุฒิ","20021219"
"10026227","20010605","99991231","D1","ปริญญาตรี/เทียบเท่า","2200000034","มหาวิทยาลัยธุรกิจบัณฑิต","20000452","เทคโนโลยีสารสนเทศทางธุรกิจ","20043","บริหารธุรกิจบัณฑิต","TH","ไทย"," "," ","X","ใช่","99999","วุฒิเริ่มบรรจุ","20050227"
"00038639","19900101","99991231","C3","ปวส.หรือเทียบเท่า","2100000307","โรงเรียนเทคนิควิมลบริหารธุรกิจ","20000245","คอมพิวเตอร์","20172","ประกาศนียบัตรวิชาชีพชั้นสูง","TH","ไทย"," "," "," ","ไม่","99999","วุฒิเริ่มบรรจุ","19920101"
"00038639","19990320","99991231","D1","ปริญญาตรี/เทียบเท่า","2200000432","สถาบันราชภัฎสวนสุนันทา","20000052","การจัดการทั่วไป","20312","ศิลปศาสตรบัณฑิต","TH","ไทย"," "," ","X","ใช่","99998","ปรับวุฒิ","20010603"
"10018177","19960322","99991231","F1","ปริญญาโท/เทียบเท่า","1200000424","Oregon State University","10000147","Chemical Engineering","10503","Master of Science","US","USA"," "," "," ","ไม่","99997","วุฒิเพิ่มเติม","19960322"
"10018177","19880606","99991231","D1","ปริญญาตรี/เทียบเท่า","2200000003","จุฬาลงกรณ์มหาวิทยาลัย","20000871","วิศวกรรมเคมี","20260","วิศวกรรมศาสตรบัณฑิต","TH","ไทย"," "," "," ","ไม่","99999","วุฒิเริ่มบรรจุ","19920317"
"10018177","19970106","99991231","H1","ปริญญาเอก/เทียบเท่า","1200000424","Oregon State University","10000147","Chemical Engineering","10314","Doctor of Philosophy","US","USA"," "," ","X","ใช่","99998","ปรับวุฒิ","20020718"
"10018091","","99991231","H1","ปริญญาเอก/เทียบเท่า","1200000767","University of London","10000327","Electronic Engineering","10314","Doctor of Philosophy","GB","United Kingdom"," "," ","X","ใช่","99999","วุฒิเริ่มบรรจุ","20070930"
"10018091","","99991231","F1","ปริญญาโท/เทียบเท่า","1200000697","University of Birmingham","10001076","Communications Engineering","10503","Master of Science","GB","United Kingdom"," "," "," ","ไม่","99997","วุฒิเพิ่มเติม","20031211"
"10004183","20030601","99991231","C3","ปวส.หรือเทียบเท่า","2100000314","โรงเรียนเทคโนโลยีกรุงธนบุรี","20000332","ช่างไฟฟ้ากำลัง","20172","ประกาศนียบัตรวิชาชีพชั้นสูง","TH","ไทย"," "," "," ","ไม่","99997","วุฒิเพิ่มเติม","20050331"
"10004183","20070605","99991231","D1","ปริญญาตรี/เทียบเท่า","2200000383","สถาบันเทคโนโลยีราชมงคล วิทยาเขตเทเวศน์","20000879","วิศวกรรมไฟฟ้ากำลัง","20016","ครุศาสตร์อุตสาหกรรมบัณฑิต","TH","ไทย"," "," ","X","ใช่","99999","วุฒิเริ่มบรรจุ","20090519"
"10018217","19911001","99991231","F1","ปริญญาโท/เทียบเท่า","1200000220","Imperial College University of London","20000871","วิศวกรรมเคมี","10503","Master of Science","GB","United Kingdom"," "," "," ","ไม่","99998","ปรับวุฒิ","19920930"
"10018217","19860601","99991231","D1","ปริญญาตรี/เทียบเท่า","2200000003","จุฬาลงกรณ์มหาวิทยาลัย","20000871","วิศวกรรมเคมี","20260","วิศวกรรมศาสตรบัณฑิต","TH","ไทย"," "," "," ","ไม่","99999","วุฒิเริ่มบรรจุ","19900531"
"10018217","19921001","99991231","H1","ปริญญาเอก/เทียบเท่า","1200000220","Imperial College University of London","20000871","วิศวกรรมเคมี","10314","Doctor of Philosophy","GB","United Kingdom"," "," ","X","ใช่","99998","ปรับวุฒิ","19951229"
"10018228","19921001","99991231","F1","ปริญญาโท/เทียบเท่า","0000000000","--ไม่สามารถระบุได้--","00000000","--ไม่สามารถระบุได้--","10503","Master of Science","GB","United Kingdom"," "," "," ","ไม่","99998","ปรับวุฒิ","19930930"
"10018228","19880501","99991231","D1","ปริญญาตรี/เทียบเท่า","2200000003","จุฬาลงกรณ์มหาวิทยาลัย","20000871","วิศวกรรมเคมี","20260","วิศวกรรมศาสตรบัณฑิต","TH","ไทย"," "," "," ","ไม่","99999","วุฒิเริ่มบรรจุ","19920330"
"10018228","19931001","99991231","H1","ปริญญาเอก/เทียบเท่า","0000000000","--ไม่สามารถระบุได้--","10000147","Chemical Engineering","10527","Philosophy Degree","GB","United Kingdom"," "," ","X","ใช่","99998","ปรับวุฒิ","19960930"
"00038674","","99991231","D1","ปริญญาตรี/เทียบเท่า","2200000190","วิทยาลัยครูพระนคร","20000456","เทคโนโลยีอุตสาหกรรม","20256","วิทยาศาสตรบัณฑิต","TH","ไทย"," "," "," ","ไม่","99999","วุฒิเริ่มบรรจุ","19930101"
"00038674","","99991231","F1","ปริญญาโท/เทียบเท่า","2200000376","สถาบันเทคโนโลยีพระจอมเกล้าพระนครเหนือ","20001128","อุตสาหกรรม","20258","วิทยาศาสตรมหาบัณฑิต","TH","ไทย"," "," ","X","ใช่","99997","วุฒิเพิ่มเติม","20040101"
"10018200","19860501","99991231","D1","ปริญญาตรี/เทียบเท่า","2200000003","จุฬาลงกรณ์มหาวิทยาลัย","20000879","วิศวกรรมไฟฟ้ากำลัง","20260","วิศวกรรมศาสตรบัณฑิต","TH","ไทย"," "," "," ","ไม่","99999","วุฒิเริ่มบรรจุ","19910401"
"10018200","19990501","99991231","H1","ปริญญาเอก/เทียบเท่า","1200000279","Kyoto University","10000322","Electrical Engineering","10297","Doctor of Engineering","JP","Japan"," "," ","X","ใช่","99998","ปรับวุฒิ","20010709"
"10018200","","99991231","F1","ปริญญาโท/เทียบเท่า","2200000003","จุฬาลงกรณ์มหาวิทยาลัย","20000878","วิศวกรรมไฟฟ้า","20261","วิศวกรรมศาสตรมหาบัณฑิต","TH","ไทย"," "," "," ","ไม่","99998","ปรับวุฒิ","19990902"
"00038679","19920101","99991231","F1","ปริญญาโท/เทียบเท่า","2200000003","จุฬาลงกรณ์มหาวิทยาลัย","20000894","วิศวกรรมสุขาภิบาล","20261","วิศวกรรมศาสตรมหาบัณฑิต","TH","ไทย"," "," "," ","ไม่","99998","ปรับวุฒิ","19950101"
"00038679","19860101","99991231","D1","ปริญญาตรี/เทียบเท่า","2200000003","จุฬาลงกรณ์มหาวิทยาลัย","20000892","วิศวกรรมสิ่งแวดล้อม","20260","วิศวกรรมศาสตรบัณฑิต","TH","ไทย"," "," "," ","ไม่","99999","วุฒิเริ่มบรรจุ","19890101"
"00038679","19990921","99991231","H1","ปริญญาเอก/เทียบเท่า","1200000228","Ins.Nt.Des Science Appliquess Le Toulouse","10000585","L'Environnement","10185","De Docteur","FR","France"," "," ","X","ใช่","99998","ปรับวุฒิ","20040319"
"00038688","19950523","99991231","F1","ปริญญาโท/เทียบเท่า","2200000003","จุฬาลงกรณ์มหาวิทยาลัย","20000878","วิศวกรรมไฟฟ้า","20261","วิศวกรรมศาสตรมหาบัณฑิต","TH","ไทย"," "," "," ","ไม่","99998","ปรับวุฒิ","19970204"
"00038688","19910101","99991231","D1","ปริญญาตรี/เทียบเท่า","2200000003","จุฬาลงกรณ์มหาวิทยาลัย","20000644","ไฟฟ้า","20260","วิศวกรรมศาสตรบัณฑิต","TH","ไทย"," "," "," ","ไม่","99999","วุฒิเริ่มบรรจุ","19950101"
"00038688","19990927","99991231","H1","ปริญญาเอก/เทียบเท่า","1200000055","Brunel University","10000322","Electrical Engineering","10314","Doctor of Philosophy","GB","United Kingdom"," "," ","X","ใช่","99998","ปรับวุฒิ","20021008"
"00038630","19850101","99991231","D1","ปริญญาตรี/เทียบเท่า","2200000003","จุฬาลงกรณ์มหาวิทยาลัย","20000871","วิศวกรรมเคมี","20260","วิศวกรรมศาสตรบัณฑิต","TH","ไทย"," "," "," ","ไม่","99999","วุฒิเริ่มบรรจุ","19900531"
"00038630","19910101","99991231","H1","ปริญญาเอก/เทียบเท่า","1200000767","University of London","10000106","Biotechnology","10527","Philosophy Degree","GB","United Kingdom"," "," ","X","ใช่","99998","ปรับวุฒิ","19951228"
"00038630","19900101","99991231","F1","ปริญญาโท/เทียบเท่า","1200000767","University of London","10000020","Advertising Chemical Engineer","10503","Master of Science","GB","United Kingdom"," "," "," ","ไม่","99998","ปรับวุฒิ","19911218"
"00038631","19920101","99991231","F1","ปริญญาโท/เทียบเท่า","1200000091","Cleveland State University","10000364","Environmental Engineering","10503","Master of Science","TH","ไทย"," "," "," ","ไม่","99998","ปรับวุฒิ","19930101"
"00038631","19870101","99991231","D1","ปริญญาตรี/เทียบเท่า","2200000003","จุฬาลงกรณ์มหาวิทยาลัย","20000892","วิศวกรรมสิ่งแวดล้อม","20260","วิศวกรรมศาสตรบัณฑิต","TH","ไทย"," "," "," ","ไม่","99999","วุฒิเริ่มบรรจุ","19910101"
"00038631","","99991231","H1","ปริญญาเอก/เทียบเท่า","1200000424","Oregon State University","10000172","Civil Engineering","10314","Doctor of Philosophy","US","USA"," "," ","X","ใช่","99997","วุฒิเพิ่มเติม","20100601"
"00038658","19810101","99991231","C3","ปวส.หรือเทียบเท่า","2200000160","วิทยาเขตเทคนิคภาคตะวันออกเฉียงเหนือ","20001125","อิเล็กทรอนิกส์","20172","ประกาศนียบัตรวิชาชีพชั้นสูง","TH","ไทย"," "," "," ","ไม่","99999","วุฒิเริ่มบรรจุ","19830101"
"00038658","20070601","99991231","D1","ปริญญาตรี/เทียบเท่า","0000000000","--ไม่สามารถระบุได้--","20000899","วิศวกรรมอุตสาหการ","20205","ปริญญาตรี","TH","ไทย"," "," ","X","ใช่","99997","วุฒิเพิ่มเติม","20100601"
"10023056","20170515","99991231","D1","ปริญญาตรี/เทียบเท่า","0000000000","--ไม่สามารถระบุได้--","20000446","เทคโนโลยีไฟฟ้า","20031","เทคโนโลยีบัณฑิต","TH","ไทย"," "," ","X","ใช่","99999","วุฒิเริ่มบรรจุ","20190328"
"10023056","","99991231","C3","ปวส.หรือเทียบเท่า","2200000475","วิทยาลัยเทคนิคพิษณุโลก","20000645","ไฟฟ้ากำลัง","20172","ประกาศนียบัตรวิชาชีพชั้นสูง","TH","ไทย"," "," "," ","ไม่","99997","วุฒิเพิ่มเติม","20170310"
"10018285","","99991231","D1","ปริญญาตรี/เทียบเท่า","2200000056","มหาวิทยาลัยราชภัฏบ้านสมเด็จเจ้าพระยา","20000739","รัฐประศาสนศาสตร์","20312","ศิลปศาสตรบัณฑิต","TH","ไทย"," "," "," ","ไม่","99997","วุฒิเพิ่มเติม","20100527"
"10018285","","99991231","F1","ปริญญาโท/เทียบเท่า","2200000065","มหาวิทยาลัยรามคำแหง","00000000","--ไม่สามารถระบุได้--","20246","รัฐประศาสนศาสตรมหาบัณฑิต","TH","ไทย"," "," ","X","ใช่","99999","วุฒิเริ่มบรรจุ","20120523"
"10026082","20130529","99991231","H1","ปริญญาเอก/เทียบเท่า","2200000003","จุฬาลงกรณ์มหาวิทยาลัย","20000875","วิศวกรรมนิวเคลียร์","20259","วิศวกรรมศาสตรดุษฎีบัณฑิต","TH","ไทย"," "," ","X","ใช่","99999","วุฒิเริ่มบรรจุ","20190318"
"00039321","19860101","99991231","D1","ปริญญาตรี/เทียบเท่า","2200000003","จุฬาลงกรณ์มหาวิทยาลัย","20000871","วิศวกรรมเคมี","20260","วิศวกรรมศาสตรบัณฑิต","TH","ไทย"," "," "," ","ไม่","99999","วุฒิเริ่มบรรจุ","19900101"
"00039321","19920101","99991231","H1","ปริญญาเอก/เทียบเท่า","1200000767","University of London","10000846","Polymer Science","10314","Doctor of Philosophy","GB","United Kingdom"," "," ","X","ใช่","99998","ปรับวุฒิ","19960301"
"00039321","19910101","99991231","F1","ปริญญาโท/เทียบเท่า","1200000767","University of London","10000020","Advertising Chemical Engineer","10503","Master of Science","GB","United Kingdom"," "," "," ","ไม่","99998","ปรับวุฒิ","19920101"
"10019162","19990526","99991231","D1","ปริญญาตรี/เทียบเท่า","2200000003","จุฬาลงกรณ์มหาวิทยาลัย","20000871","วิศวกรรมเคมี","20256","วิทยาศาสตรบัณฑิต","TH","ไทย","01","เกียรตินิยมอันดับ 2"," ","ไม่","99997","วุฒิเพิ่มเติม","20030319"
"10019162","","99991231","H1","ปริญญาเอก/เทียบเท่า","1200000819","University of Queensland","10000147","Chemical Engineering","10314","Doctor of Philosophy","AU","Australia"," "," ","X","ใช่","99999","วุฒิเริ่มบรรจุ","20110513"
"10019162","20030529","99991231","F1","ปริญญาโท/เทียบเท่า","2200000003","จุฬาลงกรณ์มหาวิทยาลัย","20000871","วิศวกรรมเคมี","20261","วิศวกรรมศาสตรมหาบัณฑิต","TH","ไทย"," "," "," ","ไม่","99997","วุฒิเพิ่มเติม","20050603"
"10017127","20020610","99991231","D1","ปริญญาตรี/เทียบเท่า","2200000085","มหาวิทยาลัยหอการค้าไทย","20000806","วิทยาการคอมพิวเตอร์","20256","วิทยาศาสตรบัณฑิต","TH","ไทย"," "," ","X","ใช่","99999","วุฒิเริ่มบรรจุ","20060303"
"00039356","","99991231","C3","ปวส.หรือเทียบเท่า","0000000000","--ไม่สามารถระบุได้--","20000336","ช่างยนต์","20172","ประกาศนียบัตรวิชาชีพชั้นสูง","TH","ไทย"," "," ","X","ใช่","99999","วุฒิเริ่มบรรจุ","19990902"
"80003716","","20230731","H1","ปริญญาเอก/เทียบเท่า","0000000000","--ไม่สามารถระบุได้--","00000000","--ไม่สามารถระบุได้--","00001","--ไม่สามารถระบุได้--","TH","ไทย"," "," "," ","ไม่","00001","--ไม่สามารถระบุได้--","20210113"
"00039420","","99991231","F1","ปริญญาโท/เทียบเท่า","1200000750","University of Illinois","10000364","Environmental Engineering","10503","Master of Science","US","USA"," "," ","X","ใช่","99998","ปรับวุฒิ","19720201"
"00039420","19630101","99991231","D1","ปริญญาตรี/เทียบเท่า","2200000003","จุฬาลงกรณ์มหาวิทยาลัย","00000000","--ไม่สามารถระบุได้--","20260","วิศวกรรมศาสตรบัณฑิต","TH","ไทย"," "," "," ","ไม่","99999","วุฒิเริ่มบรรจุ","19670101"
"10024112","","99991231","D1","ปริญญาตรี/เทียบเท่า","2200000085","มหาวิทยาลัยหอการค้าไทย","20000654","ภาษาจีน","20312","ศิลปศาสตรบัณฑิต","TH","ไทย","00","เกียรตินิยมอันดับ 1","X","ใช่","99999","วุฒิเริ่มบรรจุ","20211221"
"00040387","","99991231","B1","มัธยมศึกษาตอนต้น","2100000977","โรงเรียนวัฒนโชติศรีบุญญาคม","00000000","--ไม่สามารถระบุได้--","20242","มัธยมศึกษาตอนต้น","TH","ไทย"," "," "," ","ไม่","99997","วุฒิเพิ่มเติม","19990902"
"00040387","20101101","99991231","D1","ปริญญาตรี/เทียบเท่า","2200000056","มหาวิทยาลัยราชภัฏบ้านสมเด็จเจ้าพระยา","20000682","ภาษาอังกฤษ","20312","ศิลปศาสตรบัณฑิต","TH","ไทย","00","เกียรตินิยมอันดับ 1","X","ใช่","99997","วุฒิเพิ่มเติม","20151001"
"00040387","20000501","99991231","B2","มัธยมศึกษาตอนปลาย","2100001707","ศูนย์การศึกษานอกโรงเรียน","00000000","--ไม่สามารถระบุได้--","20243","มัธยมศึกษาตอนปลาย","TH","ไทย"," "," "," ","ไม่","99999","วุฒิเริ่มบรรจุ","20010430"
"10024408","20120611","99991231","D1","ปริญญาตรี/เทียบเท่า","2200000464","มหาวิทยาลัยศรีนครินทรวิโรฒ วิทยาลัยนวัตกรรมสื่อสารสังคม","20001283","การสื่อสารเพื่อการท่องเที่ยว","20312","ศิลปศาสตรบัณฑิต","TH","ไทย"," "," ","X","ใช่","99999","วุฒิเริ่มบรรจุ","20160525"
"10018872","20080527","99991231","F1","ปริญญาโท/เทียบเท่า","2200000003","จุฬาลงกรณ์มหาวิทยาลัย","00000000","--ไม่สามารถระบุได้--","20261","วิศวกรรมศาสตรมหาบัณฑิต","TH","ไทย"," "," "," ","ไม่","99997","วุฒิเพิ่มเติม","20091026"
"10018872","20040601","99991231","D1","ปริญญาตรี/เทียบเท่า","2200000003","จุฬาลงกรณ์มหาวิทยาลัย","20000886","วิศวกรรมโลหการ","20260","วิศวกรรมศาสตรบัณฑิต","TH","ไทย"," "," "," ","ไม่","99997","วุฒิเพิ่มเติม","20080401"
"10018872","20091003","99991231","H1","ปริญญาเอก/เทียบเท่า","1200000220","Imperial College University of London","10000637","Materials Engineering","10314","Doctor of Philosophy","TH","ไทย"," "," ","X","ใช่","99999","วุฒิเริ่มบรรจุ","20140101"
"10018878","20000523","99991231","F1","ปริญญาโท/เทียบเท่า","2200000003","จุฬาลงกรณ์มหาวิทยาลัย","20000896","วิศวกรรมแหล่งน้ำ","20261","วิศวกรรมศาสตรมหาบัณฑิต","TH","ไทย"," "," "," ","ไม่","99997","วุฒิเพิ่มเติม","20040603"
"10018878","19960602","99991231","D1","ปริญญาตรี/เทียบเท่า","2200000079","มหาวิทยาลัยสงขลานครินทร์","20000724","โยธา","20260","วิศวกรรมศาสตรบัณฑิต","TH","ไทย"," "," "," ","ไม่","99997","วุฒิเพิ่มเติม","20000315"
"10018878","","99991231","H1","ปริญญาเอก/เทียบเท่า","0000000000","--ไม่สามารถระบุได้--","10000336","Engineering","10297","Doctor of Engineering","TH","ไทย"," "," ","X","ใช่","99999","วุฒิเริ่มบรรจุ","20080321"
"00040481","","99991231","H1","ปริญญาเอก/เทียบเท่า","1200000064","Carnegie Mellon University","10000638","Materials Science and Engineering","10314","Doctor of Philosophy","US","USA"," "," ","X","ใช่","99997","วุฒิเพิ่มเติม","20020601"
"00040481","19930101","99991231","D1","ปริญญาตรี/เทียบเท่า","1200000852","University of Tokyo","10000665","Metallurgy","10048","Bachelor of Engineering","TH","ไทย"," "," "," ","ไม่","99999","วุฒิเริ่มบรรจุ","19970101"
"10026228","20170815","99991231","D1","ปริญญาตรี/เทียบเท่า","2200000060","มหาวิทยาลัยราชภัฏวไลยอลงกรณ์","20001233","การจัดการการท่องเที่ยว","20312","ศิลปศาสตรบัณฑิต","TH","ไทย"," "," ","X","ใช่","99999","วุฒิเริ่มบรรจุ","20210610"
"10018921","","99991231","D1","ปริญญาตรี/เทียบเท่า","2200000003","จุฬาลงกรณ์มหาวิทยาลัย","20000883","วิศวกรรมโยธา","20260","วิศวกรรมศาสตรบัณฑิต","TH","ไทย","00","เกียรตินิยมอันดับ 1"," ","ไม่","99997","วุฒิเพิ่มเติม","20080513"
"10018921","","99991231","H1","ปริญญาเอก/เทียบเท่า","1200000595","Tokyo Institute of Technology","10000172","Civil Engineering","10314","Doctor of Philosophy","JP","Japan"," "," ","X","ใช่","99999","วุฒิเริ่มบรรจุ","20130925"
"10018921","","99991231","F1","ปริญญาโท/เทียบเท่า","1200000595","Tokyo Institute of Technology","10000172","Civil Engineering","10461","Master of Engineering","JP","Japan"," "," "," ","ไม่","99997","วุฒิเพิ่มเติม","20100925"
"10019031","","99991231","F1","ปริญญาโท/เทียบเท่า","1200000750","University of Illinois","10000172","Civil Engineering","10503","Master of Science","US","USA"," "," "," ","ไม่","99997","วุฒิเพิ่มเติม","20090810"
"10019031","","99991231","D1","ปริญญาตรี/เทียบเท่า","2200000003","จุฬาลงกรณ์มหาวิทยาลัย","20001045","สิ่งแวดล้อม","20260","วิศวกรรมศาสตรบัณฑิต","TH","ไทย"," "," "," ","ไม่","99997","วุฒิเพิ่มเติม","20060418"
"10019031","","99991231","H1","ปริญญาเอก/เทียบเท่า","1200000750","University of Illinois","10000172","Civil Engineering","10314","Doctor of Philosophy","US","USA"," "," ","X","ใช่","99999","วุฒิเริ่มบรรจุ","20131223"
"10024488","19961116","99991231","D1","ปริญญาตรี/เทียบเท่า","2200000060","มหาวิทยาลัยราชภัฏวไลยอลงกรณ์","20000954","ศิลปศาสตร์","20312","ศิลปศาสตรบัณฑิต","TH","ไทย"," "," ","X","ใช่","99999","วุฒิเริ่มบรรจุ","19990326"
"10026383","20110530","99991231","D1","ปริญญาตรี/เทียบเท่า","2200000034","มหาวิทยาลัยธุรกิจบัณฑิต","20000870","วิศวกรรมคอมพิวเตอร์","20260","วิศวกรรมศาสตรบัณฑิต","TH","ไทย"," "," ","X","ใช่","99999","วุฒิเริ่มบรรจุ","20161218"
"00040674","19990902","99991231","F1","ปริญญาโท/เทียบเท่า","2200000003","จุฬาลงกรณ์มหาวิทยาลัย","20000883","วิศวกรรมโยธา","20261","วิศวกรรมศาสตรมหาบัณฑิต","TH","ไทย"," "," "," ","ไม่","99998","ปรับวุฒิ","19980101"
"00040674","19900101","99991231","D1","ปริญญาตรี/เทียบเท่า","2200000375","สถาบันเทคโนโลยีพระจอมเกล้าเจ้าคุณทหารลาดกระบัง","20000509","บริหารงานก่อสร้าง","20260","วิศวกรรมศาสตรบัณฑิต","TH","ไทย"," "," "," ","ไม่","99999","วุฒิเริ่มบรรจุ","19940101"
"00040674","20010101","99991231","H1","ปริญญาเอก/เทียบเท่า","1200000472","Rmit University","10000219","Construction and Project Management","10317","Doctor of Physiology","AU","Australia"," "," ","X","ใช่","99998","ปรับวุฒิ","20050304"
"00040675","19870101","99991231","D1","ปริญญาตรี/เทียบเท่า","2200000003","จุฬาลงกรณ์มหาวิทยาลัย","20000724","โยธา","20260","วิศวกรรมศาสตรบัณฑิต","TH","ไทย"," "," "," ","ไม่","99999","วุฒิเริ่มบรรจุ","19910101"
"00040675","19930101","99991231","H1","ปริญญาเอก/เทียบเท่า","1200000598","Tokyo University","10000112","Bridge & Stucture","10297","Doctor of Engineering","JP","Japan"," "," ","X","ใช่","99998","ปรับวุฒิ","19950101"
"00040675","19910101","99991231","F1","ปริญญาโท/เทียบเท่า","2200000398","สถาบันเทคโนโลยีแห่งเอเชีย","10000961","Structure","10461","Master of Engineering","TH","ไทย"," "," "," ","ไม่","99998","ปรับวุฒิ","19930101"
"00040680","19810101","99991231","D1","ปริญญาตรี/เทียบเท่า","2200000003","จุฬาลงกรณ์มหาวิทยาลัย","20000878","วิศวกรรมไฟฟ้า","20260","วิศวกรรมศาสตรบัณฑิต","TH","ไทย"," "," "," ","ไม่","99999","วุฒิเริ่มบรรจุ","19850101"
"00040680","19890101","99991231","H1","ปริญญาเอก/เทียบเท่า","1200000771","University of Manchester","10000223","Control Engineering","10527","Philosophy Degree","US","USA"," "," ","X","ใช่","99998","ปรับวุฒิ","19950101"
"00040680","19850101","99991231","F1","ปริญญาโท/เทียบเท่า","2200000003","จุฬาลงกรณ์มหาวิทยาลัย","20000878","วิศวกรรมไฟฟ้า","20261","วิศวกรรมศาสตรมหาบัณฑิต","TH","ไทย"," "," "," ","ไม่","99998","ปรับวุฒิ","19880101"
"00040681","19910101","99991231","F1","ปริญญาโท/เทียบเท่า","1200000733","University of Essex","10000986","Telecommunication and Information System","10503","Master of Science","GB","United Kingdom"," "," "," ","ไม่","99998","ปรับวุฒิ","19920101"
"00040681","19860101","99991231","D1","ปริญญาตรี/เทียบเท่า","2200000003","จุฬาลงกรณ์มหาวิทยาลัย","00000000","--ไม่สามารถระบุได้--","20260","วิศวกรรมศาสตรบัณฑิต","TH","ไทย"," "," "," ","ไม่","99999","วุฒิเริ่มบรรจุ","19900101"
"00040681","19920101","99991231","H1","ปริญญาเอก/เทียบเท่า","1200000733","University of Essex","10000328","Electronic Systems Engineering","10314","Doctor of Philosophy","GB","United Kingdom"," "," ","X","ใช่","99998","ปรับวุฒิ","19970101"
"00040689","19880101","99991231","D1","ปริญญาตรี/เทียบเท่า","2200000003","จุฬาลงกรณ์มหาวิทยาลัย","00000000","--ไม่สามารถระบุได้--","20260","วิศวกรรมศาสตรบัณฑิต","TH","ไทย"," "," "," ","ไม่","99999","วุฒิเริ่มบรรจุ","19920101"
"00040689","19931001","99991231","H1","ปริญญาเอก/เทียบเท่า","1200000220","Imperial College University of London","10000147","Chemical Engineering","10314","Doctor of Philosophy","GB","United Kingdom"," "," ","X","ใช่","99998","ปรับวุฒิ","19970701"
"00040689","19920101","99991231","F1","ปริญญาโท/เทียบเท่า","1200000220","Imperial College University of London","10000020","Advertising Chemical Engineer","10503","Master of Science","GB","United Kingdom"," "," "," ","ไม่","99998","ปรับวุฒิ","19930101"
"10019158","20080602","99991231","D1","ปริญญาตรี/เทียบเท่า","2200000008","มหาวิทยาลัยกรุงเทพ","20000111","การประชาสัมพันธ์","20037","นิเทศศาสตรบัณฑิต","TH","ไทย"," "," ","X","ใช่","99999","วุฒิเริ่มบรรจุ","20120709"
"10019160","20010530","99991231","D1","ปริญญาตรี/เทียบเท่า","2200000003","จุฬาลงกรณ์มหาวิทยาลัย","20000891","วิศวกรรมสำรวจ","20260","วิศวกรรมศาสตรบัณฑิต","TH","ไทย"," "," "," ","ไม่","99997","วุฒิเพิ่มเติม","20050503"
"10019160","20090112","99991231","H1","ปริญญาเอก/เทียบเท่า","1200000671","University College, London","10000171","Civil and Environmental Engineering","10318","Doctor of Pilosophy","TH","ไทย"," "," ","X","ใช่","99999","วุฒิเริ่มบรรจุ","20140228"
"10019160","20050531","99991231","F1","ปริญญาโท/เทียบเท่า","2200000003","จุฬาลงกรณ์มหาวิทยาลัย","20000452","เทคโนโลยีสารสนเทศทางธุรกิจ","20258","วิทยาศาสตรมหาบัณฑิต","TH","ไทย"," "," "," ","ไม่","99997","วุฒิเพิ่มเติม","20071114"
"10019161","","99991231","F1","ปริญญาโท/เทียบเท่า","1200000424","Oregon State University","10000147","Chemical Engineering","10503","Master of Science","US","USA"," "," "," ","ไม่","99997","วุฒิเพิ่มเติม","20081212"
"10019161","20020530","99991231","D1","ปริญญาตรี/เทียบเท่า","2200000003","จุฬาลงกรณ์มหาวิทยาลัย","20000871","วิศวกรรมเคมี","20260","วิศวกรรมศาสตรบัณฑิต","TH","ไทย"," "," "," ","ไม่","99997","วุฒิเพิ่มเติม","20060418"
"10019161","","99991231","H1","ปริญญาเอก/เทียบเท่า","1200000424","Oregon State University","10000147","Chemical Engineering","10314","Doctor of Philosophy","US","USA"," "," ","X","ใช่","99999","วุฒิเริ่มบรรจุ","20130615"
"10017567","20010611","99991231","D1","ปริญญาตรี/เทียบเท่า","2200000054","มหาวิทยาลัยราชภัฏจันทรเกษม","20000247","คอมพิวเตอร์ธุรกิจ","20014","ครุศาสตรบัณฑิต","TH","ไทย"," "," ","X","ใช่","99999","วุฒิเริ่มบรรจุ","20051022"
"00039150","19970902","99991231","F1","ปริญญาโท/เทียบเท่า","2200000003","จุฬาลงกรณ์มหาวิทยาลัย","20000878","วิศวกรรมไฟฟ้า","20261","วิศวกรรมศาสตรมหาบัณฑิต","TH","ไทย"," "," ","X","ใช่","99998","ปรับวุฒิ","19980101"
"00039150","19900101","99991231","D1","ปริญญาตรี/เทียบเท่า","2200000003","จุฬาลงกรณ์มหาวิทยาลัย","20000878","วิศวกรรมไฟฟ้า","20260","วิศวกรรมศาสตรบัณฑิต","TH","ไทย"," "," "," ","ไม่","99999","วุฒิเริ่มบรรจุ","19940101"
"00039373","19920101","99991231","F1","ปริญญาโท/เทียบเท่า","1200000595","Tokyo Institute of Technology","10000320","Electrical and Electronic Engineering","10461","Master of Engineering","JP","Japan"," "," "," ","ไม่","99998","ปรับวุฒิ","19940101"
"00039373","19870101","99991231","D1","ปริญญาตรี/เทียบเท่า","2200000003","จุฬาลงกรณ์มหาวิทยาลัย","20000878","วิศวกรรมไฟฟ้า","20260","วิศวกรรมศาสตรบัณฑิต","TH","ไทย"," "," "," ","ไม่","99999","วุฒิเริ่มบรรจุ","19910101"
"00039373","","99991231","H1","ปริญญาเอก/เทียบเท่า","2200000003","จุฬาลงกรณ์มหาวิทยาลัย","20000878","วิศวกรรมไฟฟ้า","20259","วิศวกรรมศาสตรดุษฎีบัณฑิต","TH","ไทย"," "," ","X","ใช่","99997","วุฒิเพิ่มเติม","19990601"
"00039380","19990301","99991231","F1","ปริญญาโท/เทียบเท่า","1200000423","Old Dominion University","10000364","Environmental Engineering","10461","Master of Engineering","US","USA"," "," "," ","ไม่","99998","ปรับวุฒิ","20010515"
"00039380","","99991231","H1","ปริญญาเอก/เทียบเท่า","0000000000","--ไม่สามารถระบุได้--","00000000","--ไม่สามารถระบุได้--","10314","Doctor of Philosophy","US","USA"," "," "," ","ไม่","99997","วุฒิเพิ่มเติม","20100601"
"00039380","19920101","99991231","D1","ปริญญาตรี/เทียบเท่า","2200000015","มหาวิทยาลัยเชียงใหม่","20000892","วิศวกรรมสิ่งแวดล้อม","20260","วิศวกรรมศาสตรบัณฑิต","TH","ไทย"," "," "," ","ไม่","99999","วุฒิเริ่มบรรจุ","19960101"
"00039380","","99991231","H1","ปริญญาเอก/เทียบเท่า","1200000912","Washington University","10000364","Environmental Engineering","10314","Doctor of Philosophy","US","USA"," "," ","X","ใช่","99998","ปรับวุฒิ","20090820"
"00039381","19880101","99991231","F1","ปริญญาโท/เทียบเท่า","2200000003","จุฬาลงกรณ์มหาวิทยาลัย","20000724","โยธา","20261","วิศวกรรมศาสตรมหาบัณฑิต","TH","ไทย"," "," "," ","ไม่","99998","ปรับวุฒิ","19910101"
"00039381","19840101","99991231","D1","ปริญญาตรี/เทียบเท่า","2200000003","จุฬาลงกรณ์มหาวิทยาลัย","20000724","โยธา","20260","วิศวกรรมศาสตรบัณฑิต","TH","ไทย"," "," "," ","ไม่","99999","วุฒิเริ่มบรรจุ","19880101"
"00039381","19910901","99991231","H1","ปริญญาเอก/เทียบเท่า","1200000338","Michigan State University","10000172","Civil Engineering","10527","Philosophy Degree","US","USA"," "," ","X","ใช่","99998","ปรับวุฒิ","19960601"
"00039385","19890101","99991231","C3","ปวส.หรือเทียบเท่า","2100000306","โรงเรียนเทคนิควิทยา","20000342","ช่างอิเล็กทรอนิกส์","20172","ประกาศนียบัตรวิชาชีพชั้นสูง","TH","ไทย"," "," ","X","ใช่","99999","วุฒิเริ่มบรรจุ","19910101"
"00039409","20010101","99991231","D1","ปริญญาตรี/เทียบเท่า","2200000023","มหาวิทยาลัยเทคโนโลยีราชมงคล","20000899","วิศวกรรมอุตสาหการ","20260","วิศวกรรมศาสตรบัณฑิต","TH","ไทย"," "," ","X","ใช่","99998","ปรับวุฒิ","20050306"
"00039409","19900101","99991231","C3","ปวส.หรือเทียบเท่า","2200000233","วิทยาลัยเทคนิคนครพนม","20000319","ช่างกลโรงงาน","20172","ประกาศนียบัตรวิชาชีพชั้นสูง","TH","ไทย"," "," "," ","ไม่","99999","วุฒิเริ่มบรรจุ","19960101"
"10020441","20010610","99991231","D1","ปริญญาตรี/เทียบเท่า","2200000061","มหาวิทยาลัยราชภัฏสวนดุสิต","20000490","นิเทศศาสตร์","20312","ศิลปศาสตรบัณฑิต","TH","ไทย"," "," ","X","ใช่","99999","วุฒิเริ่มบรรจุ","20050331"
"00039428","19890101","99991231","D1","ปริญญาตรี/เทียบเท่า","2200000003","จุฬาลงกรณ์มหาวิทยาลัย","20000873","วิศวกรรมเครื่องกล","20260","วิศวกรรมศาสตรบัณฑิต","TH","ไทย"," "," "," ","ไม่","99999","วุฒิเริ่มบรรจุ","19930101"
"00039428","19980101","99991231","H1","ปริญญาเอก/เทียบเท่า","1200000852","University of Tokyo","10000650","Mechanical Engineering","10297","Doctor of Engineering","JP","Japan"," "," ","X","ใช่","99998","ปรับวุฒิ","20000929"
"00039428","19940101","99991231","F1","ปริญญาโท/เทียบเท่า","2200000003","จุฬาลงกรณ์มหาวิทยาลัย","20000873","วิศวกรรมเครื่องกล","20261","วิศวกรรมศาสตรมหาบัณฑิต","TH","ไทย"," "," "," ","ไม่","99998","ปรับวุฒิ","19960101"
"10026266","20130530","99991231","D1","ปริญญาตรี/เทียบเท่า","2200000003","จุฬาลงกรณ์มหาวิทยาลัย","20000870","วิศวกรรมคอมพิวเตอร์","20260","วิศวกรรมศาสตรบัณฑิต","TH","ไทย","00","เกียรตินิยมอันดับ 1"," ","ไม่","99997","วุฒิเพิ่มเติม","20170717"
"10026266","20200401","99991231","H1","ปริญญาเอก/เทียบเท่า","1200000428","Osaka University","10001315","Information Science and Technology","10297","Doctor of Engineering","JP","Japan"," "," ","X","ใช่","99999","วุฒิเริ่มบรรจุ","20240325"
"10026266","20180401","99991231","F1","ปริญญาโท/เทียบเท่า","1200000428","Osaka University","10001315","Information Science and Technology","10503","Master of Science","JP","Japan"," "," "," ","ไม่","99997","วุฒิเพิ่มเติม","20200325"
"00039450","19910101","99991231","F1","ปริญญาโท/เทียบเท่า","1200000851","University of Tokoyo","10001032","Urban Engineering","10461","Master of Engineering","JP","Japan"," "," "," ","ไม่","99998","ปรับวุฒิ","19930101"
"00039450","19870101","99991231","D1","ปริญญาตรี/เทียบเท่า","2200000003","จุฬาลงกรณ์มหาวิทยาลัย","20000892","วิศวกรรมสิ่งแวดล้อม","20260","วิศวกรรมศาสตรบัณฑิต","TH","ไทย"," "," "," ","ไม่","99999","วุฒิเริ่มบรรจุ","19910101"
"00039450","19930101","99991231","H1","ปริญญาเอก/เทียบเท่า","1200000851","University of Tokoyo","10001032","Urban Engineering","10314","Doctor of Philosophy","JP","Japan"," "," ","X","ใช่","99998","ปรับวุฒิ","19960101"
"00039459","19970902","99991231","F1","ปริญญาโท/เทียบเท่า","1200000880","University of Wisconsin, Madison","10000103","Biomedical Science","10462","Master of Engineering Science","US","USA"," "," "," ","ไม่","99997","วุฒิเพิ่มเติม","19990516"
"00039459","19920528","99991231","D1","ปริญญาตรี/เทียบเท่า","2200000003","จุฬาลงกรณ์มหาวิทยาลัย","20000878","วิศวกรรมไฟฟ้า","20260","วิศวกรรมศาสตรบัณฑิต","TH","ไทย"," "," "," ","ไม่","99999","วุฒิเริ่มบรรจุ","19960522"
"00039459","19990614","99991231","H1","ปริญญาเอก/เทียบเท่า","1200000881","University of Wisconsin-Madison","10000103","Biomedical Science","10314","Doctor of Philosophy","US","USA"," "," ","X","ใช่","99997","วุฒิเพิ่มเติม","20031221"
"10018756","19920508","99991231","C3","ปวส.หรือเทียบเท่า","2200000254","วิทยาลัยเทคนิคมีนบุรี","20000332","ช่างไฟฟ้ากำลัง","20172","ประกาศนียบัตรวิชาชีพชั้นสูง","TH","ไทย"," "," ","X","ใช่","99999","วุฒิเริ่มบรรจุ","19940325"
"00039461","19880501","99991231","D1","ปริญญาตรี/เทียบเท่า","2200000003","จุฬาลงกรณ์มหาวิทยาลัย","20000871","วิศวกรรมเคมี","20260","วิศวกรรมศาสตรบัณฑิต","TH","ไทย"," "," "," ","ไม่","99999","วุฒิเริ่มบรรจุ","19920330"
"00039461","19931001","99991231","H1","ปริญญาเอก/เทียบเท่า","0000000000","--ไม่สามารถระบุได้--","10000147","Chemical Engineering","10527","Philosophy Degree","GB","United Kingdom"," "," ","X","ใช่","99998","ปรับวุฒิ","19960930"
"00039461","19921001","99991231","F1","ปริญญาโท/เทียบเท่า","0000000000","--ไม่สามารถระบุได้--","00000000","--ไม่สามารถระบุได้--","10503","Master of Science","GB","United Kingdom"," "," "," ","ไม่","99998","ปรับวุฒิ","19930930"
"10018793","20040531","99991231","F1","ปริญญาโท/เทียบเท่า","2200000003","จุฬาลงกรณ์มหาวิทยาลัย","20000871","วิศวกรรมเคมี","20261","วิศวกรรมศาสตรมหาบัณฑิต","TH","ไทย"," "," "," ","ไม่","99997","วุฒิเพิ่มเติม","20060526"
"10018793","20000524","99991231","D1","ปริญญาตรี/เทียบเท่า","2200000003","จุฬาลงกรณ์มหาวิทยาลัย","20000871","วิศวกรรมเคมี","20260","วิศวกรรมศาสตรบัณฑิต","TH","ไทย"," "," "," ","ไม่","99997","วุฒิเพิ่มเติม","20040427"
"10018793","20060601","99991231","H1","ปริญญาเอก/เทียบเท่า","2200000003","จุฬาลงกรณ์มหาวิทยาลัย","20000871","วิศวกรรมเคมี","20259","วิศวกรรมศาสตรดุษฎีบัณฑิต","TH","ไทย"," "," ","X","ใช่","99999","วุฒิเริ่มบรรจุ","20091026"
"00040461","19910101","99991231","F1","ปริญญาโท/เทียบเท่า","1200000767","University of London","10000216","Computing Science","10503","Master of Science","GB","United Kingdom"," "," "," ","ไม่","99998","ปรับวุฒิ","19920101"
"00040461","19850101","99991231","D1","ปริญญาตรี/เทียบเท่า","2200000003","จุฬาลงกรณ์มหาวิทยาลัย","20000245","คอมพิวเตอร์","20328","สถิติศาสตรบัณฑิต","TH","ไทย"," "," "," ","ไม่","99999","วุฒิเริ่มบรรจุ","19890101"
"00040461","19930101","99991231","H1","ปริญญาเอก/เทียบเท่า","1200000758","University of Kent at Canterbury","10000213","Computer Science","10314","Doctor of Philosophy","GB","United Kingdom"," "," ","X","ใช่","99998","ปรับวุฒิ","19970101"
"00040510","19960617","99991231","D1","ปริญญาตรี/เทียบเท่า","2200000430","สถาบันราชภัฎสมเด็จเจ้าพระยา","20000254","เคมี","20256","วิทยาศาสตรบัณฑิต","TH","ไทย"," "," ","X","ใช่","99998","ปรับวุฒิ","19980626"
"00040510","19940101","99991231","C3","ปวส.หรือเทียบเท่า","2200000434","สถาบันราชภัฎหมู่บ้านจอมบึง","20000261","เคมีปฏิบัติ","20364","อนุปริญญาวิทยาศาสตร์","TH","ไทย"," "," "," ","ไม่","99999","วุฒิเริ่มบรรจุ","19960301"
"00040541","","99991231","D1","ปริญญาตรี/เทียบเท่า","2200000209","วิทยาลัยช่างกลปทุมวัน","00000000","--ไม่สามารถระบุได้--","20016","ครุศาสตร์อุตสาหกรรมบัณฑิต","TH","ไทย"," "," ","X","ใช่","99999","วุฒิเริ่มบรรจุ","19980928"
"00034230","","99991231","A2","ประถมศึกษาตอนปลาย","0000000000","--ไม่สามารถระบุได้--","00000000","--ไม่สามารถระบุได้--","20195","ประถมศึกษาตอนปลาย","TH","ไทย"," "," ","X","ใช่","99999","วุฒิเริ่มบรรจุ","19990902"
"00040549","19880101","99991231","F1","ปริญญาโท/เทียบเท่า","2200000003","จุฬาลงกรณ์มหาวิทยาลัย","20000883","วิศวกรรมโยธา","20261","วิศวกรรมศาสตรมหาบัณฑิต","TH","ไทย"," "," "," ","ไม่","99998","ปรับวุฒิ","19910101"
"00040549","19790101","99991231","D1","ปริญญาตรี/เทียบเท่า","2200000003","จุฬาลงกรณ์มหาวิทยาลัย","20000883","วิศวกรรมโยธา","20260","วิศวกรรมศาสตรบัณฑิต","TH","ไทย"," "," "," ","ไม่","99999","วุฒิเริ่มบรรจุ","19830101"
"00040549","19930501","99991231","H1","ปริญญาเอก/เทียบเท่า","2200000398","สถาบันเทคโนโลยีแห่งเอเชีย","20001073","แหล่งน้ำ","20259","วิศวกรรมศาสตรดุษฎีบัณฑิต","TH","ไทย"," "," ","X","ใช่","99998","ปรับวุฒิ","19961220"
"00040550","19830111","99991231","D1","ปริญญาตรี/เทียบเท่า","2200000003","จุฬาลงกรณ์มหาวิทยาลัย","20000883","วิศวกรรมโยธา","20260","วิศวกรรมศาสตรบัณฑิต","TH","ไทย"," "," "," ","ไม่","99999","วุฒิเริ่มบรรจุ","19870101"
"00040550","19890101","99991231","H1","ปริญญาเอก/เทียบเท่า","1200000852","University of Tokyo","10000172","Civil Engineering","10297","Doctor of Engineering","JP","Japan"," "," ","X","ใช่","99998","ปรับวุฒิ","19920101"
"00040550","19870101","99991231","F1","ปริญญาโท/เทียบเท่า","1200000852","University of Tokyo","10000172","Civil Engineering","10461","Master of Engineering","JP","Japan"," "," "," ","ไม่","99998","ปรับวุฒิ","19890101"
"10019365","20060605","99991231","D1","ปริญญาตรี/เทียบเท่า","2200000064","มหาวิทยาลัยราชภัฏอุบลราชธานี","00000000","--ไม่สามารถระบุได้--","20256","วิทยาศาสตรบัณฑิต","TH","ไทย"," "," ","X","ใช่","99999","วุฒิเริ่มบรรจุ","20110330"
"10003178","19930401","99991231","F1","ปริญญาโท/เทียบเท่า","1200000424","Oregon State University","00000000","--ไม่สามารถระบุได้--","10503","Master of Science","US","USA"," "," "," ","ไม่","99999","วุฒิเริ่มบรรจุ","19950601"
"10003178","19880606","99991231","D1","ปริญญาตรี/เทียบเท่า","2200000003","จุฬาลงกรณ์มหาวิทยาลัย","20000259","เคมีเทคนิค","20256","วิทยาศาสตรบัณฑิต","TH","ไทย"," "," "," ","ไม่","99997","วุฒิเพิ่มเติม","19920501"
"10003178","19970601","99991231","H1","ปริญญาเอก/เทียบเท่า","1200000179","Georgia Institute of Technology","10000147","Chemical Engineering","10314","Doctor of Philosophy","US","USA"," "," ","X","ใช่","99997","วุฒิเพิ่มเติม","20010601"
"00040670","","99991231","H1","ปริญญาเอก/เทียบเท่า","1200000671","University College, London","10000896","Remote Sensing, Photogeology","10314","Doctor of Philosophy","GB","United Kingdom"," "," ","X","ใช่","99997","วุฒิเพิ่มเติม","20040531"
"00040670","19930101","99991231","D1","ปริญญาตรี/เทียบเท่า","2200000003","จุฬาลงกรณ์มหาวิทยาลัย","20000891","วิศวกรรมสำรวจ","20260","วิศวกรรมศาสตรบัณฑิต","TH","ไทย"," "," "," ","ไม่","99999","วุฒิเริ่มบรรจุ","19970101"
"00040671","20000101","99991231","H1","ปริญญาเอก/เทียบเท่า","1200000781","University of Michigan","10000364","Environmental Engineering","10314","Doctor of Philosophy","US","USA"," "," ","X","ใช่","99999","วุฒิเริ่มบรรจุ","20040801"
"00040671","20040101","99991231","E1","สูงกว่าตรี/ต่ำกว่าโท","1200000609","Tufts University","10001062","Water Resources","10174","Certificate Post-Degree","US","USA"," "," "," ","ไม่","99997","วุฒิเพิ่มเติม","20050501"
"00040673","","99991231","H1","ปริญญาเอก/เทียบเท่า","1200000852","University of Tokyo","10000147","Chemical Engineering","10314","Doctor of Philosophy","JP","Japan"," "," ","X","ใช่","99998","ปรับวุฒิ","20100601"
"00040673","19930101","99991231","D1","ปริญญาตรี/เทียบเท่า","2200000003","จุฬาลงกรณ์มหาวิทยาลัย","20000871","วิศวกรรมเคมี","20260","วิศวกรรมศาสตรบัณฑิต","TH","ไทย"," "," "," ","ไม่","99999","วุฒิเริ่มบรรจุ","19970101"
"00040677","19940101","99991231","D1","ปริญญาตรี/เทียบเท่า","2200000421","สถาบันราชภัฎเพชรบูรณ์","20001128","อุตสาหกรรม","20256","วิทยาศาสตรบัณฑิต","TH","ไทย"," "," "," ","ไม่","99999","วุฒิเริ่มบรรจุ","19960101"
"00040677","20050625","99991231","C1","ปวช.หรือเทียบเท่า","2200000421","สถาบันราชภัฎเพชรบูรณ์","20000159","การศึกษา","20170","ประกาศนียบัตรวิชาชีพ","TH","ไทย"," "," "," ","ไม่","99998","ปรับวุฒิ","20060425"
"00040677","20070526","99991231","F1","ปริญญาโท/เทียบเท่า","2200000020","มหาวิทยาลัยเทคโนโลยีพระจอมเกล้าธนบุรี","20000899","วิศวกรรมอุตสาหการ","20017","ครุศาสตร์อุตสาหกรรมมหาบัณฑิต","TH","ไทย"," "," ","X","ใช่","99997","วุฒิเพิ่มเติม","20091022"
"00040678","19930101","99991231","C3","ปวส.หรือเทียบเท่า","2200000255","วิทยาลัยเทคนิคยโสธร","20000326","ช่างเทคนิคการผลิต","20172","ประกาศนียบัตรวิชาชีพชั้นสูง","TH","ไทย"," "," ","X","ใช่","99999","วุฒิเริ่มบรรจุ","19950101"
"00040679","","99991231","F1","ปริญญาโท/เทียบเท่า","1200000564","Technion Israel Institute of Technology","10001063","Water Resources Engineering and Manageme","10503","Master of Science","IL","Israel"," "," "," ","ไม่","99998","ปรับวุฒิ","19780101"
"00040679","19670101","99991231","D1","ปริญญาตรี/เทียบเท่า","2200000003","จุฬาลงกรณ์มหาวิทยาลัย","00000000","--ไม่สามารถระบุได้--","20260","วิศวกรรมศาสตรบัณฑิต","TH","ไทย"," "," "," ","ไม่","99999","วุฒิเริ่มบรรจุ","19690101"
"00040679","","99991231","H1","ปริญญาเอก/เทียบเท่า","1200000140","Ecole Nt.Sup. Agronomique De Rennes","10000484","Hydraulique of Climatologie Agricoles","10281","Docteur Ingenieur En Agronomic","FR","France"," "," ","X","ใช่","99998","ปรับวุฒิ","19880726"
"10019519","20160727","99991231","F1","ปริญญาโท/เทียบเท่า","2200000003","จุฬาลงกรณ์มหาวิทยาลัย","20001182","เทคโนโลยีและการจัดการพลังงาน","20258","วิทยาศาสตรมหาบัณฑิต","TH","ไทย"," "," ","X","ใช่","99999","วุฒิเริ่มบรรจุ","20180808"
"10019519","20030602","99991231","D1","ปริญญาตรี/เทียบเท่า","2200000021","มหาวิทยาลัยเทคโนโลยีพระจอมเกล้าพระนครเหนือ","20000878","วิศวกรรมไฟฟ้า","20016","ครุศาสตร์อุตสาหกรรมบัณฑิต","TH","ไทย"," "," "," ","ไม่","99997","วุฒิเพิ่มเติม","20080321"
"10019159","20100527","99991231","D1","ปริญญาตรี/เทียบเท่า","2200000003","จุฬาลงกรณ์มหาวิทยาลัย","20000820","วิทยาศาสตร์การกีฬา","20256","วิทยาศาสตรบัณฑิต","TH","ไทย"," "," ","X","ใช่","99999","วุฒิเริ่มบรรจุ","20140418"
"00040760","19940101","99991231","C3","ปวส.หรือเทียบเท่า","2200000416","สถาบันราชภัฎพระนคร","20000261","เคมีปฏิบัติ","20364","อนุปริญญาวิทยาศาสตร์","TH","ไทย"," "," "," ","ไม่","99999","วุฒิเริ่มบรรจุ","19960101"
"00040760","19960617","99991231","D1","ปริญญาตรี/เทียบเท่า","2200000416","สถาบันราชภัฎพระนคร","00000000","--ไม่สามารถระบุได้--","20014","ครุศาสตรบัณฑิต","TH","ไทย"," "," ","X","ใช่","99997","วุฒิเพิ่มเติม","19981109"
"10019267","20070528","99991231","F1","ปริญญาโท/เทียบเท่า","2200000021","มหาวิทยาลัยเทคโนโลยีพระจอมเกล้าพระนครเหนือ","20000451","เทคโนโลยีสารสนเทศ","20258","วิทยาศาสตรมหาบัณฑิต","TH","ไทย"," "," ","X","ใช่","99999","วุฒิเริ่มบรรจุ","20090320"
"10019267","20050601","99991231","D1","ปริญญาตรี/เทียบเท่า","2200000442","มหาวิทยาลัยเทคโนโลยีราชมงคลล้านนา","00000000","--ไม่สามารถระบุได้--","20043","บริหารธุรกิจบัณฑิต","TH","ไทย"," "," "," ","ไม่","99997","วุฒิเพิ่มเติม","20070225"
"10019285","19900528","99991231","C3","ปวส.หรือเทียบเท่า","2200000391","สถาบันเทคโนโลยีราชมงคล วิทยาเขตพายัพ","20000724","โยธา","20172","ประกาศนียบัตรวิชาชีพชั้นสูง","TH","ไทย"," "," ","X","ใช่","99999","วุฒิเริ่มบรรจุ","19920513"
"10019319","","99991231","D1","ปริญญาตรี/เทียบเท่า","1200000865","University of Virginia","10000213","Computer Science","10052","Bachelor of Science","US","USA"," "," "," ","ไม่","99997","วุฒิเพิ่มเติม","20070520"
"10019319","","99991231","H1","ปริญญาเอก/เทียบเท่า","1200000865","University of Virginia","10000213","Computer Science","10314","Doctor of Philosophy","US","USA"," "," ","X","ใช่","99999","วุฒิเริ่มบรรจุ","20110522"
"10019366","20080608","99991231","D1","ปริญญาตรี/เทียบเท่า","2200000056","มหาวิทยาลัยราชภัฏบ้านสมเด็จเจ้าพระยา","20000254","เคมี","20256","วิทยาศาสตรบัณฑิต","TH","ไทย"," "," ","X","ใช่","99999","วุฒิเริ่มบรรจุ","20131212"
"10022656","20100614","99991231","D1","ปริญญาตรี/เทียบเท่า","2200000011","มหาวิทยาลัยเกษตรศาสตร์","20000771","วรรณคดี","20312","ศิลปศาสตรบัณฑิต","TH","ไทย","01","เกียรตินิยมอันดับ 2"," ","ไม่","99999","วุฒิเริ่มบรรจุ","20140324"
"10022656","20170819","99991231","F1","ปริญญาโท/เทียบเท่า","2200000011","มหาวิทยาลัยเกษตรศาสตร์","20000677","ภาษาศาสตร์ประยุกต์","20313","ศิลปศาสตรมหาบัณฑิต","TH","ไทย"," "," ","X","ใช่","99997","วุฒิเพิ่มเติม","20220117"
"10022656","20170819","99991231","F1","ปริญญาโท/เทียบเท่า","2200000011","มหาวิทยาลัยเกษตรศาสตร์","20000677","ภาษาศาสตร์ประยุกต์","20313","ศิลปศาสตรมหาบัณฑิต","TH","ไทย"," "," "," ","ไม่","99997","วุฒิเพิ่มเติม","20220117"
"10023893","20161214","99991231","H1","ปริญญาเอก/เทียบเท่า","2200000003","จุฬาลงกรณ์มหาวิทยาลัย","20000891","วิศวกรรมสำรวจ","20259","วิศวกรรมศาสตรดุษฎีบัณฑิต","TH","ไทย"," "," ","X","ใช่","99999","วุฒิเริ่มบรรจุ","20210705"
"10017745","19950101","99991231","C1","ปวช.หรือเทียบเท่า","2100000001","กรุงเทพการบัญชีวิทยาลัย","20000528","บัญชี","20170","ประกาศนียบัตรวิชาชีพ","TH","ไทย"," "," "," ","ไม่","99997","วุฒิเพิ่มเติม","19970325"
"10017745","20140608","99991231","D1","ปริญญาตรี/เทียบเท่า","2200000297","วิทยาลัยนอร์ทกรุงเทพ","20000047","การจัดการ","20043","บริหารธุรกิจบัณฑิต","TH","ไทย"," "," ","X","ใช่","99997","วุฒิเพิ่มเติม","20161022"
"10017745","19950516","99991231","C3","ปวส.หรือเทียบเท่า","2100000752","โรงเรียนพณิชยการรัตนโกสินทร์","20000073","การตลาด","20172","ประกาศนียบัตรวิชาชีพชั้นสูง","TH","ไทย"," "," "," ","ไม่","99999","วุฒิเริ่มบรรจุ","20000325"
"10019413","20050306","99991231","D1","ปริญญาตรี/เทียบเท่า","2200000062","มหาวิทยาลัยราชภัฏสวนสุนันทา","20001133","อุตสาหกรรมท่องเที่ยว","20312","ศิลปศาสตรบัณฑิต","TH","ไทย"," "," ","X","ใช่","99999","วุฒิเริ่มบรรจุ","20121209"
"10023992","","99991231","B2","มัธยมศึกษาตอนปลาย","0000000000","--ไม่สามารถระบุได้--","20000716","มัธยมศึกษา","20243","มัธยมศึกษาตอนปลาย","TH","ไทย"," "," ","X","ใช่","99999","วุฒิเริ่มบรรจุ","20030325"
"10026147","","99991231","H1","ปริญญาเอก/เทียบเท่า","1200000739","University of Georgia","10000813","Physics","10314","Doctor of Philosophy","US","USA"," "," ","X","ใช่","99999","วุฒิเริ่มบรรจุ","20210809"
"80004754","","99991231","H1","ปริญญาเอก/เทียบเท่า","1200000689","University of Amsterdam","00000000","--ไม่สามารถระบุได้--","00001","--ไม่สามารถระบุได้--","NL","Netherlands"," "," "," ","ไม่","00001","--ไม่สามารถระบุได้--","20190401"
"00041031","","99991231","B1","มัธยมศึกษาตอนต้น","2100001319","โรงเรียนศรีเมืองวิทยาคาร","20000343","ช่างอุตสาหกรรม","20242","มัธยมศึกษาตอนต้น","TH","ไทย"," "," ","X","ใช่","99999","วุฒิเริ่มบรรจุ","19990902"
"10019649","20100520","99991231","D1","ปริญญาตรี/เทียบเท่า","2200000077","มหาวิทยาลัยศิลปากร","20000860","วิทยาศาสตร์สิ่งแวดล้อม","20256","วิทยาศาสตรบัณฑิต","TH","ไทย"," "," ","X","ใช่","99999","วุฒิเริ่มบรรจุ","20140302"
"00041053","20030108","99991231","H1","ปริญญาเอก/เทียบเท่า","1200000574","Texas Tech University","20000899","วิศวกรรมอุตสาหการ","10317","Doctor of Physiology","US","USA"," "," ","X","ใช่","99998","ปรับวุฒิ","20081213"
"00041053","19930101","99991231","D1","ปริญญาตรี/เทียบเท่า","2200000003","จุฬาลงกรณ์มหาวิทยาลัย","20000899","วิศวกรรมอุตสาหการ","20260","วิศวกรรมศาสตรบัณฑิต","TH","ไทย"," "," "," ","ไม่","99999","วุฒิเริ่มบรรจุ","19970101"
"00041055","19930101","99991231","D1","ปริญญาตรี/เทียบเท่า","2200000003","จุฬาลงกรณ์มหาวิทยาลัย","20000873","วิศวกรรมเครื่องกล","20260","วิศวกรรมศาสตรบัณฑิต","TH","ไทย"," "," ","X","ใช่","99999","วุฒิเริ่มบรรจุ","19970101"
"10019653","20080401","99991231","D1","ปริญญาตรี/เทียบเท่า","2200000051","มหาวิทยาลัยรังสิต","00000000","--ไม่สามารถระบุได้--","20043","บริหารธุรกิจบัณฑิต","TH","ไทย"," "," ","X","ใช่","99999","วุฒิเริ่มบรรจุ","20120408"
"10017230","19900601","99991231","D1","ปริญญาตรี/เทียบเท่า","2200000003","จุฬาลงกรณ์มหาวิทยาลัย","20000891","วิศวกรรมสำรวจ","20260","วิศวกรรมศาสตรบัณฑิต","TH","ไทย"," "," "," ","ไม่","99999","วุฒิเริ่มบรรจุ","19940301"
"10017230","19980220","99991231","H1","ปริญญาเอก/เทียบเท่า","1200000794","University of New South Wales","10000433","Geomatics","10314","Doctor of Philosophy","AU","Australia"," "," ","X","ใช่","99998","ปรับวุฒิ","20020111"
"10019765","","99991231","D1","ปริญญาตรี/เทียบเท่า","2200000049","มหาวิทยาลัยมหิดล","00000000","--ไม่สามารถระบุได้--","20031","เทคโนโลยีบัณฑิต","TH","ไทย"," "," ","X","ใช่","99999","วุฒิเริ่มบรรจุ","20140318"
"10019768","20090601","99991231","D1","ปริญญาตรี/เทียบเท่า","2200000375","สถาบันเทคโนโลยีพระจอมเกล้าเจ้าคุณทหารลาดกระบัง","20000628","พืชสวน","20256","วิทยาศาสตรบัณฑิต","TH","ไทย"," "," ","X","ใช่","99999","วุฒิเริ่มบรรจุ","20130329"
"00041233","19910101","99991231","D1","ปริญญาตรี/เทียบเท่า","1200000099","Colorado School of Mines","10000663","Metallurgical and Materials Engineering","10052","Bachelor of Science","US","USA"," "," "," ","ไม่","99999","วุฒิเริ่มบรรจุ","19950101"
"00041233","20000401","99991231","H1","ปริญญาเอก/เทียบเท่า","1200000852","University of Tokyo","10000665","Metallurgy","10314","Doctor of Philosophy","JP","Japan"," "," ","X","ใช่","99998","ปรับวุฒิ","20030328"
"00041233","19960101","99991231","F1","ปริญญาโท/เทียบเท่า","1200000550","Stevens Institute of Technology","10000632","Material","10503","Master of Science","US","USA"," "," "," ","ไม่","99998","ปรับวุฒิ","19980101"
"00041234","19900101","99991231","F1","ปริญญาโท/เทียบเท่า","1200000195","Harvard University","00000000","--ไม่สามารถระบุได้--","10210","Diploma in Engineering","DE","Germany"," "," "," ","ไม่","99997","วุฒิเพิ่มเติม","19940101"
"00041234","19840101","99991231","D1","ปริญญาตรี/เทียบเท่า","2200000003","จุฬาลงกรณ์มหาวิทยาลัย","20000891","วิศวกรรมสำรวจ","20260","วิศวกรรมศาสตรบัณฑิต","TH","ไทย"," "," "," ","ไม่","99999","วุฒิเริ่มบรรจุ","19880101"
"00041234","19940101","99991231","H1","ปริญญาเอก/เทียบเท่า","1200000625","Universitat Hannover","10000967","Survey Engineering","10349","Doktor Ingenieur","DE","Germany"," "," ","X","ใช่","99998","ปรับวุฒิ","19980101"
"00041286","19940101","99991231","D1","ปริญญาตรี/เทียบเท่า","2200000003","จุฬาลงกรณ์มหาวิทยาลัย","20000873","วิศวกรรมเครื่องกล","20260","วิศวกรรมศาสตรบัณฑิต","TH","ไทย"," "," "," ","ไม่","99999","วุฒิเริ่มบรรจุ","19970101"
"00041286","","99991231","H1","ปริญญาเอก/เทียบเท่า","1200000852","University of Tokyo","00000000","--ไม่สามารถระบุได้--","10314","Doctor of Philosophy","JP","Japan"," "," ","X","ใช่","99997","วุฒิเพิ่มเติม","20050901"
"00041287","19940101","99991231","D1","ปริญญาตรี/เทียบเท่า","2200000003","จุฬาลงกรณ์มหาวิทยาลัย","20000886","วิศวกรรมโลหการ","20260","วิศวกรรมศาสตรบัณฑิต","TH","ไทย"," "," "," ","ไม่","99999","วุฒิเริ่มบรรจุ","19980101"
"00041287","20030930","99991231","H1","ปริญญาเอก/เทียบเท่า","1200000852","University of Tokyo","10000665","Metallurgy","10314","Doctor of Philosophy","JP","Japan"," "," ","X","ใช่","99997","วุฒิเพิ่มเติม","20100601"
"00041288","19910101","99991231","D1","ปริญญาตรี/เทียบเท่า","2200000003","จุฬาลงกรณ์มหาวิทยาลัย","20000873","วิศวกรรมเครื่องกล","20260","วิศวกรรมศาสตรบัณฑิต","TH","ไทย"," "," "," ","ไม่","99999","วุฒิเริ่มบรรจุ","19940101"
"00041288","","99991231","H1","ปริญญาเอก/เทียบเท่า","1200000852","University of Tokyo","10000650","Mechanical Engineering","10314","Doctor of Philosophy","JP","Japan"," "," ","X","ใช่","99997","วุฒิเพิ่มเติม","20040325"
"00041288","19950101","99991231","F1","ปริญญาโท/เทียบเท่า","2200000003","จุฬาลงกรณ์มหาวิทยาลัย","20000873","วิศวกรรมเครื่องกล","20261","วิศวกรรมศาสตรมหาบัณฑิต","TH","ไทย"," "," "," ","ไม่","99998","ปรับวุฒิ","19970101"
"00041289","19930101","99991231","F1","ปริญญาโท/เทียบเท่า","2200000003","จุฬาลงกรณ์มหาวิทยาลัย","20000873","วิศวกรรมเครื่องกล","20261","วิศวกรรมศาสตรมหาบัณฑิต","TH","ไทย"," "," "," ","ไม่","99998","ปรับวุฒิ","19960101"
"00041289","19850101","99991231","D1","ปริญญาตรี/เทียบเท่า","2200000003","จุฬาลงกรณ์มหาวิทยาลัย","20000873","วิศวกรรมเครื่องกล","20260","วิศวกรรมศาสตรบัณฑิต","TH","ไทย"," "," "," ","ไม่","99999","วุฒิเริ่มบรรจุ","19880101"
"00041289","","99991231","H1","ปริญญาเอก/เทียบเท่า","1200000851","University of Tokoyo","10000650","Mechanical Engineering","10314","Doctor of Philosophy","JP","Japan"," "," ","X","ใช่","99997","วุฒิเพิ่มเติม","20041001"
"10011221","19920601","99991231","C3","ปวส.หรือเทียบเท่า","2100000250","โรงเรียนตั้งตรงจิตรพณิชยการ","00000000","--ไม่สามารถระบุได้--","20172","ประกาศนียบัตรวิชาชีพชั้นสูง","TH","ไทย"," "," ","X","ใช่","99999","วุฒิเริ่มบรรจุ","19940517"
"10018042","","99991231","D1","ปริญญาตรี/เทียบเท่า","2200000011","มหาวิทยาลัยเกษตรศาสตร์","20000870","วิศวกรรมคอมพิวเตอร์","20260","วิศวกรรมศาสตรบัณฑิต","TH","ไทย"," "," "," ","ไม่","99997","วุฒิเพิ่มเติม","20020309"
"10018042","","99991231","H1","ปริญญาเอก/เทียบเท่า","1200000780","University of Miami","10001075","Electrical and Computer Engineering","10314","Doctor of Philosophy","US","USA"," "," ","X","ใช่","99999","วุฒิเริ่มบรรจุ","20120511"
"10018042","","99991231","F1","ปริญญาโท/เทียบเท่า","2200000011","มหาวิทยาลัยเกษตรศาสตร์","20000870","วิศวกรรมคอมพิวเตอร์","20261","วิศวกรรมศาสตรมหาบัณฑิต","TH","ไทย"," "," "," ","ไม่","99997","วุฒิเพิ่มเติม","20041126"
"10019301","20011212","99991231","H1","ปริญญาเอก/เทียบเท่า","1200000871","University of Washington","10000650","Mechanical Engineering","10314","Doctor of Philosophy","US","USA"," "," ","X","ใช่","99998","ปรับวุฒิ","20021212"
"10019301","19890101","99991231","D1","ปริญญาตรี/เทียบเท่า","2200000003","จุฬาลงกรณ์มหาวิทยาลัย","20000273","เครื่องกล","20260","วิศวกรรมศาสตรบัณฑิต","TH","ไทย"," "," "," ","ไม่","99999","วุฒิเริ่มบรรจุ","19930101"
"10019318","","99991231","F1","ปริญญาโท/เทียบเท่า","1200000752","University of Illinois at Urbana-Champaign","10000213","Computer Science","10503","Master of Science","US","USA"," "," "," ","ไม่","99997","วุฒิเพิ่มเติม","20130923"
"10019318","19900601","99991231","D1","ปริญญาตรี/เทียบเท่า","2200000003","จุฬาลงกรณ์มหาวิทยาลัย","20000870","วิศวกรรมคอมพิวเตอร์","20260","วิศวกรรมศาสตรบัณฑิต","TH","ไทย","01","เกียรตินิยมอันดับ 2"," ","ไม่","99997","วุฒิเพิ่มเติม","19940401"
"10019318","","99991231","H1","ปริญญาเอก/เทียบเท่า","1200000752","University of Illinois at Urbana-Champaign","10000213","Computer Science","10314","Doctor of Philosophy","US","USA"," "," ","X","ใช่","99999","วุฒิเริ่มบรรจุ","20030518"
"10019393","","99991231","H1","ปริญญาเอก/เทียบเท่า","1200000179","Georgia Institute of Technology","10000499","Industrial Engineering","10314","Doctor of Philosophy","US","USA"," "," ","X","ใช่","99999","วุฒิเริ่มบรรจุ","20141213"
"10019395","20010530","99991231","D1","ปริญญาตรี/เทียบเท่า","2200000003","จุฬาลงกรณ์มหาวิทยาลัย","20000873","วิศวกรรมเครื่องกล","20260","วิศวกรรมศาสตรบัณฑิต","TH","ไทย","01","เกียรตินิยมอันดับ 2"," ","ไม่","99997","วุฒิเพิ่มเติม","20050503"
"10019395","","99991231","H1","ปริญญาเอก/เทียบเท่า","1200000424","Oregon State University","10000650","Mechanical Engineering","10314","Doctor of Philosophy","US","USA"," "," ","X","ใช่","99999","วุฒิเริ่มบรรจุ","20130322"
"10019395","","99991231","F1","ปริญญาโท/เทียบเท่า","1200000424","Oregon State University","10000650","Mechanical Engineering","10503","Master of Science","US","USA"," "," "," ","ไม่","99997","วุฒิเพิ่มเติม","20090904"
"10019414","19980522","99991231","D1","ปริญญาตรี/เทียบเท่า","2200000003","จุฬาลงกรณ์มหาวิทยาลัย","20000873","วิศวกรรมเครื่องกล","20260","วิศวกรรมศาสตรบัณฑิต","TH","ไทย","00","เกียรตินิยมอันดับ 1"," ","ไม่","99997","วุฒิเพิ่มเติม","20020522"
"10019414","","99991231","H1","ปริญญาเอก/เทียบเท่า","1200000782","University of Minnesota","00000000","--ไม่สามารถระบุได้--","10314","Doctor of Philosophy","US","USA"," "," ","X","ใช่","99999","วุฒิเริ่มบรรจุ","20110930"
"10019414","","99991231","F1","ปริญญาโท/เทียบเท่า","1200000782","University of Minnesota","00000000","--ไม่สามารถระบุได้--","10503","Master of Science","US","USA"," "," "," ","ไม่","99997","วุฒิเพิ่มเติม","20070831"
"00042152","19950101","99991231","H1","ปริญญาเอก/เทียบเท่า","1200000546","Stanford University","10000778","Petroleum Engineering","10314","Doctor of Philosophy","US","USA"," "," ","X","ใช่","99999","วุฒิเริ่มบรรจุ","19990912"
"00040767","19850101","99991231","D1","ปริญญาตรี/เทียบเท่า","2200000003","จุฬาลงกรณ์มหาวิทยาลัย","00000000","--ไม่สามารถระบุได้--","20256","วิทยาศาสตรบัณฑิต","TH","ไทย"," "," "," ","ไม่","99999","วุฒิเริ่มบรรจุ","19910101"
"00040767","19940101","99991231","H1","ปริญญาเอก/เทียบเท่า","1200000880","University of Wisconsin, Madison","10000717","Nuclear Engineering and Engineering Phys","10527","Philosophy Degree","US","USA"," "," ","X","ใช่","99998","ปรับวุฒิ","19970101"
"00040767","19910101","99991231","F1","ปริญญาโท/เทียบเท่า","1200000880","University of Wisconsin, Madison","10000715","Nuclear","10503","Master of Science","US","USA"," "," "," ","ไม่","99998","ปรับวุฒิ","19930101"
"10020095","20090615","99991231","D1","ปริญญาตรี/เทียบเท่า","2200000085","มหาวิทยาลัยหอการค้าไทย","20000111","การประชาสัมพันธ์","20037","นิเทศศาสตรบัณฑิต","TH","ไทย"," "," ","X","ใช่","99999","วุฒิเริ่มบรรจุ","20130312"
"10019462","20050601","99991231","D1","ปริญญาตรี/เทียบเท่า","2200000003","จุฬาลงกรณ์มหาวิทยาลัย","20000899","วิศวกรรมอุตสาหการ","20260","วิศวกรรมศาสตรบัณฑิต","TH","ไทย","01","เกียรตินิยมอันดับ 2"," ","ไม่","99997","วุฒิเพิ่มเติม","20100602"
"10019462","","99991231","H1","ปริญญาเอก/เทียบเท่า","1200000595","Tokyo Institute of Technology","10000500","Industrial Engineering and Management","10297","Doctor of Engineering","JP","Japan"," "," ","X","ใช่","99999","วุฒิเริ่มบรรจุ","20140326"
"10019462","","99991231","F1","ปริญญาโท/เทียบเท่า","1200000595","Tokyo Institute of Technology","00000000","--ไม่สามารถระบุได้--","10461","Master of Engineering","JP","Japan"," "," "," ","ไม่","99997","วุฒิเพิ่มเติม","20120326"
"10020022","20100607","99991231","D1","ปริญญาตรี/เทียบเท่า","2200000011","มหาวิทยาลัยเกษตรศาสตร์","20000664","ภาษาเยอรมัน","20312","ศิลปศาสตรบัณฑิต","TH","ไทย"," "," ","X","ใช่","99999","วุฒิเริ่มบรรจุ","20140324"
"00042118","19940101","99991231","C3","ปวส.หรือเทียบเท่า","0000000000","--ไม่สามารถระบุได้--","20000342","ช่างอิเล็กทรอนิกส์","20172","ประกาศนียบัตรวิชาชีพชั้นสูง","TH","ไทย"," "," "," ","ไม่","99999","วุฒิเริ่มบรรจุ","19960101"
"00042118","20000616","99991231","D1","ปริญญาตรี/เทียบเท่า","2200000378","สถาบันเทคโนโลยีราชมงคล","20000867","วิศวกรรมการวัดคุม","20260","วิศวกรรมศาสตรบัณฑิต","TH","ไทย"," "," ","X","ใช่","99997","วุฒิเพิ่มเติม","20031113"
"00040781","19970101","99991231","H1","ปริญญาเอก/เทียบเท่า","1200000752","University of Illinois at Urbana-Champaign","10000172","Civil Engineering","10527","Philosophy Degree","US","USA"," "," ","X","ใช่","99997","วุฒิเพิ่มเติม","20040101"
"00040781","19920528","99991231","D1","ปริญญาตรี/เทียบเท่า","2200000003","จุฬาลงกรณ์มหาวิทยาลัย","20000724","โยธา","20260","วิศวกรรมศาสตรบัณฑิต","TH","ไทย"," "," "," ","ไม่","99999","วุฒิเริ่มบรรจุ","19960425"
"10024107","","99991231","F1","ปริญญาโท/เทียบเท่า","2200000003","จุฬาลงกรณ์มหาวิทยาลัย","00000000","--ไม่สามารถระบุได้--","20313","ศิลปศาสตรมหาบัณฑิต","TH","ไทย"," "," "," ","ไม่","99997","วุฒิเพิ่มเติม","20140516"
"10024107","20070528","99991231","D1","ปริญญาตรี/เทียบเท่า","2200000088","มหาวิทยาลัยอัสสัมชัญ","20000586","ฝรั่งเศสธุรกิจ","20312","ศิลปศาสตรบัณฑิต","TH","ไทย"," "," "," ","ไม่","99997","วุฒิเพิ่มเติม","20150708"
"10024107","","99991231","F1","ปริญญาโท/เทียบเท่า","1200000939","Bournemouth University","10001074","Tourism Management","10503","Master of Science","GB","United Kingdom"," "," ","X","ใช่","99999","วุฒิเริ่มบรรจุ","20170309"
"00089027","19880101","99991231","D1","ปริญญาตรี/เทียบเท่า","2200000190","วิทยาลัยครูพระนคร","20000490","นิเทศศาสตร์","20312","ศิลปศาสตรบัณฑิต","TH","ไทย"," "," "," ","ไม่","99999","วุฒิเริ่มบรรจุ","19890101"
"00089027","20051119","99991231","F1","ปริญญาโท/เทียบเท่า","2200000065","มหาวิทยาลัยรามคำแหง","20000739","รัฐประศาสนศาสตร์","20313","ศิลปศาสตรมหาบัณฑิต","TH","ไทย"," "," ","X","ใช่","99997","วุฒิเพิ่มเติม","20071101"
"10019637","","99991231","H1","ปริญญาเอก/เทียบเท่า","1200000592","Tohoku University","00000000","--ไม่สามารถระบุได้--","10314","Doctor of Philosophy","JP","Japan"," "," ","X","ใช่","99999","วุฒิเริ่มบรรจุ","20060907"
"10019648","19990625","99991231","D1","ปริญญาตรี/เทียบเท่า","2200000065","มหาวิทยาลัยรามคำแหง","20000637","ฟิสิกส์","20256","วิทยาศาสตรบัณฑิต","TH","ไทย"," "," ","X","ใช่","99999","วุฒิเริ่มบรรจุ","20031030"
"10019650","19970523","99991231","D1","ปริญญาตรี/เทียบเท่า","2200000003","จุฬาลงกรณ์มหาวิทยาลัย","20000860","วิทยาศาสตร์สิ่งแวดล้อม","20256","วิทยาศาสตรบัณฑิต","TH","ไทย"," "," ","X","ใช่","99999","วุฒิเริ่มบรรจุ","20150408"
"00089102","19900101","99991231","H1","ปริญญาเอก/เทียบเท่า","1200000220","Imperial College University of London","20000871","วิศวกรรมเคมี","10527","Philosophy Degree","GB","United Kingdom"," "," ","X","ใช่","99998","ปรับวุฒิ","19940101"
"00089102","19820101","99991231","D1","ปริญญาตรี/เทียบเท่า","2200000003","จุฬาลงกรณ์มหาวิทยาลัย","00000000","--ไม่สามารถระบุได้--","20260","วิศวกรรมศาสตรบัณฑิต","TH","ไทย"," "," "," ","ไม่","99999","วุฒิเริ่มบรรจุ","19860101"
"10026230","20190617","99991231","D1","ปริญญาตรี/เทียบเท่า","2200000021","มหาวิทยาลัยเทคโนโลยีพระจอมเกล้าพระนครเหนือ","20000806","วิทยาการคอมพิวเตอร์","20256","วิทยาศาสตรบัณฑิต","TH","ไทย"," "," ","X","ใช่","99999","วุฒิเริ่มบรรจุ","20230428"
"00041190","19910101","99991231","F1","ปริญญาโท/เทียบเท่า","1200000424","Oregon State University","10000172","Civil Engineering","10503","Master of Science","US","USA"," "," "," ","ไม่","99998","ปรับวุฒิ","19930101"
"00041190","19860101","99991231","D1","ปริญญาตรี/เทียบเท่า","2200000003","จุฬาลงกรณ์มหาวิทยาลัย","20000892","วิศวกรรมสิ่งแวดล้อม","20260","วิศวกรรมศาสตรบัณฑิต","TH","ไทย"," "," "," ","ไม่","99999","วุฒิเริ่มบรรจุ","19900101"
"00041190","19930101","99991231","H1","ปริญญาเอก/เทียบเท่า","1200000424","Oregon State University","10000172","Civil Engineering","10314","Doctor of Philosophy","US","USA"," "," ","X","ใช่","99998","ปรับวุฒิ","19970101"
"00041191","19940101","99991231","D1","ปริญญาตรี/เทียบเท่า","2200000003","จุฬาลงกรณ์มหาวิทยาลัย","20000892","วิศวกรรมสิ่งแวดล้อม","20260","วิศวกรรมศาสตรบัณฑิต","TH","ไทย"," "," "," ","ไม่","99999","วุฒิเริ่มบรรจุ","19980101"
"00041191","","99991231","H1","ปริญญาเอก/เทียบเท่า","1200000852","University of Tokyo","10000364","Environmental Engineering","10314","Doctor of Philosophy","JP","Japan"," "," ","X","ใช่","99997","วุฒิเพิ่มเติม","20100601"
"00041195","","99991231","H1","ปริญญาเอก/เทียบเท่า","1200000255","ITC","10000896","Remote Sensing, Photogeology","10314","Doctor of Philosophy","NL","Netherlands"," "," ","X","ใช่","99997","วุฒิเพิ่มเติม","20100601"
"00041195","19930101","99991231","D1","ปริญญาตรี/เทียบเท่า","2200000003","จุฬาลงกรณ์มหาวิทยาลัย","20000891","วิศวกรรมสำรวจ","20260","วิศวกรรมศาสตรบัณฑิต","TH","ไทย"," "," "," ","ไม่","99999","วุฒิเริ่มบรรจุ","19970101"
"00041200","19860101","99991231","D1","ปริญญาตรี/เทียบเท่า","2200000003","จุฬาลงกรณ์มหาวิทยาลัย","20000245","คอมพิวเตอร์","20260","วิศวกรรมศาสตรบัณฑิต","TH","ไทย"," "," "," ","ไม่","99999","วุฒิเริ่มบรรจุ","19900101"
"00041200","19940101","99991231","H1","ปริญญาเอก/เทียบเท่า","1200000338","Michigan State University","10000213","Computer Science","10314","Doctor of Philosophy","US","USA"," "," ","X","ใช่","99998","ปรับวุฒิ","19980101"
"00041200","19910101","99991231","F1","ปริญญาโท/เทียบเท่า","1200000338","Michigan State University","10000213","Computer Science","10503","Master of Science","US","USA"," "," "," ","ไม่","99998","ปรับวุฒิ","19940101"
"10026231","20180625","99991231","D1","ปริญญาตรี/เทียบเท่า","2200000024","มหาวิทยาลัยเทคโนโลยีราชมงคลกรุงเทพ","20000806","วิทยาการคอมพิวเตอร์","20256","วิทยาศาสตรบัณฑิต","TH","ไทย"," "," ","X","ใช่","99999","วุฒิเริ่มบรรจุ","20230612"
"10019810","19920610","99991231","D1","ปริญญาตรี/เทียบเท่า","2200000062","มหาวิทยาลัยราชภัฏสวนสุนันทา","20000052","การจัดการทั่วไป","20312","ศิลปศาสตรบัณฑิต","TH","ไทย"," "," ","X","ใช่","99999","วุฒิเริ่มบรรจุ","19941026"
"00041281","19980504","99991231","C3","ปวส.หรือเทียบเท่า","2200000209","วิทยาลัยช่างกลปทุมวัน","20000403","เทคนิคการผลิต","20080","ประกาศนียบัตรครูเทคนิคชั้นสูง","TH","ไทย"," "," "," ","ไม่","99998","ปรับวุฒิ","20001030"
"00041281","19960101","99991231","C3","ปวส.หรือเทียบเท่า","2200000273","วิทยาลัยเทคนิคอ่างทอง","20000319","ช่างกลโรงงาน","20172","ประกาศนียบัตรวิชาชีพชั้นสูง","TH","ไทย"," "," "," ","ไม่","99999","วุฒิเริ่มบรรจุ","19980101"
"00041281","20030101","99991231","F1","ปริญญาโท/เทียบเท่า","2200000416","สถาบันราชภัฎพระนคร","20000456","เทคโนโลยีอุตสาหกรรม","20015","ครุศาสตรมหาบัณฑิต","TH","ไทย"," "," ","X","ใช่","99998","ปรับวุฒิ","20051229"
"00041332","19940101","99991231","F1","ปริญญาโท/เทียบเท่า","1200000771","University of Manchester","10000323","Electrical Power Engineering","10503","Master of Science","GB","United Kingdom"," "," "," ","ไม่","99998","ปรับวุฒิ","19950101"
"00041332","19900101","99991231","D1","ปริญญาตรี/เทียบเท่า","2200000003","จุฬาลงกรณ์มหาวิทยาลัย","20000878","วิศวกรรมไฟฟ้า","20260","วิศวกรรมศาสตรบัณฑิต","TH","ไทย"," "," "," ","ไม่","99999","วุฒิเริ่มบรรจุ","19930101"
"00041332","","99991231","H1","ปริญญาเอก/เทียบเท่า","1200000688","University of Alberta","00000000","--ไม่สามารถระบุได้--","10314","Doctor of Philosophy","CA","Canada"," "," ","X","ใช่","99997","วุฒิเพิ่มเติม","20100601"
"10019941","","99991231","H1","ปริญญาเอก/เทียบเท่า","1200000736","University of Freiburg","10000431","Geology","10318","Doctor of Pilosophy","DE","Germany"," "," ","X","ใช่","99999","วุฒิเริ่มบรรจุ","20111219"
"00042125","19930602","99991231","C3","ปวส.หรือเทียบเท่า","2100000303","โรงเรียนเทคนิคพระรามหก","20000332","ช่างไฟฟ้ากำลัง","20172","ประกาศนียบัตรวิชาชีพชั้นสูง","TH","ไทย"," "," "," ","ไม่","99999","วุฒิเริ่มบรรจุ","19950331"
"00042125","19950601","99991231","D1","ปริญญาตรี/เทียบเท่า","2200000082","มหาวิทยาลัยสยาม","20000644","ไฟฟ้า","20377","อุตสาหกรรมศาสตรบัณฑิต","TH","ไทย"," "," ","X","ใช่","99997","วุฒิเพิ่มเติม","19970331"
"10023300","","99991231","H1","ปริญญาเอก/เทียบเท่า","1200001239","Nagaoka University of Technology","10001426","Materials Science","10297","Doctor of Engineering","JP","Japan"," "," ","X","ใช่","99999","วุฒิเริ่มบรรจุ","20191231"
"00042145","19921001","99991231","H1","ปริญญาเอก/เทียบเท่า","1200000767","University of London","10000650","Mechanical Engineering","10314","Doctor of Philosophy","GB","United Kingdom"," "," ","X","ใช่","99999","วุฒิเริ่มบรรจุ","19990801"
"00042146","19951001","99991231","H1","ปริญญาเอก/เทียบเท่า","1200000714","University of Cambridge","10000813","Physics","10314","Doctor of Philosophy","GB","United Kingdom"," "," ","X","ใช่","99999","วุฒิเริ่มบรรจุ","19990801"
"00089006","20011212","99991231","H1","ปริญญาเอก/เทียบเท่า","1200000871","University of Washington","10000650","Mechanical Engineering","10314","Doctor of Philosophy","US","USA"," "," ","X","ใช่","99998","ปรับวุฒิ","20021212"
"00089006","19890101","99991231","D1","ปริญญาตรี/เทียบเท่า","2200000003","จุฬาลงกรณ์มหาวิทยาลัย","20000273","เครื่องกล","20260","วิศวกรรมศาสตรบัณฑิต","TH","ไทย"," "," "," ","ไม่","99999","วุฒิเริ่มบรรจุ","19930101"
"00089063","19790101","99991231","F1","ปริญญาโท/เทียบเท่า","2200000003","จุฬาลงกรณ์มหาวิทยาลัย","20000724","โยธา","20261","วิศวกรรมศาสตรมหาบัณฑิต","TH","ไทย"," "," "," ","ไม่","99998","ปรับวุฒิ","19810101"
"00089063","19750101","99991231","D1","ปริญญาตรี/เทียบเท่า","2200000013","มหาวิทยาลัยขอนแก่น","20000724","โยธา","20260","วิศวกรรมศาสตรบัณฑิต","TH","ไทย"," "," "," ","ไม่","99999","วุฒิเริ่มบรรจุ","19780101"
"00089063","","99991231","H1","ปริญญาเอก/เทียบเท่า","1200000658","Universite De Savoie","00000000","--ไม่สามารถระบุได้--","10270","Docteur De 1 'Universite' De S","FR","France"," "," ","X","ใช่","99998","ปรับวุฒิ","19880101"
"10016439","","99991231","C3","ปวส.หรือเทียบเท่า","2200000310","วิทยาลัยพณิชยการอินทราชัย","20000073","การตลาด","20172","ประกาศนียบัตรวิชาชีพชั้นสูง","TH","ไทย"," "," "," ","ไม่","99997","วุฒิเพิ่มเติม","20040223"
"10016439","20070604","99991231","D1","ปริญญาตรี/เทียบเท่า","2200000067","มหาวิทยาลัยศรีนครินทรวิโรฒ","20000073","การตลาด","20043","บริหารธุรกิจบัณฑิต","TH","ไทย"," "," ","X","ใช่","99999","วุฒิเริ่มบรรจุ","20090525"
"10016494","","99991231","A2","ประถมศึกษาตอนปลาย","2100001072","โรงเรียนวัดทางพระ","20000550","ประถมศึกษา","20195","ประถมศึกษาตอนปลาย","TH","ไทย"," "," ","X","ใช่","99999","วุฒิเริ่มบรรจุ","19840402"
"00089122","19840601","99991231","D1","ปริญญาตรี/เทียบเท่า","2200000003","จุฬาลงกรณ์มหาวิทยาลัย","20000871","วิศวกรรมเคมี","20260","วิศวกรรมศาสตรบัณฑิต","TH","ไทย","01","เกียรตินิยมอันดับ 2"," ","ไม่","99998","ปรับวุฒิ","19880501"
"00089122","19901001","99991231","H1","ปริญญาเอก/เทียบเท่า","1200000220","Imperial College University of London","20000871","วิศวกรรมเคมี","10527","Philosophy Degree","GB","United Kingdom"," "," ","X","ใช่","99999","วุฒิเริ่มบรรจุ","19940301"
"00089122","19891001","99991231","F1","ปริญญาโท/เทียบเท่า","1200000220","Imperial College University of London","10000147","Chemical Engineering","10503","Master of Science","GB","United Kingdom"," "," "," ","ไม่","99998","ปรับวุฒิ","19900901"
"00099011","19750101","99991231","D1","ปริญญาตรี/เทียบเท่า","2200000013","มหาวิทยาลัยขอนแก่น","20000868","วิศวกรรมเกษตร","20260","วิศวกรรมศาสตรบัณฑิต","TH","ไทย"," "," "," ","ไม่","99999","วุฒิเริ่มบรรจุ","19790101"
"00099011","19850101","99991231","F1","ปริญญาโท/เทียบเท่า","1200000691","The University of Arizona","10000337","Engineering Civil","10503","Master of Science","US","USA"," "," "," ","ไม่","99998","ปรับวุฒิ","19880101"
"00099011","19790101","99991231","F1","ปริญญาโท/เทียบเท่า","2200000003","จุฬาลงกรณ์มหาวิทยาลัย","20000883","วิศวกรรมโยธา","20261","วิศวกรรมศาสตรมหาบัณฑิต","TH","ไทย"," "," "," ","ไม่","99998","ปรับวุฒิ","19810101"
"00099011","19880101","99991231","H1","ปริญญาเอก/เทียบเท่า","1200000691","The University of Arizona","20000883","วิศวกรรมโยธา","10527","Philosophy Degree","US","USA"," "," ","X","ใช่","99998","ปรับวุฒิ","19910101"
"00099013","19760101","99991231","D1","ปริญญาตรี/เทียบเท่า","2200000011","มหาวิทยาลัยเกษตรศาสตร์","00000000","--ไม่สามารถระบุได้--","20260","วิศวกรรมศาสตรบัณฑิต","TH","ไทย"," "," "," ","ไม่","99999","วุฒิเริ่มบรรจุ","19800101"
"00099013","19870101","99991231","H1","ปริญญาเอก/เทียบเท่า","1200000143","Edinburgh University","10000079","Artificial Intelligence","10527","Philosophy Degree","US","USA"," "," ","X","ใช่","99998","ปรับวุฒิ","19930101"
"10020320","","99991231","H1","ปริญญาเอก/เทียบเท่า","1200000806","University of Oklahoma","10000778","Petroleum Engineering","10314","Doctor of Philosophy","US","USA"," "," ","X","ใช่","99999","วุฒิเริ่มบรรจุ","19980509"
"00036175","19880101","99991231","D1","ปริญญาตรี/เทียบเท่า","2200000081","มหาวิทยาลัยสงขลานครินทร์ วิทยาเขตปัตตานี","20000689","ภูมิศาสตร์","20312","ศิลปศาสตรบัณฑิต","TH","ไทย"," "," ","X","ใช่","99999","วุฒิเริ่มบรรจุ","19910101"
"10000398","19930601","99991231","C3","ปวส.หรือเทียบเท่า","2200000351","วิทยาลัยอาชีวศึกษานครราชสีมา","20000245","คอมพิวเตอร์","20172","ประกาศนียบัตรวิชาชีพชั้นสูง","TH","ไทย"," "," "," ","ไม่","99997","วุฒิเพิ่มเติม","19950324"
"10000398","19980530","99991231","D1","ปริญญาตรี/เทียบเท่า","2200000062","มหาวิทยาลัยราชภัฏสวนสุนันทา","20000052","การจัดการทั่วไป","20205","ปริญญาตรี","TH","ไทย"," "," ","X","ใช่","99999","วุฒิเริ่มบรรจุ","20001020"
"00040714","19950515","99991231","C3","ปวส.หรือเทียบเท่า","2200000237","วิทยาลัยเทคนิคนราธิวาส","20000342","ช่างอิเล็กทรอนิกส์","20172","ประกาศนียบัตรวิชาชีพชั้นสูง","TH","ไทย"," "," "," ","ไม่","99999","วุฒิเริ่มบรรจุ","19970324"
"00040714","19950101","99991231","D1","ปริญญาตรี/เทียบเท่า","2200000084","มหาวิทยาลัยสุโขทัยธรรมาธิราช","20000422","เทคโนโลยีการศึกษา","20205","ปริญญาตรี","TH","ไทย"," "," ","X","ใช่","99997","วุฒิเพิ่มเติม","19970101"
"10026432","20100525","99991231","F1","ปริญญาโท/เทียบเท่า","2200000003","จุฬาลงกรณ์มหาวิทยาลัย","20000883","วิศวกรรมโยธา","20261","วิศวกรรมศาสตรมหาบัณฑิต","TH","ไทย"," "," "," ","ไม่","99997","วุฒิเพิ่มเติม","20131104"
"10026432","20060607","99991231","D1","ปริญญาตรี/เทียบเท่า","2200000003","จุฬาลงกรณ์มหาวิทยาลัย","20000883","วิศวกรรมโยธา","20260","วิศวกรรมศาสตรบัณฑิต","TH","ไทย"," "," "," ","ไม่","99997","วุฒิเพิ่มเติม","20100426"
"10026432","","99991231","H1","ปริญญาเอก/เทียบเท่า","1200000116","Delft University of Technology","00000000","--ไม่สามารถระบุได้--","10314","Doctor of Philosophy","NL","Netherlands"," "," ","X","ใช่","99999","วุฒิเริ่มบรรจุ","20241125"
"10000522","19900601","99991231","C3","ปวส.หรือเทียบเท่า","2100000017","โรงเรียนกรุงเทพการบัญชีวิทยาลัย","20000104","การบัญชี","20172","ประกาศนียบัตรวิชาชีพชั้นสูง","TH","ไทย"," "," "," ","ไม่","99997","วุฒิเพิ่มเติม","19920331"
"10000522","","99991231","D1","ปริญญาตรี/เทียบเท่า","2200000410","สถาบันราชภัฎธนบุรี","20000094","การบริหารธุรกิจ","20043","บริหารธุรกิจบัณฑิต","TH","ไทย"," "," ","X","ใช่","99999","วุฒิเริ่มบรรจุ","20021119"
"10023765","20160923","99991231","H1","ปริญญาเอก/เทียบเท่า","1200000595","Tokyo Institute of Technology","10000650","Mechanical Engineering","10297","Doctor of Engineering","JP","Japan"," "," ","X","ใช่","99999","วุฒิเริ่มบรรจุ","20190920"
"10020492","","99991231","H1","ปริญญาเอก/เทียบเท่า","1200000546","Stanford University","10000147","Chemical Engineering","10314","Doctor of Philosophy","US","USA"," "," ","X","ใช่","99999","วุฒิเริ่มบรรจุ","20130616"
"10016828","","99991231","D1","ปริญญาตรี/เทียบเท่า","2200000056","มหาวิทยาลัยราชภัฏบ้านสมเด็จเจ้าพระยา","20000514","บริหารทรัพยากรมนุษย์","20043","บริหารธุรกิจบัณฑิต","TH","ไทย"," "," ","X","ใช่","99999","วุฒิเริ่มบรรจุ","20041111"
"10001104","19930101","99991231","F1","ปริญญาโท/เทียบเท่า","1200000339","Michigan Technological University","00000000","--ไม่สามารถระบุได้--","10503","Master of Science","US","USA"," "," "," ","ไม่","99999","วุฒิเริ่มบรรจุ","19941119"
"10001104","19870101","99991231","D1","ปริญญาตรี/เทียบเท่า","2200000013","มหาวิทยาลัยขอนแก่น","00000000","--ไม่สามารถระบุได้--","20256","วิทยาศาสตรบัณฑิต","TH","ไทย"," "," "," ","ไม่","99998","ปรับวุฒิ","19900322"
"10001104","19940101","99991231","H1","ปริญญาเอก/เทียบเท่า","1200000339","Michigan Technological University","10000676","Mining Engineering","10317","Doctor of Physiology","US","USA"," "," ","X","ใช่","99998","ปรับวุฒิ","19981029"
"10000397","19870531","99991231","C3","ปวส.หรือเทียบเท่า","2200000351","วิทยาลัยอาชีวศึกษานครราชสีมา","20000528","บัญชี","20172","ประกาศนียบัตรวิชาชีพชั้นสูง","TH","ไทย"," "," "," ","ไม่","99997","วุฒิเพิ่มเติม","19900330"
"10000397","19941019","99991231","D1","ปริญญาตรี/เทียบเท่า","2200000060","มหาวิทยาลัยราชภัฏวไลยอลงกรณ์","20000052","การจัดการทั่วไป","20312","ศิลปศาสตรบัณฑิต","TH","ไทย"," "," ","X","ใช่","99999","วุฒิเริ่มบรรจุ","19961125"
"10020691","20000612","99991231","D1","ปริญญาตรี/เทียบเท่า","2200000076","มหาวิทยาลัยศรีปทุม","20000073","การตลาด","20043","บริหารธุรกิจบัณฑิต","TH","ไทย"," "," ","X","ใช่","99999","วุฒิเริ่มบรรจุ","20020429"
"10020620","","99991231","D1","ปริญญาตรี/เทียบเท่า","1200000064","Carnegie Mellon University","10001075","Electrical and Computer Engineering","10052","Bachelor of Science","US","USA"," "," "," ","ไม่","99997","วุฒิเพิ่มเติม","20090517"
"10020620","","99991231","H1","ปริญญาเอก/เทียบเท่า","1200000329","Massachusetts Institute of Technology","00000000","--ไม่สามารถระบุได้--","10314","Doctor of Philosophy","US","USA"," "," ","X","ใช่","99999","วุฒิเริ่มบรรจุ","20160603"
"10020620","","99991231","F1","ปริญญาโท/เทียบเท่า","1200000064","Carnegie Mellon University","10001075","Electrical and Computer Engineering","10503","Master of Science","US","USA"," "," "," ","ไม่","99997","วุฒิเพิ่มเติม","20090517"
"10023956","20140818","99991231","F1","ปริญญาโท/เทียบเท่า","1200000179","Georgia Institute of Technology","10000499","Industrial Engineering","10503","Master of Science","US","USA"," "," "," ","ไม่","99997","วุฒิเพิ่มเติม","20151212"
"10023956","20070530","99991231","D1","ปริญญาตรี/เทียบเท่า","2200000003","จุฬาลงกรณ์มหาวิทยาลัย","20000899","วิศวกรรมอุตสาหการ","20260","วิศวกรรมศาสตรบัณฑิต","TH","ไทย","01","เกียรตินิยมอันดับ 2"," ","ไม่","99997","วุฒิเพิ่มเติม","20110509"
"10023956","20160815","99991231","H1","ปริญญาเอก/เทียบเท่า","1200000451","Purdue University","10000499","Industrial Engineering","10314","Doctor of Philosophy","US","USA"," "," ","X","ใช่","99999","วุฒิเริ่มบรรจุ","20200509"
"10020702","19990603","99991231","D1","ปริญญาตรี/เทียบเท่า","2200000067","มหาวิทยาลัยศรีนครินทรวิโรฒ","20000785","วัสดุศาสตร์","20256","วิทยาศาสตรบัณฑิต","TH","ไทย"," "," "," ","ไม่","99997","วุฒิเพิ่มเติม","20030310"
"10020702","20140729","99991231","F1","ปริญญาโท/เทียบเท่า","2200000003","จุฬาลงกรณ์มหาวิทยาลัย","00000000","--ไม่สามารถระบุได้--","20261","วิศวกรรมศาสตรมหาบัณฑิต","TH","ไทย"," "," ","X","ใช่","99999","วุฒิเริ่มบรรจุ","20170811"
"00034254","","99991231","A1","ประถมศึกษาตอนต้น","0000000000","--ไม่สามารถระบุได้--","00000000","--ไม่สามารถระบุได้--","20194","ประถมศึกษาตอนต้น(ป.4)","TH","ไทย"," "," "," ","ไม่","99997","วุฒิเพิ่มเติม","19990902"
"00034254","20010501","99991231","B2","มัธยมศึกษาตอนปลาย","2100001726","ศูนย์การศึกษานอกโรงเรียนกรุงเทพ1","00000000","--ไม่สามารถระบุได้--","20243","มัธยมศึกษาตอนปลาย","TH","ไทย"," "," ","X","ใช่","99999","วุฒิเริ่มบรรจุ","20030310"
"00034254","19941101","99991231","B1","มัธยมศึกษาตอนต้น","2100001728","ศูนย์การศึกษานอกโรงเรียนกรุงเทพ4","20001036","สายสามัญ","20242","มัธยมศึกษาตอนต้น","TH","ไทย"," "," "," ","ไม่","99997","วุฒิเพิ่มเติม","19960403"
"10020375","","99991231","F1","ปริญญาโท/เทียบเท่า","1200000064","Carnegie Mellon University","10001075","Electrical and Computer Engineering","10503","Master of Science","US","USA"," "," "," ","ไม่","99997","วุฒิเพิ่มเติม","19990812"
"10020375","","99991231","D1","ปริญญาตรี/เทียบเท่า","1200000107","Cornell University","10000322","Electrical Engineering","10052","Bachelor of Science","US","USA"," "," "," ","ไม่","99997","วุฒิเพิ่มเติม","19970525"
"10020375","","99991231","H1","ปริญญาเอก/เทียบเท่า","1200000064","Carnegie Mellon University","10001075","Electrical and Computer Engineering","10314","Doctor of Philosophy","US","USA"," "," ","X","ใช่","99999","วุฒิเริ่มบรรจุ","20050515"
"10016887","19990320","99991231","D1","ปริญญาตรี/เทียบเท่า","2200000432","สถาบันราชภัฎสวนสุนันทา","20000052","การจัดการทั่วไป","20312","ศิลปศาสตรบัณฑิต","TH","ไทย"," "," ","X","ใช่","99999","วุฒิเริ่มบรรจุ","20010603"
"10016887","19900101","99991231","C3","ปวส.หรือเทียบเท่า","2100000307","โรงเรียนเทคนิควิมลบริหารธุรกิจ","20000245","คอมพิวเตอร์","20172","ประกาศนียบัตรวิชาชีพชั้นสูง","TH","ไทย"," "," "," ","ไม่","99997","วุฒิเพิ่มเติม","19920101"
"10020412","20050601","99991231","D1","ปริญญาตรี/เทียบเท่า","2200000003","จุฬาลงกรณ์มหาวิทยาลัย","20000878","วิศวกรรมไฟฟ้า","20260","วิศวกรรมศาสตรบัณฑิต","TH","ไทย","00","เกียรตินิยมอันดับ 1"," ","ไม่","99997","วุฒิเพิ่มเติม","20090427"
"10020412","","99991231","H1","ปริญญาเอก/เทียบเท่า","1200000844","University of Texas at Austin","10001075","Electrical and Computer Engineering","10314","Doctor of Philosophy","US","USA"," "," ","X","ใช่","99999","วุฒิเริ่มบรรจุ","20160521"
"10020412","20090526","99991231","F1","ปริญญาโท/เทียบเท่า","2200000003","จุฬาลงกรณ์มหาวิทยาลัย","20000878","วิศวกรรมไฟฟ้า","20261","วิศวกรรมศาสตรมหาบัณฑิต","TH","ไทย"," "," "," ","ไม่","99997","วุฒิเพิ่มเติม","20110601"
"10019299","19890101","99991231","D1","ปริญญาตรี/เทียบเท่า","2200000003","จุฬาลงกรณ์มหาวิทยาลัย","20000873","วิศวกรรมเครื่องกล","20260","วิศวกรรมศาสตรบัณฑิต","TH","ไทย"," "," "," ","ไม่","99999","วุฒิเริ่มบรรจุ","19930101"
"10019299","19970613","99991231","H1","ปริญญาเอก/เทียบเท่า","1200000871","University of Washington","10000650","Mechanical Engineering","10314","Doctor of Philosophy","US","USA"," "," ","X","ใช่","99998","ปรับวุฒิ","20001214"
"10019299","19950913","99991231","F1","ปริญญาโท/เทียบเท่า","1200000871","University of Washington","10000650","Mechanical Engineering","10503","Master of Science","US","USA"," "," "," ","ไม่","99998","ปรับวุฒิ","19970613"
"10025890","20150818","99991231","D1","ปริญญาตรี/เทียบเท่า","2200000091","มหาวิทยาลัยเอเชียอาคเนย์","00000000","--ไม่สามารถระบุได้--","20260","วิศวกรรมศาสตรบัณฑิต","TH","ไทย"," "," "," ","ไม่","99999","วุฒิเริ่มบรรจุ","20190520"
"10025890","20190718","99991231","F1","ปริญญาโท/เทียบเท่า","2200000020","มหาวิทยาลัยเทคโนโลยีพระจอมเกล้าธนบุรี","00000000","--ไม่สามารถระบุได้--","20261","วิศวกรรมศาสตรมหาบัณฑิต","TH","ไทย"," "," ","X","ใช่","99997","วุฒิเพิ่มเติม","20210727"
"10001650","","99991231","H1","ปริญญาเอก/เทียบเท่า","2200000003","จุฬาลงกรณ์มหาวิทยาลัย","20000878","วิศวกรรมไฟฟ้า","20259","วิศวกรรมศาสตรดุษฎีบัณฑิต","TH","ไทย"," "," ","X","ใช่","99998","ปรับวุฒิ","20100601"
"10001650","20000418","99991231","F1","ปริญญาโท/เทียบเท่า","1200000934","Yokohama National University","10000322","Electrical Engineering","10461","Master of Engineering","JP","Japan"," "," "," ","ไม่","99999","วุฒิเริ่มบรรจุ","20010930"
"10016750","20010523","99991231","D1","ปริญญาตรี/เทียบเท่า","2200000432","สถาบันราชภัฎสวนสุนันทา","20000247","คอมพิวเตอร์ธุรกิจ","20043","บริหารธุรกิจบัณฑิต","TH","ไทย"," "," ","X","ใช่","99999","วุฒิเริ่มบรรจุ","20030320"
"10020538","","99991231","H1","ปริญญาเอก/เทียบเท่า","1200000881","University of Wisconsin-Madison","10000499","Industrial Engineering","10314","Doctor of Philosophy","US","USA"," "," ","X","ใช่","99999","วุฒิเริ่มบรรจุ","20161224"
"10001679","19990601","99991231","H1","ปริญญาเอก/เทียบเท่า","1200000767","University of London","10000336","Engineering","10314","Doctor of Philosophy","GB","United Kingdom"," "," ","X","ใช่","99999","วุฒิเริ่มบรรจุ","20000301"
"10015354","","99991231","H1","ปริญญาเอก/เทียบเท่า","1200000546","Stanford University","10000364","Environmental Engineering","10314","Doctor of Philosophy","US","USA"," "," ","X","ใช่","99999","วุฒิเริ่มบรรจุ","20090701"
"10020666","20100614","99991231","D1","ปริญญาตรี/เทียบเท่า","2200000008","มหาวิทยาลัยกรุงเทพ","20000145","การโรงแรมและท่องเที่ยว","20241","มนุษยศาสตรบัณฑิต","TH","ไทย"," "," ","X","ใช่","99999","วุฒิเริ่มบรรจุ","20140602"
"10020668","","99991231","H1","ปริญญาเอก/เทียบเท่า","1200000103","Columbia University","00000000","--ไม่สามารถระบุได้--","10314","Doctor of Philosophy","TH","ไทย"," "," ","X","ใช่","99999","วุฒิเริ่มบรรจุ","20101020"
"10001392","20060612","99991231","F1","ปริญญาโท/เทียบเท่า","2200000035","มหาวิทยาลัยนเรศวร","20000087","การบริหารการศึกษา","20007","การศึกษามหาบัณฑิต","TH","ไทย"," "," ","X","ใช่","99997","วุฒิเพิ่มเติม","20080520"
"10001392","19961029","99991231","D1","ปริญญาตรี/เทียบเท่า","2200000201","วิทยาลัยครูสวนสุนันทา","20000052","การจัดการทั่วไป","20312","ศิลปศาสตรบัณฑิต","TH","ไทย"," "," "," ","ไม่","99999","วุฒิเริ่มบรรจุ","19990318"
"10022975","","99991231","F1","ปริญญาโท/เทียบเท่า","1200000064","Carnegie Mellon University","00000000","--ไม่สามารถระบุได้--","10503","Master of Science","US","USA"," "," "," ","ไม่","99997","วุฒิเพิ่มเติม","20041223"
"10022975","19960524","99991231","D1","ปริญญาตรี/เทียบเท่า","2200000003","จุฬาลงกรณ์มหาวิทยาลัย","00000000","--ไม่สามารถระบุได้--","20260","วิศวกรรมศาสตรบัณฑิต","TH","ไทย"," "," "," ","ไม่","99997","วุฒิเพิ่มเติม","20000426"
"10022975","","99991231","H1","ปริญญาเอก/เทียบเท่า","1200000064","Carnegie Mellon University","10000171","Civil and Environmental Engineering","10314","Doctor of Philosophy","US","USA"," "," ","X","ใช่","99999","วุฒิเริ่มบรรจุ","20081218"
"10020736","20111001","99991231","H1","ปริญญาเอก/เทียบเท่า","1200000956","Tokyo Metropolitan University","00000000","--ไม่สามารถระบุได้--","10314","Doctor of Philosophy","JP","Japan"," "," ","X","ใช่","99999","วุฒิเริ่มบรรจุ","20140930"
"10001649","19840601","99991231","D1","ปริญญาตรี/เทียบเท่า","2200000003","จุฬาลงกรณ์มหาวิทยาลัย","20000892","วิศวกรรมสิ่งแวดล้อม","20260","วิศวกรรมศาสตรบัณฑิต","TH","ไทย"," "," "," ","ไม่","99997","วุฒิเพิ่มเติม","19880401"
"10001649","","99991231","H1","ปริญญาเอก/เทียบเท่า","1200000380","New Jersey Institute of Techology","10000172","Civil Engineering","10314","Doctor of Philosophy","US","USA"," "," ","X","ใช่","99997","วุฒิเพิ่มเติม","20000101"
"10001649","19890101","99991231","F1","ปริญญาโท/เทียบเท่า","1200000781","University of Michigan","10000364","Environmental Engineering","10503","Master of Science","US","USA"," "," "," ","ไม่","99999","วุฒิเริ่มบรรจุ","19910501"
"10001651","19950101","99991231","H1","ปริญญาเอก/เทียบเท่า","1200000771","University of Manchester","10000207","Computer","10314","Doctor of Philosophy","GB","United Kingdom"," "," ","X","ใช่","99999","วุฒิเริ่มบรรจุ","20000407"
"10001651","","99991231","D1","ปริญญาตรี/เทียบเท่า","2200000003","จุฬาลงกรณ์มหาวิทยาลัย","20000870","วิศวกรรมคอมพิวเตอร์","20260","วิศวกรรมศาสตรบัณฑิต","TH","ไทย"," "," "," ","ไม่","99997","วุฒิเพิ่มเติม","19920101"
"10020846","","99991231","H1","ปริญญาเอก/เทียบเท่า","1200000852","University of Tokyo","10001032","Urban Engineering","10314","Doctor of Philosophy","JP","Japan"," "," ","X","ใช่","99999","วุฒิเริ่มบรรจุ","20080930"
"10001680","19960521","99991231","F1","ปริญญาโท/เทียบเท่า","2200000003","จุฬาลงกรณ์มหาวิทยาลัย","20000896","วิศวกรรมแหล่งน้ำ","20261","วิศวกรรมศาสตรมหาบัณฑิต","TH","ไทย"," "," "," ","ไม่","99999","วุฒิเริ่มบรรจุ","19991019"
"10001680","","99991231","H1","ปริญญาเอก/เทียบเท่า","1200000167","Florida State University","10000431","Geology","10314","Doctor of Philosophy","US","USA"," "," ","X","ใช่","99998","ปรับวุฒิ","20160806"
"10020906","19960603","99991231","D1","ปริญญาตรี/เทียบเท่า","2200000011","มหาวิทยาลัยเกษตรศาสตร์","20000871","วิศวกรรมเคมี","20260","วิศวกรรมศาสตรบัณฑิต","TH","ไทย"," "," "," ","ไม่","99997","วุฒิเพิ่มเติม","20000311"
"10020906","20041004","99991231","H1","ปริญญาเอก/เทียบเท่า","1200000220","Imperial College University of London","00000000","--ไม่สามารถระบุได้--","10318","Doctor of Pilosophy","GB","United Kingdom"," "," "," ","ไม่","99997","วุฒิเพิ่มเติม","20080530"
"10020906","20000605","99991231","F1","ปริญญาโท/เทียบเท่า","2200000011","มหาวิทยาลัยเกษตรศาสตร์","20000871","วิศวกรรมเคมี","20261","วิศวกรรมศาสตรมหาบัณฑิต","TH","ไทย"," "," "," ","ไม่","99997","วุฒิเพิ่มเติม","20020430"
"10020906","","99991231","H1","ปริญญาเอก/เทียบเท่า","1200000767","University of London","00000000","--ไม่สามารถระบุได้--","10314","Doctor of Philosophy","GB","United Kingdom"," "," ","X","ใช่","99999","วุฒิเริ่มบรรจุ","20080531"
"00042144","19930401","99991231","D1","ปริญญาตรี/เทียบเท่า","1200000363","Nagoya University","10000322","Electrical Engineering","10048","Bachelor of Engineering","JP","Japan"," "," "," ","ไม่","99997","วุฒิเพิ่มเติม","19970301"
"00042144","20010924","99991231","H1","ปริญญาเอก/เทียบเท่า","1200000704","University of California","10000650","Mechanical Engineering","10527","Philosophy Degree","TH","ไทย"," "," ","X","ใช่","99998","ปรับวุฒิ","20070919"
"00042144","","99991231","F1","ปริญญาโท/เทียบเท่า","1200000363","Nagoya University","10000322","Electrical Engineering","10426","Master Degree","JP","Japan"," "," "," ","ไม่","99999","วุฒิเริ่มบรรจุ","19970301"
"10021066","","99991231","H1","ปริญญาเอก/เทียบเท่า","1200000934","Yokohama National University","00000000","--ไม่สามารถระบุได้--","10297","Doctor of Engineering","JP","Japan"," "," ","X","ใช่","99999","วุฒิเริ่มบรรจุ","20170915"
"10025893","20210709","99991231","D1","ปริญญาตรี/เทียบเท่า","2200000032","มหาวิทยาลัยเทคโนโลยีสุรนารี","00000000","--ไม่สามารถระบุได้--","20260","วิศวกรรมศาสตรบัณฑิต","TH","ไทย"," "," ","X","ใช่","99999","วุฒิเริ่มบรรจุ","20160711"
"00036103","19830101","99991231","D1","ปริญญาตรี/เทียบเท่า","2200000003","จุฬาลงกรณ์มหาวิทยาลัย","00000000","--ไม่สามารถระบุได้--","20328","สถิติศาสตรบัณฑิต","TH","ไทย"," "," "," ","ไม่","99999","วุฒิเริ่มบรรจุ","19860101"
"00036103","","99991231","H1","ปริญญาเอก/เทียบเท่า","1200000216","Illinois Institute of Technology","10000213","Computer Science","10314","Doctor of Philosophy","US","USA"," "," ","X","ใช่","99997","วุฒิเพิ่มเติม","20100601"
"00036103","19910101","99991231","F1","ปริญญาโท/เทียบเท่า","1200000774","University of Maryland","20000806","วิทยาการคอมพิวเตอร์","10503","Master of Science","US","USA"," "," "," ","ไม่","99998","ปรับวุฒิ","19930101"
"00032025","","99991231","D1","ปริญญาตรี/เทียบเท่า","2200000177","วิทยาลัยครูจันทรเกษม","20000477","นวัตกรรมและเทคโนโลยีทางการศึกษา","20014","ครุศาสตรบัณฑิต","TH","ไทย"," "," "," ","ไม่","99999","วุฒิเริ่มบรรจุ","19921106"
"00032025","19950608","99991231","F1","ปริญญาโท/เทียบเท่า","2200000067","มหาวิทยาลัยศรีนครินทรวิโรฒ","20000422","เทคโนโลยีการศึกษา","20321","ศึกษาศาสตรมหาบัณฑิต","TH","ไทย"," "," ","X","ใช่","99997","วุฒิเพิ่มเติม","20000530"
"10000409","19930610","99991231","D1","ปริญญาตรี/เทียบเท่า","2200000432","สถาบันราชภัฎสวนสุนันทา","20000052","การจัดการทั่วไป","20312","ศิลปศาสตรบัณฑิต","TH","ไทย"," "," ","X","ใช่","99999","วุฒิเริ่มบรรจุ","19950617"
"10019812","19970523","99991231","D1","ปริญญาตรี/เทียบเท่า","2200000003","จุฬาลงกรณ์มหาวิทยาลัย","20000884","วิศวกรรมโยธาโครงสร้าง","20260","วิศวกรรมศาสตรบัณฑิต","TH","ไทย"," "," "," ","ไม่","99997","วุฒิเพิ่มเติม","20010502"
"10019812","","99991231","H1","ปริญญาเอก/เทียบเท่า","1200000794","University of New South Wales","00000000","--ไม่สามารถระบุได้--","10314","Doctor of Philosophy","AU","Australia"," "," ","X","ใช่","99999","วุฒิเริ่มบรรจุ","20071214"
"10019812","20021217","99991231","F1","ปริญญาโท/เทียบเท่า","1200000794","University of New South Wales","00000000","--ไม่สามารถระบุได้--","10462","Master of Engineering Science","AU","Australia"," "," "," ","ไม่","99997","วุฒิเพิ่มเติม","20030411"
"10021705","20130529","99991231","H1","ปริญญาเอก/เทียบเท่า","2200000003","จุฬาลงกรณ์มหาวิทยาลัย","20000873","วิศวกรรมเครื่องกล","20259","วิศวกรรมศาสตรดุษฎีบัณฑิต","TH","ไทย"," "," ","X","ใช่","99999","วุฒิเริ่มบรรจุ","20150807"
"10016492","","99991231","A2","ประถมศึกษาตอนปลาย","2100000551","โรงเรียนบ้านวังชะโอน","20000550","ประถมศึกษา","20195","ประถมศึกษาตอนปลาย","TH","ไทย"," "," ","X","ใช่","99999","วุฒิเริ่มบรรจุ","19840327"
"10016495","","99991231","B1","มัธยมศึกษาตอนต้น","2100001707","ศูนย์การศึกษานอกโรงเรียน","20000716","มัธยมศึกษา","20242","มัธยมศึกษาตอนต้น","TH","ไทย"," "," ","X","ใช่","99999","วุฒิเริ่มบรรจุ","20020304"
"10002349","19970610","99991231","D1","ปริญญาตรี/เทียบเท่า","2200000431","สถาบันราชภัฎสวนดุสิต","20000094","การบริหารธุรกิจ","20312","ศิลปศาสตรบัณฑิต","TH","ไทย"," "," ","X","ใช่","99999","วุฒิเริ่มบรรจุ","20010430"
"10021142","20010525","99991231","D1","ปริญญาตรี/เทียบเท่า","2200000062","มหาวิทยาลัยราชภัฏสวนสุนันทา","20000817","วิทยาศาสตร์","20256","วิทยาศาสตรบัณฑิต","TH","ไทย"," "," ","X","ใช่","99999","วุฒิเริ่มบรรจุ","20030320"
"10021142","19970512","99991231","C3","ปวส.หรือเทียบเท่า","2200000235","วิทยาลัยเทคนิคนครศรีธรรมราช","20000333","ช่างไฟฟ้าอิเล็กทรอนิกส์","20075","ประกาศนียบัตรการศึกษาชั้นสูง","TH","ไทย"," "," "," ","ไม่","99997","วุฒิเพิ่มเติม","19990309"
"00039227","19820101","99991231","D1","ปริญญาตรี/เทียบเท่า","2200000065","มหาวิทยาลัยรามคำแหง","20000254","เคมี","20256","วิทยาศาสตรบัณฑิต","TH","ไทย"," "," ","X","ใช่","99999","วุฒิเริ่มบรรจุ","19880101"
"10016253","","99991231","D1","ปริญญาตรี/เทียบเท่า","2200000062","มหาวิทยาลัยราชภัฏสวนสุนันทา","00000000","--ไม่สามารถระบุได้--","20043","บริหารธุรกิจบัณฑิต","TH","ไทย"," "," ","X","ใช่","99999","วุฒิเริ่มบรรจุ","20100319"
"10016253","20060520","99991231","C3","ปวส.หรือเทียบเท่า","2100000295","โรงเรียนเทคนิคพณิชยการจำนงค์","20000073","การตลาด","20172","ประกาศนียบัตรวิชาชีพชั้นสูง","TH","ไทย"," "," "," ","ไม่","99997","วุฒิเพิ่มเติม","20080312"
"10021266","20130426","99991231","D1","ปริญญาตรี/เทียบเท่า","2200000038","มหาวิทยาลัยบูรพา","20000093","การบริหารทั่วไป","20245","รัฐประศาสนศาสตรบัณฑิต","TH","ไทย"," "," ","X","ใช่","99999","วุฒิเริ่มบรรจุ","20160808"
"10021493","20130610","99991231","D1","ปริญญาตรี/เทียบเท่า","2200000484","มหาวิทยาลัยราชภัฏศรีสะเกษ","20000656","ภาษาญี่ปุ่น","20312","ศิลปศาสตรบัณฑิต","TH","ไทย"," "," ","X","ใช่","99999","วุฒิเริ่มบรรจุ","20170118"
"10021408","20050601","99991231","D1","ปริญญาตรี/เทียบเท่า","2200000003","จุฬาลงกรณ์มหาวิทยาลัย","20000886","วิศวกรรมโลหการ","20260","วิศวกรรมศาสตรบัณฑิต","TH","ไทย","01","เกียรตินิยมอันดับ 2"," ","ไม่","99997","วุฒิเพิ่มเติม","20090527"
"10021408","","99991231","H1","ปริญญาเอก/เทียบเท่า","1200000595","Tokyo Institute of Technology","10000666","Metallurgy and Ceramics Science","10297","Doctor of Engineering","JP","Japan"," "," ","X","ใช่","99999","วุฒิเริ่มบรรจุ","20151231"
"10021408","","99991231","F1","ปริญญาโท/เทียบเท่า","1200000595","Tokyo Institute of Technology","00000000","--ไม่สามารถระบุได้--","10461","Master of Engineering","JP","Japan"," "," "," ","ไม่","99997","วุฒิเพิ่มเติม","20120326"
"10021798","19910620","99991231","D1","ปริญญาตรี/เทียบเท่า","2200000008","มหาวิทยาลัยกรุงเทพ","00000000","--ไม่สามารถระบุได้--","20037","นิเทศศาสตรบัณฑิต","TH","ไทย"," "," ","X","ใช่","99999","วุฒิเริ่มบรรจุ","19970510"
"10021706","","99991231","H1","ปริญญาเอก/เทียบเท่า","1200000571","Texas A and M University","10000147","Chemical Engineering","10314","Doctor of Philosophy","US","USA"," "," ","X","ใช่","99999","วุฒิเริ่มบรรจุ","20180810"
"10022492","20080617","99991231","D1","ปริญญาตรี/เทียบเท่า","2200000065","มหาวิทยาลัยรามคำแหง","00000000","--ไม่สามารถระบุได้--","20312","ศิลปศาสตรบัณฑิต","TH","ไทย"," "," ","X","ใช่","99999","วุฒิเริ่มบรรจุ","20150410"
"10022286","","99991231","H1","ปริญญาเอก/เทียบเท่า","1200000704","University of California","10000336","Engineering","10314","Doctor of Philosophy","US","USA"," "," ","X","ใช่","99999","วุฒิเริ่มบรรจุ","20141219"
"10020285","","99991231","H1","ปริญญาเอก/เทียบเท่า","1200000422","Oklahoma State University","10000147","Chemical Engineering","10314","Doctor of Philosophy","US","USA"," "," ","X","ใช่","99999","วุฒิเริ่มบรรจุ","20151211"
"10020285","20030530","99991231","D1","ปริญญาตรี/เทียบเท่า","2200000003","จุฬาลงกรณ์มหาวิทยาลัย","20000871","วิศวกรรมเคมี","20260","วิศวกรรมศาสตรบัณฑิต","TH","ไทย","01","เกียรตินิยมอันดับ 2"," ","ไม่","99997","วุฒิเพิ่มเติม","20070424"
"10022502","20120924","99991231","F1","ปริญญาโท/เทียบเท่า","1200000836","University of Surrey","00000000","--ไม่สามารถระบุได้--","10503","Master of Science","GB","United Kingdom"," "," "," ","ไม่","99997","วุฒิเพิ่มเติม","20141126"
"10022502","","99991231","H1","ปริญญาเอก/เทียบเท่า","1200000694","University of Bath","10000320","Electrical and Electronic Engineering","10314","Doctor of Philosophy","GB","United Kingdom"," "," ","X","ใช่","99999","วุฒิเริ่มบรรจุ","20190529"
"10022421","20130201","99991231","D1","ปริญญาตรี/เทียบเท่า","2200000062","มหาวิทยาลัยราชภัฏสวนสุนันทา","00000000","--ไม่สามารถระบุได้--","20043","บริหารธุรกิจบัณฑิต","TH","ไทย"," "," ","X","ใช่","99999","วุฒิเริ่มบรรจุ","20161223"
"10013683","20131216","99991231","D1","ปริญญาตรี/เทียบเท่า","2200000084","มหาวิทยาลัยสุโขทัยธรรมาธิราช","20001041","สารสนเทศศาสตร์","20312","ศิลปศาสตรบัณฑิต","TH","ไทย"," "," ","X","ใช่","99999","วุฒิเริ่มบรรจุ","20170130"
"10013683","20020517","99991231","C3","ปวส.หรือเทียบเท่า","2100000761","โรงเรียนพณิชยการสันติราษฎร์","10000120","Business Administration","20172","ประกาศนียบัตรวิชาชีพชั้นสูง","TH","ไทย"," "," "," ","ไม่","99997","วุฒิเพิ่มเติม","20040430"
"10016831","","99991231","D1","ปริญญาตรี/เทียบเท่า","2200000003","จุฬาลงกรณ์มหาวิทยาลัย","20000126","การพัฒนาซอฟต์แวร์","20256","วิทยาศาสตรบัณฑิต","TH","ไทย"," "," ","X","ใช่","99999","วุฒิเริ่มบรรจุ","20080521"
"10022422","20110524","99991231","F1","ปริญญาโท/เทียบเท่า","2200000003","จุฬาลงกรณ์มหาวิทยาลัย","00000000","--ไม่สามารถระบุได้--","20261","วิศวกรรมศาสตรมหาบัณฑิต","TH","ไทย"," "," ","X","ใช่","99999","วุฒิเริ่มบรรจุ","20140825"
"10022422","20050601","99991231","D1","ปริญญาตรี/เทียบเท่า","2200000003","จุฬาลงกรณ์มหาวิทยาลัย","20000254","เคมี","20256","วิทยาศาสตรบัณฑิต","TH","ไทย"," "," "," ","ไม่","99997","วุฒิเพิ่มเติม","20090527"
"10022498","20030609","99991231","D1","ปริญญาตรี/เทียบเท่า","2200000012","มหาวิทยาลัยเกษมบัณฑิต","00000000","--ไม่สามารถระบุได้--","20043","บริหารธุรกิจบัณฑิต","TH","ไทย"," "," ","X","ใช่","99999","วุฒิเริ่มบรรจุ","20050317"
"00036154","19860101","99991231","D1","ปริญญาตรี/เทียบเท่า","2200000084","มหาวิทยาลัยสุโขทัยธรรมาธิราช","20000052","การจัดการทั่วไป","20043","บริหารธุรกิจบัณฑิต","TH","ไทย"," "," ","X","ใช่","99999","วุฒิเริ่มบรรจุ","19890101"
"00038641","19810601","99991231","C3","ปวส.หรือเทียบเท่า","2100000211","โรงเรียนดรุณพิทยาพณิชยการ","20000073","การตลาด","20172","ประกาศนียบัตรวิชาชีพชั้นสูง","TH","ไทย"," "," "," ","ไม่","99999","วุฒิเริ่มบรรจุ","19830331"
"00038641","20010908","99991231","D1","ปริญญาตรี/เทียบเท่า","2200000427","สถาบันราชภัฎวไลยอลงกรณ์","20000052","การจัดการทั่วไป","20043","บริหารธุรกิจบัณฑิต","TH","ไทย"," "," ","X","ใช่","99998","ปรับวุฒิ","20040211"
"10022775","","99991231","H1","ปริญญาเอก/เทียบเท่า","0000000000","--ไม่สามารถระบุได้--","00000000","--ไม่สามารถระบุได้--","10314","Doctor of Philosophy","TH","ไทย"," "," ","X","ใช่","99999","วุฒิเริ่มบรรจุ","20190208"
"10022834","","99991231","F1","ปริญญาโท/เทียบเท่า","1200000179","Georgia Institute of Technology","10000499","Industrial Engineering","00001","--ไม่สามารถระบุได้--","US","USA"," "," "," ","ไม่","99997","วุฒิเพิ่มเติม","20011215"
"10022834","19930527","99991231","D1","ปริญญาตรี/เทียบเท่า","2200000003","จุฬาลงกรณ์มหาวิทยาลัย","20000899","วิศวกรรมอุตสาหการ","20260","วิศวกรรมศาสตรบัณฑิต","TH","ไทย","00","เกียรตินิยมอันดับ 1"," ","ไม่","99997","วุฒิเพิ่มเติม","19970501"
"10022834","","99991231","H1","ปริญญาเอก/เทียบเท่า","1200000179","Georgia Institute of Technology","10000499","Industrial Engineering","10314","Doctor of Philosophy","US","USA"," "," ","X","ใช่","99999","วุฒิเริ่มบรรจุ","20070804"
"10022924","","99991231","F1","ปริญญาโท/เทียบเท่า","1200000107","Cornell University","00000000","--ไม่สามารถระบุได้--","10461","Master of Engineering","US","USA"," "," "," ","ไม่","99997","วุฒิเพิ่มเติม","20100909"
"10022924","20030801","99991231","D1","ปริญญาตรี/เทียบเท่า","1200001011","Nanyang Technological University","10000650","Mechanical Engineering","10048","Bachelor of Engineering","SG","Singapore","00","เกียรตินิยมอันดับ 1"," ","ไม่","99997","วุฒิเพิ่มเติม","20070601"
"10022924","","99991231","H1","ปริญญาเอก/เทียบเท่า","1200000107","Cornell University","10000650","Mechanical Engineering","10314","Doctor of Philosophy","US","USA"," "," ","X","ใช่","99999","วุฒิเริ่มบรรจุ","20160822"
"10001632","19960617","99991231","D1","ปริญญาตรี/เทียบเท่า","2200000416","สถาบันราชภัฎพระนคร","20000550","ประถมศึกษา","20014","ครุศาสตรบัณฑิต","TH","ไทย"," "," ","X","ใช่","99999","วุฒิเริ่มบรรจุ","19981109"
"10022967","","99991231","F1","ปริญญาโท/เทียบเท่า","2200000003","จุฬาลงกรณ์มหาวิทยาลัย","00000000","--ไม่สามารถระบุได้--","20261","วิศวกรรมศาสตรมหาบัณฑิต","TH","ไทย"," "," "," ","ไม่","99997","วุฒิเพิ่มเติม","20081104"
"10022967","20010530","99991231","D1","ปริญญาตรี/เทียบเท่า","2200000003","จุฬาลงกรณ์มหาวิทยาลัย","00000000","--ไม่สามารถระบุได้--","20260","วิศวกรรมศาสตรบัณฑิต","TH","ไทย"," "," "," ","ไม่","99997","วุฒิเพิ่มเติม","20050531"
"10022967","20101012","99991231","H1","ปริญญาเอก/เทียบเท่า","2200000003","จุฬาลงกรณ์มหาวิทยาลัย","00000000","--ไม่สามารถระบุได้--","20259","วิศวกรรมศาสตรดุษฎีบัณฑิต","TH","ไทย"," "," ","X","ใช่","99999","วุฒิเริ่มบรรจุ","20180810"
"10023002","20130529","99991231","F1","ปริญญาโท/เทียบเท่า","2200000003","จุฬาลงกรณ์มหาวิทยาลัย","00000000","--ไม่สามารถระบุได้--","20261","วิศวกรรมศาสตรมหาบัณฑิต","TH","ไทย"," "," "," ","ไม่","99997","วุฒิเพิ่มเติม","20160425"
"10023002","20090528","99991231","D1","ปริญญาตรี/เทียบเท่า","2200000003","จุฬาลงกรณ์มหาวิทยาลัย","00000000","--ไม่สามารถระบุได้--","20260","วิศวกรรมศาสตรบัณฑิต","TH","ไทย"," "," "," ","ไม่","99997","วุฒิเพิ่มเติม","20130530"
"10023002","","99991231","H1","ปริญญาเอก/เทียบเท่า","1200000204","Hokkaido University","00000000","--ไม่สามารถระบุได้--","10314","Doctor of Philosophy","JP","Japan"," "," ","X","ใช่","99999","วุฒิเริ่มบรรจุ","20190925"
"10011760","","99991231","D1","ปริญญาตรี/เทียบเท่า","2200000406","สถาบันราชภัฎจันทรเกษม","20000550","ประถมศึกษา","20006","การศึกษาบัณฑิต","TH","ไทย"," "," ","X","ใช่","99999","วุฒิเริ่มบรรจุ","19980320"
"10016826","","99991231","D1","ปริญญาตรี/เทียบเท่า","2200000061","มหาวิทยาลัยราชภัฏสวนดุสิต","20000073","การตลาด","20043","บริหารธุรกิจบัณฑิต","TH","ไทย"," "," ","X","ใช่","99999","วุฒิเริ่มบรรจุ","20070331"
"10023096","","99991231","H1","ปริญญาเอก/เทียบเท่า","1200000859","University of Ulster","10000336","Engineering","10314","Doctor of Philosophy","GB","United Kingdom"," "," ","X","ใช่","99999","วุฒิเริ่มบรรจุ","20161219"
"10002909","19940526","99991231","D1","ปริญญาตรี/เทียบเท่า","2200000003","จุฬาลงกรณ์มหาวิทยาลัย","20000883","วิศวกรรมโยธา","20260","วิศวกรรมศาสตรบัณฑิต","TH","ไทย"," "," "," ","ไม่","99997","วุฒิเพิ่มเติม","19980324"
"10002909","20001001","99991231","H1","ปริญญาเอก/เทียบเท่า","1200000811","University of Oxford","10000342","Engineering Science and Mechanics","10314","Doctor of Philosophy","GB","United Kingdom"," "," ","X","ใช่","99999","วุฒิเริ่มบรรจุ","20040228"
"10002909","19980903","99991231","F1","ปริญญาโท/เทียบเท่า","1200000024","Asian Institute of Technology (AIT)","10000172","Civil Engineering","10461","Master of Engineering","TH","ไทย"," "," "," ","ไม่","99997","วุฒิเพิ่มเติม","20000321"
"10022964","19990525","99991231","F1","ปริญญาโท/เทียบเท่า","2200000003","จุฬาลงกรณ์มหาวิทยาลัย","20000878","วิศวกรรมไฟฟ้า","20261","วิศวกรรมศาสตรมหาบัณฑิต","TH","ไทย"," "," "," ","ไม่","99997","วุฒิเพิ่มเติม","20020531"
"10022964","19950529","99991231","D1","ปริญญาตรี/เทียบเท่า","2200000003","จุฬาลงกรณ์มหาวิทยาลัย","20000878","วิศวกรรมไฟฟ้า","20260","วิศวกรรมศาสตรบัณฑิต","TH","ไทย","01","เกียรตินิยมอันดับ 2"," ","ไม่","99997","วุฒิเพิ่มเติม","19990504"
"10022964","","99991231","H1","ปริญญาเอก/เทียบเท่า","1200000424","Oregon State University","10001075","Electrical and Computer Engineering","10314","Doctor of Philosophy","US","USA"," "," ","X","ใช่","99999","วุฒิเริ่มบรรจุ","20110702"
"10004707","20020529","99991231","F1","ปริญญาโท/เทียบเท่า","2200000003","จุฬาลงกรณ์มหาวิทยาลัย","20000501","บรรณารักษศาสตร์และสารนิเทศศาสตร์","20375","อักษรศาสตรมหาบัณฑิต","TH","ไทย"," "," ","X","ใช่","99999","วุฒิเริ่มบรรจุ","20060522"
"10023240","20150728","99991231","H1","ปริญญาเอก/เทียบเท่า","2200000003","จุฬาลงกรณ์มหาวิทยาลัย","20000891","วิศวกรรมสำรวจ","20259","วิศวกรรมศาสตรดุษฎีบัณฑิต","TH","ไทย"," "," ","X","ใช่","99999","วุฒิเริ่มบรรจุ","20200708"
"10023304","19980518","99991231","H1","ปริญญาเอก/เทียบเท่า","2200000003","จุฬาลงกรณ์มหาวิทยาลัย","00000000","--ไม่สามารถระบุได้--","20259","วิศวกรรมศาสตรดุษฎีบัณฑิต","TH","ไทย"," "," ","X","ใช่","99999","วุฒิเริ่มบรรจุ","20030530"
"80002609","","99991231","H1","ปริญญาเอก/เทียบเท่า","0000000000","--ไม่สามารถระบุได้--","10000778","Petroleum Engineering","20259","วิศวกรรมศาสตรดุษฎีบัณฑิต","US","USA"," "," "," ","ไม่","00001","--ไม่สามารถระบุได้--","20220101"
"10023396","20140718","99991231","D1","ปริญญาตรี/เทียบเท่า","2200000013","มหาวิทยาลัยขอนแก่น","20000659","ภาษาไทย","20312","ศิลปศาสตรบัณฑิต","TH","ไทย","01","เกียรตินิยมอันดับ 2","X","ใช่","99999","วุฒิเริ่มบรรจุ","20180129"
"10021244","20110606","99991231","D1","ปริญญาตรี/เทียบเท่า","2200000011","มหาวิทยาลัยเกษตรศาสตร์","20001018","สังคมวิทยาและมานุษยวิทยา","20332","สังคมวิทยาและมนุษยวิทยาบัณฑิต","TH","ไทย"," "," ","X","ใช่","99999","วุฒิเริ่มบรรจุ","20160530"
"10023660","20180719","99991231","F1","ปริญญาโท/เทียบเท่า","2200000003","จุฬาลงกรณ์มหาวิทยาลัย","20000878","วิศวกรรมไฟฟ้า","20261","วิศวกรรมศาสตรมหาบัณฑิต","TH","ไทย"," "," ","X","ใช่","99997","วุฒิเพิ่มเติม","20200807"
"10023660","20140730","99991231","D1","ปริญญาตรี/เทียบเท่า","2200000003","จุฬาลงกรณ์มหาวิทยาลัย","20000878","วิศวกรรมไฟฟ้า","20260","วิศวกรรมศาสตรบัณฑิต","TH","ไทย","01","เกียรตินิยมอันดับ 2"," ","ไม่","99999","วุฒิเริ่มบรรจุ","20180702"
"10023770","","99991231","H1","ปริญญาเอก/เทียบเท่า","0000000000","--ไม่สามารถระบุได้--","10000658","Medical Science","10314","Doctor of Philosophy","GB","United Kingdom"," "," ","X","ใช่","99999","วุฒิเริ่มบรรจุ","20190829"
"10023957","","99991231","H1","ปริญญาเอก/เทียบเท่า","1200000595","Tokyo Institute of Technology","00000000","--ไม่สามารถระบุได้--","10297","Doctor of Engineering","JP","Japan"," "," ","X","ใช่","99999","วุฒิเริ่มบรรจุ","20140326"
"10023999","20110606","99991231","D1","ปริญญาตรี/เทียบเท่า","2200000067","มหาวิทยาลัยศรีนครินทรวิโรฒ","00000000","--ไม่สามารถระบุได้--","20256","วิทยาศาสตรบัณฑิต","TH","ไทย"," "," "," ","ไม่","99997","วุฒิเพิ่มเติม","20150603"
"10023999","20160815","99991231","F1","ปริญญาโท/เทียบเท่า","2200000067","มหาวิทยาลัยศรีนครินทรวิโรฒ","00000000","--ไม่สามารถระบุได้--","20258","วิทยาศาสตรมหาบัณฑิต","TH","ไทย"," "," ","X","ใช่","99999","วุฒิเริ่มบรรจุ","20190910"
"10013658","20030529","99991231","H1","ปริญญาเอก/เทียบเท่า","2200000003","จุฬาลงกรณ์มหาวิทยาลัย","10000214","Computer Science and Engineering","20259","วิศวกรรมศาสตรดุษฎีบัณฑิต","TH","ไทย"," "," ","X","ใช่","99999","วุฒิเริ่มบรรจุ","20080526"
"10024118","20091006","99991231","F1","ปริญญาโท/เทียบเท่า","2200000003","จุฬาลงกรณ์มหาวิทยาลัย","10000322","Electrical Engineering","10461","Master of Engineering","TH","ไทย"," "," "," ","ไม่","99997","วุฒิเพิ่มเติม","20130527"
"10024118","20050601","99991231","D1","ปริญญาตรี/เทียบเท่า","2200000003","จุฬาลงกรณ์มหาวิทยาลัย","10000322","Electrical Engineering","10048","Bachelor of Engineering","TH","ไทย"," "," "," ","ไม่","99997","วุฒิเพิ่มเติม","20090504"
"10024118","20180401","99991231","H1","ปริญญาเอก/เทียบเท่า","1200000595","Tokyo Institute of Technology","10001173","Information Science and Engineering","10314","Doctor of Philosophy","JP","Japan"," "," ","X","ใช่","99999","วุฒิเริ่มบรรจุ","20210326"
"10024124","19890508","99991231","D1","ปริญญาตรี/เทียบเท่า","2200000003","จุฬาลงกรณ์มหาวิทยาลัย","10000778","Petroleum Engineering","10052","Bachelor of Science","TH","ไทย"," "," "," ","ไม่","99997","วุฒิเพิ่มเติม","19930312"
"10024124","19980112","99991231","H1","ปริญญาเอก/เทียบเท่า","0000000000","--ไม่สามารถระบุได้--","10000778","Petroleum Engineering","10314","Doctor of Philosophy","US","USA"," "," ","X","ใช่","99999","วุฒิเริ่มบรรจุ","20020511"
"10024124","19940110","99991231","F1","ปริญญาโท/เทียบเท่า","1200000099","Colorado School of Mines","10000778","Petroleum Engineering","10426","Master Degree","US","USA"," "," "," ","ไม่","99997","วุฒิเพิ่มเติม","19960513"
"10024284","20171001","99991231","H1","ปริญญาเอก/เทียบเท่า","1200000280","Kyushu University","00000000","--ไม่สามารถระบุได้--","10297","Doctor of Engineering","JP","Japan"," "," ","X","ใช่","99999","วุฒิเริ่มบรรจุ","20200925"
"10024321","19940101","99991231","F1","ปริญญาโท/เทียบเท่า","1200000771","University of Manchester","10000323","Electrical Power Engineering","10503","Master of Science","GB","United Kingdom"," "," "," ","ไม่","99998","ปรับวุฒิ","19950101"
"10024321","19900101","99991231","D1","ปริญญาตรี/เทียบเท่า","2200000003","จุฬาลงกรณ์มหาวิทยาลัย","20000878","วิศวกรรมไฟฟ้า","20260","วิศวกรรมศาสตรบัณฑิต","TH","ไทย"," "," "," ","ไม่","99999","วุฒิเริ่มบรรจุ","19930101"
"10024321","","99991231","H1","ปริญญาเอก/เทียบเท่า","1200000688","University of Alberta","00000000","--ไม่สามารถระบุได้--","10314","Doctor of Philosophy","CA","Canada"," "," ","X","ใช่","99997","วุฒิเพิ่มเติม","20100601"
"10024456","20110525","99991231","C3","ปวส.หรือเทียบเท่า","2100000241","โรงเรียนดุสิตพณิชยการ","20000505","บริหารการตลาด","20172","ประกาศนียบัตรวิชาชีพชั้นสูง","TH","ไทย"," "," ","X","ใช่","99999","วุฒิเริ่มบรรจุ","20130313"
"10024402","20140818","99991231","D1","ปริญญาตรี/เทียบเท่า","2200000011","มหาวิทยาลัยเกษตรศาสตร์","00000000","--ไม่สามารถระบุได้--","20043","บริหารธุรกิจบัณฑิต","TH","ไทย","00","เกียรตินิยมอันดับ 1"," ","ไม่","99997","วุฒิเพิ่มเติม","20180521"
"10024402","20180811","99991231","F1","ปริญญาโท/เทียบเท่า","2200000011","มหาวิทยาลัยเกษตรศาสตร์","00000000","--ไม่สามารถระบุได้--","20044","บริหารธุรกิจมหาบัณฑิต","TH","ไทย"," "," ","X","ใช่","99999","วุฒิเริ่มบรรจุ","20200817"
"10023299","","99991231","H1","ปริญญาเอก/เทียบเท่า","1200000797","University of Newcastle Upon Tyne","00000000","--ไม่สามารถระบุได้--","10314","Doctor of Philosophy","GB","United Kingdom"," "," ","X","ใช่","99999","วุฒิเริ่มบรรจุ","20191030"
"10024657","20130610","99991231","D1","ปริญญาตรี/เทียบเท่า","2200000008","มหาวิทยาลัยกรุงเทพ","20000659","ภาษาไทย","20312","ศิลปศาสตรบัณฑิต","TH","ไทย"," "," ","X","ใช่","99999","วุฒิเริ่มบรรจุ","20161219"
"10020541","19990614","99991231","D1","ปริญญาตรี/เทียบเท่า","2200000056","มหาวิทยาลัยราชภัฏบ้านสมเด็จเจ้าพระยา","20000245","คอมพิวเตอร์","20320","ศึกษาศาสตรบัณฑิต","TH","ไทย"," "," ","X","ใช่","99999","วุฒิเริ่มบรรจุ","20021115"
"10002311","19940603","99991231","D1","ปริญญาตรี/เทียบเท่า","2200000082","มหาวิทยาลัยสยาม","20000645","ไฟฟ้ากำลัง","20260","วิศวกรรมศาสตรบัณฑิต","TH","ไทย"," "," ","X","ใช่","99999","วุฒิเริ่มบรรจุ","19960602"
"10023651","","99991231","H1","ปริญญาเอก/เทียบเท่า","1200000774","University of Maryland","10000322","Electrical Engineering","10314","Doctor of Philosophy","US","USA"," "," ","X","ใช่","99999","วุฒิเริ่มบรรจุ","20070520"
"10003224","20000601","99991231","D1","ปริญญาตรี/เทียบเท่า","2200000405","สถาบันราชภัฎกำแพงเพชร","20000739","รัฐประศาสนศาสตร์","20312","ศิลปศาสตรบัณฑิต","TH","ไทย"," "," ","X","ใช่","99999","วุฒิเริ่มบรรจุ","20040306"
"10023738","20150929","99991231","D1","ปริญญาตรี/เทียบเท่า","2200000003","จุฬาลงกรณ์มหาวิทยาลัย","20000871","วิศวกรรมเคมี","20260","วิศวกรรมศาสตรบัณฑิต","TH","ไทย"," "," ","X","ใช่","99999","วุฒิเริ่มบรรจุ","20190613"
"10023602","20041101","99991231","C4","ต่ำกว่าปริญญาตรี","0000000000","--ไม่สามารถระบุได้--","20000016","กฎหมายมหาชน","20062","ประกาศนียบัตร","TH","ไทย"," "," "," ","ไม่","99997","วุฒิเพิ่มเติม","20050401"
"10023602","19870901","99991231","F1","ปริญญาโท/เทียบเท่า","2200000398","สถาบันเทคโนโลยีแห่งเอเชีย","20000283","โครงสร้างและการก่อสร้าง","20261","วิศวกรรมศาสตรมหาบัณฑิต","TH","ไทย"," "," "," ","ไม่","99998","ปรับวุฒิ","19890430"
"10023602","19830601","99991231","D1","ปริญญาตรี/เทียบเท่า","2200000003","จุฬาลงกรณ์มหาวิทยาลัย","20000883","วิศวกรรมโยธา","20260","วิศวกรรมศาสตรบัณฑิต","TH","ไทย"," "," "," ","ไม่","99999","วุฒิเริ่มบรรจุ","19870330"
"10023602","19891001","99991231","H1","ปริญญาเอก/เทียบเท่า","1200000851","University of Tokoyo","10000172","Civil Engineering","10297","Doctor of Engineering","JP","Japan"," "," ","X","ใช่","99998","ปรับวุฒิ","19920930"
"10023771","19991107","99991231","D1","ปริญญาตรี/เทียบเท่า","2200000426","สถาบันราชภัฎรำไพพรรณี","20000057","การจัดการทั่วไป, การบัญชี","20312","ศิลปศาสตรบัณฑิต","TH","ไทย"," "," ","X","ใช่","99999","วุฒิเริ่มบรรจุ","20020323"
"10024696","20160728","99991231","D1","ปริญญาตรี/เทียบเท่า","2200000003","จุฬาลงกรณ์มหาวิทยาลัย","20000254","เคมี","20256","วิทยาศาสตรบัณฑิต","TH","ไทย"," "," ","X","ใช่","99999","วุฒิเริ่มบรรจุ","20200806"
"10016420","19950529","99991231","D1","ปริญญาตรี/เทียบเท่า","2200000003","จุฬาลงกรณ์มหาวิทยาลัย","20000878","วิศวกรรมไฟฟ้า","20260","วิศวกรรมศาสตรบัณฑิต","TH","ไทย"," "," "," ","ไม่","99997","วุฒิเพิ่มเติม","19990504"
"10016420","20050926","99991231","H1","ปริญญาเอก/เทียบเท่า","1200000704","University of California","10000322","Electrical Engineering","10314","Doctor of Philosophy","US","USA"," "," ","X","ใช่","99999","วุฒิเริ่มบรรจุ","20100910"
"10016420","19990525","99991231","F1","ปริญญาโท/เทียบเท่า","2200000003","จุฬาลงกรณ์มหาวิทยาลัย","20000878","วิศวกรรมไฟฟ้า","20261","วิศวกรรมศาสตรมหาบัณฑิต","TH","ไทย"," "," "," ","ไม่","99997","วุฒิเพิ่มเติม","20021028"
"10002567","19980601","99991231","C3","ปวส.หรือเทียบเท่า","2200000152","วิทยาเขตจักรพงษภูวนาถ","20000104","การบัญชี","20172","ประกาศนียบัตรวิชาชีพชั้นสูง","TH","ไทย"," "," "," ","ไม่","99997","วุฒิเพิ่มเติม","20000322"
"10002567","20020601","99991231","D1","ปริญญาตรี/เทียบเท่า","2200000026","มหาวิทยาลัยเทคโนโลยีราชมงคลธัญบุรี","20000052","การจัดการทั่วไป","20043","บริหารธุรกิจบัณฑิต","TH","ไทย"," "," ","X","ใช่","99999","วุฒิเริ่มบรรจุ","20050306"
"10001825","19950529","99991231","D1","ปริญญาตรี/เทียบเท่า","2200000003","จุฬาลงกรณ์มหาวิทยาลัย","10000207","Computer","20260","วิศวกรรมศาสตรบัณฑิต","TH","ไทย"," "," "," ","ไม่","99997","วุฒิเพิ่มเติม","19981021"
"10001825","","99991231","H1","ปริญญาเอก/เทียบเท่า","1200000338","Michigan State University","10000213","Computer Science","10314","Doctor of Philosophy","US","USA"," "," ","X","ใช่","99998","ปรับวุฒิ","20100601"
"10001825","19981009","99991231","F1","ปริญญาโท/เทียบเท่า","2200000003","จุฬาลงกรณ์มหาวิทยาลัย","20000245","คอมพิวเตอร์","20261","วิศวกรรมศาสตรมหาบัณฑิต","TH","ไทย"," "," "," ","ไม่","99999","วุฒิเริ่มบรรจุ","20001101"
"10024154","20040601","99991231","D1","ปริญญาตรี/เทียบเท่า","2200000003","จุฬาลงกรณ์มหาวิทยาลัย","20000883","วิศวกรรมโยธา","20260","วิศวกรรมศาสตรบัณฑิต","TH","ไทย","01","เกียรตินิยมอันดับ 2"," ","ไม่","99997","วุฒิเพิ่มเติม","20080513"
"10024154","20101001","99991231","H1","ปริญญาเอก/เทียบเท่า","1200000204","Hokkaido University","00000000","--ไม่สามารถระบุได้--","10314","Doctor of Philosophy","JP","Japan"," "," ","X","ใช่","99999","วุฒิเริ่มบรรจุ","20130925"
"10024154","20081001","99991231","F1","ปริญญาโท/เทียบเท่า","1200000204","Hokkaido University","10000118","Built Environment","10461","Master of Engineering","JP","Japan"," "," "," ","ไม่","99997","วุฒิเพิ่มเติม","20100924"
"10024320","19830101","99991231","D1","ปริญญาตรี/เทียบเท่า","2200000003","จุฬาลงกรณ์มหาวิทยาลัย","20000871","วิศวกรรมเคมี","20260","วิศวกรรมศาสตรบัณฑิต","TH","ไทย"," "," "," ","ไม่","99999","วุฒิเริ่มบรรจุ","19870101"
"10024320","19900101","99991231","H1","ปริญญาเอก/เทียบเท่า","1200000852","University of Tokyo","10000145","Chemical Energy Engineering","10297","Doctor of Engineering","JP","Japan"," "," ","X","ใช่","99998","ปรับวุฒิ","19930101"
"10024320","19880101","99991231","F1","ปริญญาโท/เทียบเท่า","1200000852","University of Tokyo","10000145","Chemical Energy Engineering","10461","Master of Engineering","JP","Japan"," "," "," ","ไม่","99998","ปรับวุฒิ","19900101"
"10024330","20070528","99991231","F1","ปริญญาโท/เทียบเท่า","2200000003","จุฬาลงกรณ์มหาวิทยาลัย","00000000","--ไม่สามารถระบุได้--","20261","วิศวกรรมศาสตรมหาบัณฑิต","TH","ไทย"," "," "," ","ไม่","99997","วุฒิเพิ่มเติม","20100215"
"10024330","20091001","99991231","H1","ปริญญาเอก/เทียบเท่า","1200000204","Hokkaido University","10000292","Economics","10314","Doctor of Philosophy","JP","Japan"," "," ","X","ใช่","99999","วุฒิเริ่มบรรจุ","20170323"
"10024331","19960524","99991231","D1","ปริญญาตรี/เทียบเท่า","2200000003","จุฬาลงกรณ์มหาวิทยาลัย","20000870","วิศวกรรมคอมพิวเตอร์","20260","วิศวกรรมศาสตรบัณฑิต","TH","ไทย","01","เกียรตินิยมอันดับ 2"," ","ไม่","99997","วุฒิเพิ่มเติม","20000324"
"10024331","20040701","99991231","H1","ปริญญาเอก/เทียบเท่า","0000000000","--ไม่สามารถระบุได้--","10000510","Information Technology","10314","Doctor of Philosophy","AU","Australia"," "," ","X","ใช่","99999","วุฒิเริ่มบรรจุ","20090708"
"10024331","20020601","99991231","F1","ปริญญาโท/เทียบเท่า","0000000000","--ไม่สามารถระบุได้--","00000000","--ไม่สามารถระบุได้--","10462","Master of Engineering Science","AU","Australia"," "," "," ","ไม่","99997","วุฒิเพิ่มเติม","20030723"
"10024368","20040112","99991231","F1","ปริญญาโท/เทียบเท่า","1200000397","North Carolina State University","10000499","Industrial Engineering","10461","Master of Engineering","US","USA"," "," "," ","ไม่","99997","วุฒิเพิ่มเติม","20060513"
"10024368","19970523","99991231","D1","ปริญญาตรี/เทียบเท่า","2200000003","จุฬาลงกรณ์มหาวิทยาลัย","20000899","วิศวกรรมอุตสาหการ","20205","ปริญญาตรี","TH","ไทย","01","เกียรตินิยมอันดับ 2"," ","ไม่","99997","วุฒิเพิ่มเติม","20010411"
"10024368","20060823","99991231","H1","ปริญญาเอก/เทียบเท่า","1200000397","North Carolina State University","10000499","Industrial Engineering","10314","Doctor of Philosophy","US","USA"," "," ","X","ใช่","99999","วุฒิเริ่มบรรจุ","20101218"
"10003451","20000601","99991231","D1","ปริญญาตรี/เทียบเท่า","2200000405","สถาบันราชภัฎกำแพงเพชร","20000739","รัฐประศาสนศาสตร์","20312","ศิลปศาสตรบัณฑิต","TH","ไทย"," "," ","X","ใช่","99999","วุฒิเริ่มบรรจุ","20040306"
"10024656","20140813","99991231","D1","ปริญญาตรี/เทียบเท่า","2200000038","มหาวิทยาลัยบูรพา","20001233","การจัดการการท่องเที่ยว","20043","บริหารธุรกิจบัณฑิต","TH","ไทย"," "," ","X","ใช่","99999","วุฒิเริ่มบรรจุ","20180611"
"10024581","20030530","99991231","D1","ปริญญาตรี/เทียบเท่า","2200000003","จุฬาลงกรณ์มหาวิทยาลัย","00000000","--ไม่สามารถระบุได้--","20260","วิศวกรรมศาสตรบัณฑิต","TH","ไทย","01","เกียรตินิยมอันดับ 2"," ","ไม่","99997","วุฒิเพิ่มเติม","20070418"
"10024581","20130529","99991231","H1","ปริญญาเอก/เทียบเท่า","2200000003","จุฬาลงกรณ์มหาวิทยาลัย","20000873","วิศวกรรมเครื่องกล","20259","วิศวกรรมศาสตรดุษฎีบัณฑิต","TH","ไทย"," "," ","X","ใช่","99999","วุฒิเริ่มบรรจุ","20200807"
"10024581","20070528","99991231","F1","ปริญญาโท/เทียบเท่า","2200000003","จุฬาลงกรณ์มหาวิทยาลัย","00000000","--ไม่สามารถระบุได้--","20261","วิศวกรรมศาสตรมหาบัณฑิต","TH","ไทย"," "," "," ","ไม่","99997","วุฒิเพิ่มเติม","20100531"
"10024806","","99991231","H1","ปริญญาเอก/เทียบเท่า","1200001048","Florida International University","10000172","Civil Engineering","10314","Doctor of Philosophy","US","USA"," "," ","X","ใช่","99999","วุฒิเริ่มบรรจุ","20160507"
"10024837","20130603","99991231","D1","ปริญญาตรี/เทียบเท่า","2200000375","สถาบันเทคโนโลยีพระจอมเกล้าเจ้าคุณทหารลาดกระบัง","20000682","ภาษาอังกฤษ","20312","ศิลปศาสตรบัณฑิต","TH","ไทย","01","เกียรตินิยมอันดับ 2"," ","ไม่","99999","วุฒิเริ่มบรรจุ","20170613"
"10024837","20180814","99991231","F1","ปริญญาโท/เทียบเท่า","2200000003","จุฬาลงกรณ์มหาวิทยาลัย","20001180","การแปลและการล่าม","20375","อักษรศาสตรมหาบัณฑิต","TH","ไทย"," "," ","X","ใช่","99997","วุฒิเพิ่มเติม","20210113"
"10024839","20000430","99991231","F1","ปริญญาโท/เทียบเท่า","2200000088","มหาวิทยาลัยอัสสัมชัญ","20000094","การบริหารธุรกิจ","20044","บริหารธุรกิจมหาบัณฑิต","TH","ไทย"," "," ","X","ใช่","99999","วุฒิเริ่มบรรจุ","20021220"
"10001999","19920528","99991231","D1","ปริญญาตรี/เทียบเท่า","2200000003","จุฬาลงกรณ์มหาวิทยาลัย","20000787","วาทวิทยา","20037","นิเทศศาสตรบัณฑิต","TH","ไทย"," "," ","X","ใช่","99999","วุฒิเริ่มบรรจุ","19960320"
"10025061","","99991231","F1","ปริญญาโท/เทียบเท่า","1200000220","Imperial College University of London","10000147","Chemical Engineering","10503","Master of Science","GB","United Kingdom"," "," "," ","ไม่","99997","วุฒิเพิ่มเติม","20101101"
"10025061","20040601","99991231","D1","ปริญญาตรี/เทียบเท่า","2200000003","จุฬาลงกรณ์มหาวิทยาลัย","20000871","วิศวกรรมเคมี","20260","วิศวกรรมศาสตรบัณฑิต","TH","ไทย","00","เกียรตินิยมอันดับ 1"," ","ไม่","99997","วุฒิเพิ่มเติม","20080401"
"10025061","","99991231","H1","ปริญญาเอก/เทียบเท่า","1200000220","Imperial College University of London","10000146","Chemical Engineeing","10314","Doctor of Philosophy","GB","United Kingdom"," "," ","X","ใช่","99999","วุฒิเริ่มบรรจุ","20160301"
"10003640","20000101","99991231","F1","ปริญญาโท/เทียบเท่า","1200000231","Insa Toulouse","20000892","วิศวกรรมสิ่งแวดล้อม","10461","Master of Engineering","FR","France"," "," "," ","ไม่","99999","วุฒิเริ่มบรรจุ","20011201"
"10003640","19950529","99991231","D1","ปริญญาตรี/เทียบเท่า","2200000003","จุฬาลงกรณ์มหาวิทยาลัย","20000892","วิศวกรรมสิ่งแวดล้อม","20260","วิศวกรรมศาสตรบัณฑิต","TH","ไทย"," "," "," ","ไม่","99997","วุฒิเพิ่มเติม","19990519"
"10003640","20020101","99991231","H1","ปริญญาเอก/เทียบเท่า","1200000231","Insa Toulouse","20001045","สิ่งแวดล้อม","10297","Doctor of Engineering","FR","France"," "," ","X","ใช่","99997","วุฒิเพิ่มเติม","20050129"
"10002015","19941101","99991231","D1","ปริญญาตรี/เทียบเท่า","2200000016","มหาวิทยาลัยเซนต์จอห์น","20000047","การจัดการ","10042","Bachelor of Business Administration","TH","ไทย"," "," ","X","ใช่","99999","วุฒิเริ่มบรรจุ","19970321"
"10003433","19990801","99991231","F1","ปริญญาโท/เทียบเท่า","1200000709","University of California, Berkeley","10000650","Mechanical Engineering","10503","Master of Science","US","USA"," "," "," ","ไม่","99999","วุฒิเริ่มบรรจุ","20010331"
"10003433","19930527","99991231","D1","ปริญญาตรี/เทียบเท่า","2200000003","จุฬาลงกรณ์มหาวิทยาลัย","20000873","วิศวกรรมเครื่องกล","20260","วิศวกรรมศาสตรบัณฑิต","TH","ไทย"," "," "," ","ไม่","99997","วุฒิเพิ่มเติม","19970404"
"10003433","20010401","99991231","H1","ปริญญาเอก/เทียบเท่า","1200000709","University of California, Berkeley","10000650","Mechanical Engineering","10314","Doctor of Philosophy","US","USA"," "," ","X","ใช่","99997","วุฒิเพิ่มเติม","20050520"
"10025137","20180806","99991231","D1","ปริญญาตรี/เทียบเท่า","2200000015","มหาวิทยาลัยเชียงใหม่","20000899","วิศวกรรมอุตสาหการ","20260","วิศวกรรมศาสตรบัณฑิต","TH","ไทย"," "," ","X","ใช่","99999","วุฒิเริ่มบรรจุ","20220314"
"10001690","19950601","99991231","C3","ปวส.หรือเทียบเท่า","2100000764","โรงเรียนพณิชยการสามเสน","20000247","คอมพิวเตอร์ธุรกิจ","20172","ประกาศนียบัตรวิชาชีพชั้นสูง","TH","ไทย"," "," "," ","ไม่","99997","วุฒิเพิ่มเติม","19970331"
"10001690","19980604","99991231","D1","ปริญญาตรี/เทียบเท่า","2200000062","มหาวิทยาลัยราชภัฏสวนสุนันทา","20000062","การจัดการทั่วไปคอมพิวเตอร์ธุรกิจ","20312","ศิลปศาสตรบัณฑิต","TH","ไทย"," "," ","X","ใช่","99999","วุฒิเริ่มบรรจุ","20001030"
"10025458","20040101","99991231","F1","ปริญญาโท/เทียบเท่า","1200000059","California State University","10000214","Computer Science and Engineering","10503","Master of Science","US","USA"," "," "," ","ไม่","99997","วุฒิเพิ่มเติม","20060526"
"10025458","19990531","99991231","D1","ปริญญาตรี/เทียบเท่า","2200000003","จุฬาลงกรณ์มหาวิทยาลัย","20000870","วิศวกรรมคอมพิวเตอร์","20260","วิศวกรรมศาสตรบัณฑิต","TH","ไทย"," "," "," ","ไม่","99997","วุฒิเพิ่มเติม","20030331"
"10025458","20100531","99991231","H1","ปริญญาเอก/เทียบเท่า","2200000003","จุฬาลงกรณ์มหาวิทยาลัย","20000870","วิศวกรรมคอมพิวเตอร์","20259","วิศวกรรมศาสตรดุษฎีบัณฑิต","TH","ไทย"," "," ","X","ใช่","99999","วุฒิเริ่มบรรจุ","20160205"
"10025505","20170821","99991231","D1","ปริญญาตรี/เทียบเท่า","0000000000","--ไม่สามารถระบุได้--","00000000","--ไม่สามารถระบุได้--","20043","บริหารธุรกิจบัณฑิต","TH","ไทย"," "," "," ","ไม่","99999","วุฒิเริ่มบรรจุ","20201211"
"10025505","20230807","99991231","F1","ปริญญาโท/เทียบเท่า","2200000003","จุฬาลงกรณ์มหาวิทยาลัย","20000507","บริหารการศึกษา","20015","ครุศาสตรมหาบัณฑิต","TH","ไทย"," "," ","X","ใช่","99997","วุฒิเพิ่มเติม","20250801"
"00013127","19610101","99991231","D1","ปริญญาตรี/เทียบเท่า","1200000738","University of Genoa","00000000","--ไม่สามารถระบุได้--","10057","Biennio D'ingegnena","FR","France"," "," "," ","ไม่","99999","วุฒิเริ่มบรรจุ","19640101"
"00013127","19640101","99991231","H1","ปริญญาเอก/เทียบเท่า","1200000738","University of Genoa","20000878","วิศวกรรมไฟฟ้า","10353","Doltore in Ingegnera","FR","France"," "," ","X","ใช่","99998","ปรับวุฒิ","19680101"
"00038245","19890101","99991231","F1","ปริญญาโท/เทียบเท่า","1200000595","Tokyo Institute of Technology","10000223","Control Engineering","10461","Master of Engineering","JP","Japan"," "," "," ","ไม่","99998","ปรับวุฒิ","19910101"
"00038245","19840101","99991231","D1","ปริญญาตรี/เทียบเท่า","2200000003","จุฬาลงกรณ์มหาวิทยาลัย","20000878","วิศวกรรมไฟฟ้า","20260","วิศวกรรมศาสตรบัณฑิต","TH","ไทย"," "," "," ","ไม่","99999","วุฒิเริ่มบรรจุ","19880101"
"00038245","19910101","99991231","H1","ปริญญาเอก/เทียบเท่า","1200000595","Tokyo Institute of Technology","10000223","Control Engineering","10297","Doctor of Engineering","JP","Japan"," "," ","X","ใช่","99998","ปรับวุฒิ","19940101"
"10019911","20070601","99991231","D1","ปริญญาตรี/เทียบเท่า","2200000025","มหาวิทยาลัยเทคโนโลยีราชมงคลตะวันออก (จักรพงษภูวนารถ)","20000687","ภาษาอังกฤษเพื่อการสื่อสาร","20312","ศิลปศาสตรบัณฑิต","TH","ไทย"," "," ","X","ใช่","99999","วุฒิเริ่มบรรจุ","20110225"
"10023664","","99991231","B2","มัธยมศึกษาตอนปลาย","0000000000","--ไม่สามารถระบุได้--","00000000","--ไม่สามารถระบุได้--","20243","มัธยมศึกษาตอนปลาย","TH","ไทย"," "," ","X","ใช่","99999","วุฒิเริ่มบรรจุ","20040329"
"10013593","19980522","99991231","D1","ปริญญาตรี/เทียบเท่า","2200000003","จุฬาลงกรณ์มหาวิทยาลัย","20000883","วิศวกรรมโยธา","20260","วิศวกรรมศาสตรบัณฑิต","TH","ไทย","01","เกียรตินิยมอันดับ 2"," ","ไม่","99997","วุฒิเพิ่มเติม","20020521"
"10013593","19980522","99991231","H1","ปริญญาเอก/เทียบเท่า","1200000204","Hokkaido University","10000957","Structural and Geotechnical Engineering","10297","Doctor of Engineering","JP","Japan"," "," ","X","ใช่","99999","วุฒิเริ่มบรรจุ","20020521"
"10013593","20021001","99991231","F1","ปริญญาโท/เทียบเท่า","1200000204","Hokkaido University","10000957","Structural and Geotechnical Engineering","10461","Master of Engineering","JP","Japan"," "," "," ","ไม่","99997","วุฒิเพิ่มเติม","20040924"
"10026639","19840930","99991231","H1","ปริญญาเอก/เทียบเท่า","1200000279","Kyoto University","10000436","Geotechnical Engineering","10297","Doctor of Engineering","JP","Japan"," "," ","X","ใช่","99999","วุฒิเริ่มบรรจุ","19880330"
"00036013","19840101","99991231","C3","ปวส.หรือเทียบเท่า","2200000234","วิทยาลัยเทคนิคนครราชสีมา","20000328","ช่างเทคนิคโลหะ","20172","ประกาศนียบัตรวิชาชีพชั้นสูง","TH","ไทย"," "," "," ","ไม่","99999","วุฒิเริ่มบรรจุ","19860101"
"00036013","19930303","99991231","D1","ปริญญาตรี/เทียบเท่า","2200000057","มหาวิทยาลัยราชภัฏพระนคร","20000417","เทคโนโลยีการผลิต","20256","วิทยาศาสตรบัณฑิต","TH","ไทย"," "," ","X","ใช่","99997","วุฒิเพิ่มเติม","19950606"
"10004710","20061030","99991231","D1","ปริญญาตรี/เทียบเท่า","0000000000","--ไม่สามารถระบุได้--","20000047","การจัดการ","20043","บริหารธุรกิจบัณฑิต","TH","ไทย"," "," "," ","ไม่","99997","วุฒิเพิ่มเติม","20090316"
"10004710","20040517","99991231","C3","ปวส.หรือเทียบเท่า","2100000882","โรงเรียนมิตรพลพณิชยการ","20000247","คอมพิวเตอร์ธุรกิจ","20172","ประกาศนียบัตรวิชาชีพชั้นสูง","TH","ไทย"," "," ","X","ใช่","99999","วุฒิเริ่มบรรจุ","20061019"
"10001853","20070210","99991231","F1","ปริญญาโท/เทียบเท่า","2200000065","มหาวิทยาลัยรามคำแหง","20000045","การเงินและการธนาคาร","20044","บริหารธุรกิจมหาบัณฑิต","TH","ไทย"," "," ","X","ใช่","99997","วุฒิเพิ่มเติม","20090626"
"10001853","19980610","99991231","D1","ปริญญาตรี/เทียบเท่า","2200000431","สถาบันราชภัฎสวนดุสิต","20000052","การจัดการทั่วไป","20312","ศิลปศาสตรบัณฑิต","TH","ไทย"," "," "," ","ไม่","99999","วุฒิเริ่มบรรจุ","20000329"
"00037215","","99991231","B1","มัธยมศึกษาตอนต้น","0000000000","--ไม่สามารถระบุได้--","00000000","--ไม่สามารถระบุได้--","20242","มัธยมศึกษาตอนต้น","TH","ไทย"," "," ","X","ใช่","99999","วุฒิเริ่มบรรจุ","19990902"
"80003717","","20230731","H1","ปริญญาเอก/เทียบเท่า","0000000000","--ไม่สามารถระบุได้--","00000000","--ไม่สามารถระบุได้--","00001","--ไม่สามารถระบุได้--","TH","ไทย"," "," "," ","ไม่","00001","--ไม่สามารถระบุได้--","20200801"
"10000395","19910604","99991231","C3","ปวส.หรือเทียบเท่า","2100000753","โรงเรียนพณิชยการราชดำเนิน","20000047","การจัดการ","20172","ประกาศนียบัตรวิชาชีพชั้นสูง","TH","ไทย"," "," "," ","ไม่","99997","วุฒิเพิ่มเติม","19930331"
"10000395","20050603","99991231","D1","ปริญญาตรี/เทียบเท่า","2200000016","มหาวิทยาลัยเซนต์จอห์น","20000094","การบริหารธุรกิจ","20205","ปริญญาตรี","TH","ไทย"," "," ","X","ใช่","99999","วุฒิเริ่มบรรจุ","20061215"
"10004154","19980309","99991231","D1","ปริญญาตรี/เทียบเท่า","2200000416","สถาบันราชภัฎพระนคร","20000104","การบัญชี","20312","ศิลปศาสตรบัณฑิต","TH","ไทย"," "," ","X","ใช่","99999","วุฒิเริ่มบรรจุ","20020826"
"10024784","20020819","99991231","F1","ปริญญาโท/เทียบเท่า","1200000253","Iowa State University","10000172","Civil Engineering","10503","Master of Science","US","USA"," "," "," ","ไม่","99997","วุฒิเพิ่มเติม","20040505"
"10024784","19960524","99991231","D1","ปริญญาตรี/เทียบเท่า","2200000003","จุฬาลงกรณ์มหาวิทยาลัย","10000172","Civil Engineering","10048","Bachelor of Engineering","TH","ไทย"," "," "," ","ไม่","99997","วุฒิเพิ่มเติม","20000426"
"10024784","20040823","99991231","H1","ปริญญาเอก/เทียบเท่า","1200000253","Iowa State University","10000172","Civil Engineering","10314","Doctor of Philosophy","US","USA"," "," ","X","ใช่","99999","วุฒิเริ่มบรรจุ","20090501"
"80004748","","99990131","H1","ปริญญาเอก/เทียบเท่า","0000000000","--ไม่สามารถระบุได้--","00000000","--ไม่สามารถระบุได้--","00001","--ไม่สามารถระบุได้--","TH","ไทย"," "," "," ","ไม่","00001","--ไม่สามารถระบุได้--","20230201"
"80004877","","99991231","H1","ปริญญาเอก/เทียบเท่า","1200000571","Texas A and M University","20000878","วิศวกรรมไฟฟ้า","10318","Doctor of Pilosophy","US","USA"," "," "," ","ไม่","00001","--ไม่สามารถระบุได้--","20070801"
"80004877","","99991231","D1","ปริญญาตรี/เทียบเท่า","2200000003","จุฬาลงกรณ์มหาวิทยาลัย","20000878","วิศวกรรมไฟฟ้า","20260","วิศวกรรมศาสตรบัณฑิต","TH","ไทย"," "," "," ","ไม่","00001","--ไม่สามารถระบุได้--","20020301"
"00041066","20000702","99991231","D1","ปริญญาตรี/เทียบเท่า","2200000416","สถาบันราชภัฎพระนคร","20000817","วิทยาศาสตร์","20256","วิทยาศาสตรบัณฑิต","TH","ไทย"," "," ","X","ใช่","99997","วุฒิเพิ่มเติม","20030602"
"00041066","19930101","99991231","C3","ปวส.หรือเทียบเท่า","2100000787","โรงเรียนพระรามหกเทคโนโลยี","20000645","ไฟฟ้ากำลัง","20172","ประกาศนียบัตรวิชาชีพชั้นสูง","TH","ไทย"," "," "," ","ไม่","99999","วุฒิเริ่มบรรจุ","19970101"
"10016754","20120628","99991231","F1","ปริญญาโท/เทียบเท่า","2200000065","มหาวิทยาลัยรามคำแหง","20000104","การบัญชี","20044","บริหารธุรกิจมหาบัณฑิต","TH","ไทย"," "," ","X","ใช่","99997","วุฒิเพิ่มเติม","20141130"
"10016754","","99991231","D1","ปริญญาตรี/เทียบเท่า","2200000064","มหาวิทยาลัยราชภัฏอุบลราชธานี","20000104","การบัญชี","20043","บริหารธุรกิจบัณฑิต","TH","ไทย"," "," "," ","ไม่","99999","วุฒิเริ่มบรรจุ","20090318"
"10026616","20190714","99991231","D1","ปริญญาตรี/เทียบเท่า","2200000003","จุฬาลงกรณ์มหาวิทยาลัย","20000878","วิศวกรรมไฟฟ้า","20260","วิศวกรรมศาสตรบัณฑิต","TH","ไทย"," "," "," ","ไม่","99997","วุฒิเพิ่มเติม","20230626"
"10026616","20230807","99991231","F1","ปริญญาโท/เทียบเท่า","2200000003","จุฬาลงกรณ์มหาวิทยาลัย","20000878","วิศวกรรมไฟฟ้า","20261","วิศวกรรมศาสตรมหาบัณฑิต","TH","ไทย"," "," ","X","ใช่","99999","วุฒิเริ่มบรรจุ","20240802"
"10025575","20180723","99991231","D1","ปริญญาตรี/เทียบเท่า","2200000003","จุฬาลงกรณ์มหาวิทยาลัย","20000883","วิศวกรรมโยธา","20260","วิศวกรรมศาสตรบัณฑิต","TH","ไทย"," "," ","X","ใช่","99999","วุฒิเริ่มบรรจุ","20230130"
"00037116","19820614","99991231","F1","ปริญญาโท/เทียบเท่า","2200000003","จุฬาลงกรณ์มหาวิทยาลัย","20000871","วิศวกรรมเคมี","20261","วิศวกรรมศาสตรมหาบัณฑิต","TH","ไทย"," "," "," ","ไม่","99997","วุฒิเพิ่มเติม","19860606"
"00037116","19780606","99991231","D1","ปริญญาตรี/เทียบเท่า","2200000377","สถาบันเทคโนโลยีพระจอมเกล้าวิทยาเขตธนบุรี","20000254","เคมี","20260","วิศวกรรมศาสตรบัณฑิต","TH","ไทย"," "," "," ","ไม่","99999","วุฒิเริ่มบรรจุ","19820606"
"00037116","19880101","99991231","H1","ปริญญาเอก/เทียบเท่า","1200000211","Humbrook University","10000225","Corrosion & Welching","10280","Docteur Ingenieur","DE","Germany"," "," ","X","ใช่","99998","ปรับวุฒิ","19940101"
"10024785","20000602","99991231","D1","ปริญญาตรี/เทียบเท่า","2200000013","มหาวิทยาลัยขอนแก่น","20000637","ฟิสิกส์","10052","Bachelor of Science","TH","ไทย"," "," "," ","ไม่","99997","วุฒิเพิ่มเติม","20040524"
"10024785","20080401","99991231","H1","ปริญญาเอก/เทียบเท่า","2200000013","มหาวิทยาลัยขอนแก่น","20000637","ฟิสิกส์","20255","วิทยาศาสตรดุษฎีบัณฑิต","TH","ไทย"," "," ","X","ใช่","99999","วุฒิเริ่มบรรจุ","20130930"
"10024785","20040407","99991231","F1","ปริญญาโท/เทียบเท่า","2200000013","มหาวิทยาลัยขอนแก่น","20000637","ฟิสิกส์","20258","วิทยาศาสตรมหาบัณฑิต","TH","ไทย"," "," "," ","ไม่","99997","วุฒิเพิ่มเติม","20071102"
"10018045","","99991231","F1","ปริญญาโท/เทียบเท่า","2200000003","จุฬาลงกรณ์มหาวิทยาลัย","20000875","วิศวกรรมนิวเคลียร์","20261","วิศวกรรมศาสตรมหาบัณฑิต","TH","ไทย"," "," "," ","ไม่","99997","วุฒิเพิ่มเติม","20060523"
"10018045","","99991231","D1","ปริญญาตรี/เทียบเท่า","2200000003","จุฬาลงกรณ์มหาวิทยาลัย","20000873","วิศวกรรมเครื่องกล","20260","วิศวกรรมศาสตรบัณฑิต","TH","ไทย"," "," "," ","ไม่","99997","วุฒิเพิ่มเติม","19980424"
"10018045","","99991231","H1","ปริญญาเอก/เทียบเท่า","1200000451","Purdue University","10000716","Nuclear Engineering","10314","Doctor of Philosophy","US","USA"," "," ","X","ใช่","99999","วุฒิเริ่มบรรจุ","20120521"
"10019343","19910601","99991231","D1","ปริญญาตรี/เทียบเท่า","2200000079","มหาวิทยาลัยสงขลานครินทร์","20000637","ฟิสิกส์","20256","วิทยาศาสตรบัณฑิต","TH","ไทย"," "," "," ","ไม่","99997","วุฒิเพิ่มเติม","19950320"
"10019343","","99991231","H1","ปริญญาเอก/เทียบเท่า","0000000000","--ไม่สามารถระบุได้--","10000813","Physics","10317","Doctor of Physiology","DE","Germany"," "," ","X","ใช่","99999","วุฒิเริ่มบรรจุ","20100901"
"10019343","19970519","99991231","F1","ปริญญาโท/เทียบเท่า","2200000003","จุฬาลงกรณ์มหาวิทยาลัย","20000494","นิวเคลียร์เทคโนโลยี","20258","วิทยาศาสตรมหาบัณฑิต","TH","ไทย"," "," "," ","ไม่","99997","วุฒิเพิ่มเติม","20000523"
"10014300","19930401","99991231","D1","ปริญญาตรี/เทียบเท่า","1200000363","Nagoya University","10000650","Mechanical Engineering","10048","Bachelor of Engineering","JP","Japan"," "," "," ","ไม่","99997","วุฒิเพิ่มเติม","19970301"
"10014300","20010924","99991231","H1","ปริญญาเอก/เทียบเท่า","1200000704","University of California","10000650","Mechanical Engineering","10314","Doctor of Philosophy","US","USA"," "," ","X","ใช่","99999","วุฒิเริ่มบรรจุ","20070615"
"10014300","19970401","99991231","F1","ปริญญาโท/เทียบเท่า","1200000363","Nagoya University","10000651","Mechanical Systems Engineering","10461","Master of Engineering","JP","Japan"," "," "," ","ไม่","99997","วุฒิเพิ่มเติม","19990301"
"10026002","20120522","99991231","F1","ปริญญาโท/เทียบเท่า","2200000003","จุฬาลงกรณ์มหาวิทยาลัย","10000650","Mechanical Engineering","10461","Master of Engineering","TH","ไทย"," "," ","X","ใช่","99997","วุฒิเพิ่มเติม","20160805"
"10026002","20070529","99991231","D1","ปริญญาตรี/เทียบเท่า","2200000020","มหาวิทยาลัยเทคโนโลยีพระจอมเกล้าธนบุรี","00000000","--ไม่สามารถระบุได้--","20260","วิศวกรรมศาสตรบัณฑิต","TH","ไทย"," "," "," ","ไม่","99999","วุฒิเริ่มบรรจุ","20110331"
"10022367","20170520","99991231","C3","ปวส.หรือเทียบเท่า","0000000000","--ไม่สามารถระบุได้--","00000000","--ไม่สามารถระบุได้--","20172","ประกาศนียบัตรวิชาชีพชั้นสูง","TH","ไทย"," "," ","X","ใช่","99999","วุฒิเริ่มบรรจุ","20181012"
"10022423","20140801","99991231","D1","ปริญญาตรี/เทียบเท่า","2200000033","มหาวิทยาลัยธรรมศาสตร์","00000000","--ไม่สามารถระบุได้--","20332","สังคมวิทยาและมนุษยวิทยาบัณฑิต","TH","ไทย"," "," ","X","ใช่","99999","วุฒิเริ่มบรรจุ","20180520"
"10019411","20080525","99991231","D1","ปริญญาตรี/เทียบเท่า","2200000038","มหาวิทยาลัยบูรพา","20000744","รัฐศาสตร์","20248","รัฐศาสตรบัณฑิต","TH","ไทย","00","เกียรตินิยมอันดับ 1","X","ใช่","99999","วุฒิเริ่มบรรจุ","20120411"
"10018992","20050205","99991231","D1","ปริญญาตรี/เทียบเท่า","2200000048","มหาวิทยาลัยมหาสารคาม","20000247","คอมพิวเตอร์ธุรกิจ","20043","บริหารธุรกิจบัณฑิต","TH","ไทย"," "," ","X","ใช่","99999","วุฒิเริ่มบรรจุ","20070709"
"10020048","19930527","99991231","D1","ปริญญาตรี/เทียบเท่า","2200000003","จุฬาลงกรณ์มหาวิทยาลัย","20000891","วิศวกรรมสำรวจ","20260","วิศวกรรมศาสตรบัณฑิต","TH","ไทย"," "," "," ","ไม่","99997","วุฒิเพิ่มเติม","19970528"
"10020048","20051201","99991231","F1","ปริญญาโท/เทียบเท่า","1200001273","National Institute of Technology Warangal","10000172","Civil Engineering","10510","Master of Technology","IN","India","00","เกียรตินิยมอันดับ 1"," ","ไม่","99997","วุฒิเพิ่มเติม","20070728"
"10020048","20021115","99991231","D1","ปริญญาตรี/เทียบเท่า","2200000065","มหาวิทยาลัยรามคำแหง","20000487","นิติศาสตร์","20034","นิติศาสตรบัณฑิต","TH","ไทย"," "," "," ","ไม่","99997","วุฒิเพิ่มเติม","20040328"
"10020048","20080527","99991231","H1","ปริญญาเอก/เทียบเท่า","2200000003","จุฬาลงกรณ์มหาวิทยาลัย","20000891","วิศวกรรมสำรวจ","20259","วิศวกรรมศาสตรดุษฎีบัณฑิต","TH","ไทย"," "," ","X","ใช่","99999","วุฒิเริ่มบรรจุ","20130530"
"10026381","20200722","99991231","D1","ปริญญาตรี/เทียบเท่า","2200000020","มหาวิทยาลัยเทคโนโลยีพระจอมเกล้าธนบุรี","20000899","วิศวกรรมอุตสาหการ","20260","วิศวกรรมศาสตรบัณฑิต","TH","ไทย","01","เกียรตินิยมอันดับ 2","X","ใช่","99999","วุฒิเริ่มบรรจุ","20240614"
"10026180","20140607","99991231","F1","ปริญญาโท/เทียบเท่า","2200000065","มหาวิทยาลัยรามคำแหง","20000179","การสอนภาษาอังกฤษ","20321","ศึกษาศาสตรมหาบัณฑิต","TH","ไทย"," "," ","X","ใช่","99999","วุฒิเริ่มบรรจุ","20160630"
"00032090","19820101","99991231","D1","ปริญญาตรี/เทียบเท่า","2200000011","มหาวิทยาลัยเกษตรศาสตร์","20000431","เทคโนโลยีชีวภาพ","20256","วิทยาศาสตรบัณฑิต","TH","ไทย"," "," "," ","ไม่","99999","วุฒิเริ่มบรรจุ","19850101"
"00032090","19980801","99991231","H1","ปริญญาเอก/เทียบเท่า","1200000101","Colorado State University","10000336","Engineering","10314","Doctor of Philosophy","US","USA"," "," ","X","ใช่","99998","ปรับวุฒิ","19990515"
"00032090","19860101","99991231","F1","ปริญญาโท/เทียบเท่า","2200000003","จุฬาลงกรณ์มหาวิทยาลัย","00000000","--ไม่สามารถระบุได้--","20261","วิศวกรรมศาสตรมหาบัณฑิต","TH","ไทย"," "," "," ","ไม่","99998","ปรับวุฒิ","19890101"
"10002127","19971216","99991231","H1","ปริญญาเอก/เทียบเท่า","1200000781","University of Michigan","10000146","Chemical Engineeing","10314","Doctor of Philosophy","US","USA"," "," ","X","ใช่","99999","วุฒิเริ่มบรรจุ","20011216"
"10002127","19911216","99991231","D1","ปริญญาตรี/เทียบเท่า","1200000264","Johns Hopkins University","10000147","Chemical Engineering","10052","Bachelor of Science","US","USA"," "," "," ","ไม่","99997","วุฒิเพิ่มเติม","19951216"
"10025491","20190813","99991231","D1","ปริญญาตรี/เทียบเท่า","2200000034","มหาวิทยาลัยธุรกิจบัณฑิต","20000870","วิศวกรรมคอมพิวเตอร์","20260","วิศวกรรมศาสตรบัณฑิต","TH","ไทย","00","เกียรตินิยมอันดับ 1","X","ใช่","99999","วุฒิเริ่มบรรจุ","20230602"
"10021064","20150517","99991231","C3","ปวส.หรือเทียบเท่า","2100000800","โรงเรียนพาณิชยการเจ้าพระยา","00000000","--ไม่สามารถระบุได้--","20172","ประกาศนียบัตรวิชาชีพชั้นสูง","TH","ไทย"," "," "," ","ไม่","99997","วุฒิเพิ่มเติม","20150430"
"10021064","20211030","99991231","D1","ปริญญาตรี/เทียบเท่า","2200000010","มหาวิทยาลัยเกริก","20000047","การจัดการ","20312","ศิลปศาสตรบัณฑิต","TH","ไทย"," "," ","X","ใช่","99999","วุฒิเริ่มบรรจุ","20221021"
"10025842","20180814","99991231","D1","ปริญญาตรี/เทียบเท่า","2200000067","มหาวิทยาลัยศรีนครินทรวิโรฒ","00000000","--ไม่สามารถระบุได้--","20043","บริหารธุรกิจบัณฑิต","TH","ไทย"," "," ","X","ใช่","99999","วุฒิเริ่มบรรจุ","20220525"
"10023070","20141216","99991231","H1","ปริญญาเอก/เทียบเท่า","2200000003","จุฬาลงกรณ์มหาวิทยาลัย","00000000","--ไม่สามารถระบุได้--","20259","วิศวกรรมศาสตรดุษฎีบัณฑิต","TH","ไทย"," "," ","X","ใช่","99999","วุฒิเริ่มบรรจุ","20190805"
"00039372","19830101","99991231","D1","ปริญญาตรี/เทียบเท่า","2200000011","มหาวิทยาลัยเกษตรศาสตร์","20000989","สถิติ","20256","วิทยาศาสตรบัณฑิต","TH","ไทย"," "," "," ","ไม่","99999","วุฒิเริ่มบรรจุ","19860101"
"00039372","19920101","99991231","H1","ปริญญาเอก/เทียบเท่า","1200000216","Illinois Institute of Technology","10000213","Computer Science","10527","Philosophy Degree","TH","ไทย"," "," ","X","ใช่","99998","ปรับวุฒิ","19960101"
"00039372","19870101","99991231","F1","ปริญญาโท/เทียบเท่า","2200000003","จุฬาลงกรณ์มหาวิทยาลัย","20000245","คอมพิวเตอร์","20258","วิทยาศาสตรมหาบัณฑิต","TH","ไทย"," "," "," ","ไม่","99998","ปรับวุฒิ","19910101"
"00036116","","99991231","H1","ปริญญาเอก/เทียบเท่า","1200000089","Claremont Graduate University","10000507","Information Science","10314","Doctor of Philosophy","US","USA"," "," ","X","ใช่","99997","วุฒิเพิ่มเติม","20100601"
"00036116","19880101","99991231","F1","ปริญญาโท/เทียบเท่า","1200000046","Boston University","10000509","Information Systems","10503","Master of Science","TH","ไทย"," "," "," ","ไม่","99999","วุฒิเริ่มบรรจุ","19890925"
"10025321","20180928","99991231","H1","ปริญญาเอก/เทียบเท่า","1200000714","University of Cambridge","10000155","Chemistry","10314","Doctor of Philosophy","GB","United Kingdom"," "," ","X","ใช่","99999","วุฒิเริ่มบรรจุ","20221129"
"10025442","19890814","99991231","H1","ปริญญาเอก/เทียบเท่า","1200000752","University of Illinois at Urbana-Champaign","10000213","Computer Science","10314","Doctor of Philosophy","US","USA"," "," ","X","ใช่","99999","วุฒิเริ่มบรรจุ","19910517"
"10019775","","99991231","F1","ปริญญาโท/เทียบเท่า","1200000890","Univesity of Michigan","10000650","Mechanical Engineering","10505","Master of Science Engineering","US","USA"," "," "," ","ไม่","99997","วุฒิเพิ่มเติม","20090430"
"10019775","20010530","99991231","D1","ปริญญาตรี/เทียบเท่า","2200000003","จุฬาลงกรณ์มหาวิทยาลัย","20000873","วิศวกรรมเครื่องกล","20260","วิศวกรรมศาสตรบัณฑิต","TH","ไทย"," "," "," ","ไม่","99997","วุฒิเพิ่มเติม","20050503"
"10019775","","99991231","H1","ปริญญาเอก/เทียบเท่า","1200000890","Univesity of Michigan","10000650","Mechanical Engineering","10314","Doctor of Philosophy","US","USA"," "," ","X","ใช่","99999","วุฒิเริ่มบรรจุ","20150821"
"10019840","","99991231","H1","ปริญญาเอก/เทียบเท่า","1200000704","University of California","10000638","Materials Science and Engineering","10314","Doctor of Philosophy","TH","ไทย"," "," ","X","ใช่","99999","วุฒิเริ่มบรรจุ","20150612"
"10020496","","99991231","H1","ปริญญาเอก/เทียบเท่า","1200000595","Tokyo Institute of Technology","10000500","Industrial Engineering and Management","10297","Doctor of Engineering","JP","Japan"," "," ","X","ใช่","99999","วุฒิเริ่มบรรจุ","20160326"
"10014011","20040101","99991231","H1","ปริญญาเอก/เทียบเท่า","1200000340","Michigan University","20000875","วิศวกรรมนิวเคลียร์","20259","วิศวกรรมศาสตรดุษฎีบัณฑิต","US","USA"," "," ","X","ใช่","99999","วุฒิเริ่มบรรจุ","20070712"
"10022774","20060607","99991231","D1","ปริญญาตรี/เทียบเท่า","2200000003","จุฬาลงกรณ์มหาวิทยาลัย","00000000","--ไม่สามารถระบุได้--","20260","วิศวกรรมศาสตรบัณฑิต","TH","ไทย"," "," "," ","ไม่","99997","วุฒิเพิ่มเติม","20100603"
"10022774","","99991231","H1","ปริญญาเอก/เทียบเท่า","1200000767","University of London","00000000","--ไม่สามารถระบุได้--","10314","Doctor of Philosophy","TH","ไทย"," "," ","X","ใช่","99999","วุฒิเริ่มบรรจุ","20180925"
"10022774","","99991231","F1","ปริญญาโท/เทียบเท่า","2200000398","สถาบันเทคโนโลยีแห่งเอเชีย","00000000","--ไม่สามารถระบุได้--","20261","วิศวกรรมศาสตรมหาบัณฑิต","TH","ไทย"," "," "," ","ไม่","99997","วุฒิเพิ่มเติม","20120601"
"10023412","","99991231","H1","ปริญญาเอก/เทียบเท่า","1200000821","University of Regina","10000364","Environmental Engineering","10314","Doctor of Philosophy","TH","ไทย"," "," ","X","ใช่","99999","วุฒิเริ่มบรรจุ","20140122"
"10026956","20170815","99991231","D1","ปริญญาตรี/เทียบเท่า","2200000035","มหาวิทยาลัยนเรศวร","00000000","--ไม่สามารถระบุได้--","20312","ศิลปศาสตรบัณฑิต","TH","ไทย"," "," ","X","ใช่","99999","วุฒิเริ่มบรรจุ","20210329"
"10003444","","99991231","D1","ปริญญาตรี/เทียบเท่า","2200000419","สถาบันราชภัฎเพชรบุรี","20000052","การจัดการทั่วไป","20312","ศิลปศาสตรบัณฑิต","TH","ไทย"," "," ","X","ใช่","99999","วุฒิเริ่มบรรจุ","20010319"
"10003444","19970515","99991231","C3","ปวส.หรือเทียบเท่า","2200000356","วิทยาลัยอาชีวศึกษาเพชรบุรี","20000073","การตลาด","20172","ประกาศนียบัตรวิชาชีพชั้นสูง","TH","ไทย"," "," "," ","ไม่","99997","วุฒิเพิ่มเติม","19990331"
"10017076","","99991231","C3","ปวส.หรือเทียบเท่า","2100000307","โรงเรียนเทคนิควิมลบริหารธุรกิจ","20000040","การโฆษณา","20172","ประกาศนียบัตรวิชาชีพชั้นสูง","TH","ไทย"," "," ","X","ใช่","99999","วุฒิเริ่มบรรจุ","20020325"
"10021952","20030530","99991231","D1","ปริญญาตรี/เทียบเท่า","2200000020","มหาวิทยาลัยเทคโนโลยีพระจอมเกล้าธนบุรี","00000000","--ไม่สามารถระบุได้--","20260","วิศวกรรมศาสตรบัณฑิต","TH","ไทย"," "," "," ","ไม่","99997","วุฒิเพิ่มเติม","20070403"
"10021952","20140729","99991231","H1","ปริญญาเอก/เทียบเท่า","2200000003","จุฬาลงกรณ์มหาวิทยาลัย","20000871","วิศวกรรมเคมี","20259","วิศวกรรมศาสตรดุษฎีบัณฑิต","TH","ไทย"," "," ","X","ใช่","99999","วุฒิเริ่มบรรจุ","20180810"
"10021952","20070528","99991231","F1","ปริญญาโท/เทียบเท่า","2200000003","จุฬาลงกรณ์มหาวิทยาลัย","00000000","--ไม่สามารถระบุได้--","20261","วิศวกรรมศาสตรมหาบัณฑิต","TH","ไทย"," "," "," ","ไม่","99997","วุฒิเพิ่มเติม","20091026"
"10023772","","99991231","H1","ปริญญาเอก/เทียบเท่า","1200000697","University of Birmingham","10000172","Civil Engineering","10314","Doctor of Philosophy","GB","United Kingdom"," "," ","X","ใช่","99999","วุฒิเริ่มบรรจุ","20210331"
"10023397","20150728","99991231","H1","ปริญญาเอก/เทียบเท่า","2200000003","จุฬาลงกรณ์มหาวิทยาลัย","00000000","--ไม่สามารถระบุได้--","20259","วิศวกรรมศาสตรดุษฎีบัณฑิต","TH","ไทย"," "," ","X","ใช่","99999","วุฒิเริ่มบรรจุ","20190805"
"10019342","20030601","99991231","F1","ปริญญาโท/เทียบเท่า","2200000033","มหาวิทยาลัยธรรมศาสตร์","20000042","การเงิน","20044","บริหารธุรกิจมหาบัณฑิต","TH","ไทย"," "," "," ","ไม่","99997","วุฒิเพิ่มเติม","20051204"
"10019342","19960603","99991231","D1","ปริญญาตรี/เทียบเท่า","2200000011","มหาวิทยาลัยเกษตรศาสตร์","00000000","--ไม่สามารถระบุได้--","20260","วิศวกรรมศาสตรบัณฑิต","TH","ไทย"," "," "," ","ไม่","99997","วุฒิเพิ่มเติม","20000311"
"10019342","20081004","99991231","H1","ปริญญาเอก/เทียบเท่า","1200000220","Imperial College University of London","10000171","Civil and Environmental Engineering","10314","Doctor of Philosophy","GB","United Kingdom"," "," ","X","ใช่","99999","วุฒิเริ่มบรรจุ","20141001"
"00036260","20140601","99991231","C1","ปวช.หรือเทียบเท่า","0000000000","--ไม่สามารถระบุได้--","20000332","ช่างไฟฟ้ากำลัง","20170","ประกาศนียบัตรวิชาชีพ","TH","ไทย"," "," "," ","ไม่","99997","วุฒิเพิ่มเติม","20150531"
"00036260","","99991231","B1","มัธยมศึกษาตอนต้น","0000000000","--ไม่สามารถระบุได้--","00000000","--ไม่สามารถระบุได้--","20242","มัธยมศึกษาตอนต้น","TH","ไทย"," "," "," ","ไม่","99999","วุฒิเริ่มบรรจุ","19990902"
"00036260","20150705","99991231","C3","ปวส.หรือเทียบเท่า","0000000000","--ไม่สามารถระบุได้--","20000332","ช่างไฟฟ้ากำลัง","20172","ประกาศนียบัตรวิชาชีพชั้นสูง","TH","ไทย"," "," ","X","ใช่","99997","วุฒิเพิ่มเติม","20160513"
"00037213","19780501","99991231","B1","มัธยมศึกษาตอนต้น","2100000041","โรงเรียนกาญจนเทพวิทยา","20001036","สายสามัญ","20242","มัธยมศึกษาตอนต้น","TH","ไทย"," "," ","X","ใช่","99999","วุฒิเริ่มบรรจุ","19811001"
"00037213","","99991231","A1","ประถมศึกษาตอนต้น","0000000000","--ไม่สามารถระบุได้--","00000000","--ไม่สามารถระบุได้--","20194","ประถมศึกษาตอนต้น(ป.4)","TH","ไทย"," "," "," ","ไม่","99997","วุฒิเพิ่มเติม","19990902"
"10000419","","99991231","A2","ประถมศึกษาตอนปลาย","2100001002","โรงเรียนวัดเขียนเขต","00000000","--ไม่สามารถระบุได้--","20195","ประถมศึกษาตอนปลาย","TH","ไทย"," "," ","X","ใช่","99999","วุฒิเริ่มบรรจุ","19840323"
"10000429","19850604","99991231","C2","ปวท.หรือเทียบเท่า","2100000758","โรงเรียนพณิชยการวิทยาลัยนครสวรรค์","20000528","บัญชี","20173","ประกาศนียบัตรวิชาชีพเทคนิค","TH","ไทย"," "," "," ","ไม่","99997","วุฒิเพิ่มเติม","19870331"
"10000429","19990327","99991231","D1","ปริญญาตรี/เทียบเท่า","2200000420","สถาบันราชภัฎเพชรบุรีวิทยาลงกรณ์","20000052","การจัดการทั่วไป","20312","ศิลปศาสตรบัณฑิต","TH","ไทย"," "," ","X","ใช่","99999","วุฒิเริ่มบรรจุ","20010919"
"10001856","19950516","99991231","C3","ปวส.หรือเทียบเท่า","2100000241","โรงเรียนดุสิตพณิชยการ","20000035","การขาย","20172","ประกาศนียบัตรวิชาชีพชั้นสูง","TH","ไทย"," "," "," ","ไม่","99997","วุฒิเพิ่มเติม","19970315"
"10001856","20040515","99991231","D1","ปริญญาตรี/เทียบเท่า","2200000060","มหาวิทยาลัยราชภัฏวไลยอลงกรณ์","20000052","การจัดการทั่วไป","20043","บริหารธุรกิจบัณฑิต","TH","ไทย"," "," ","X","ใช่","99999","วุฒิเริ่มบรรจุ","20070907"
"10023361","20130614","99991231","D1","ปริญญาตรี/เทียบเท่า","2200000051","มหาวิทยาลัยรังสิต","20001294","วิทยาศาสตร์ชีวการแพทย์","20256","วิทยาศาสตรบัณฑิต","TH","ไทย"," "," ","X","ใช่","99999","วุฒิเริ่มบรรจุ","20150520"
"10023658","20150516","99991231","C3","ปวส.หรือเทียบเท่า","2200000453","วิทยาลัยเทคโนโลยีสยาม","20000275","เครื่องกล-เทคนิคยานยนต์","20172","ประกาศนียบัตรวิชาชีพชั้นสูง","TH","ไทย"," "," ","X","ใช่","99999","วุฒิเริ่มบรรจุ","20200429"
"10024480","19970601","99991231","D1","ปริญญาตรี/เทียบเท่า","2200000023","มหาวิทยาลัยเทคโนโลยีราชมงคล","20001084","ออกแบบพาณิชยศิลป์","20308","ศิลปกรรมศาสตรบัณฑิต","TH","ไทย"," "," ","X","ใช่","99999","วุฒิเริ่มบรรจุ","19990306"
"10024733","20070611","99991231","D1","ปริญญาตรี/เทียบเท่า","2200000085","มหาวิทยาลัยหอการค้าไทย","20000687","ภาษาอังกฤษเพื่อการสื่อสาร","20312","ศิลปศาสตรบัณฑิต","TH","ไทย"," "," "," ","ไม่","99999","วุฒิเริ่มบรรจุ","20101025"
"10024733","20150719","99991231","F1","ปริญญาโท/เทียบเท่า","2200000013","มหาวิทยาลัยขอนแก่น","00000000","--ไม่สามารถระบุได้--","20044","บริหารธุรกิจมหาบัณฑิต","TH","ไทย"," "," ","X","ใช่","99997","วุฒิเพิ่มเติม","20170920"
"10024783","20170127","99991231","D1","ปริญญาตรี/เทียบเท่า","2200000077","มหาวิทยาลัยศิลปากร","20001208","บรรณารักษศาสตร์และสารสนเทศศาสตร์","20374","อักษรศาสตรบัณฑิต","TH","ไทย","01","เกียรตินิยมอันดับ 2","X","ใช่","99999","วุฒิเริ่มบรรจุ","20210411"
"10026235","19980522","99991231","D1","ปริญญาตรี/เทียบเท่า","2200000003","จุฬาลงกรณ์มหาวิทยาลัย","20000682","ภาษาอังกฤษ","20374","อักษรศาสตรบัณฑิต","TH","ไทย"," "," ","X","ใช่","99999","วุฒิเริ่มบรรจุ","20020321"
"10025829","20200713","99991231","D1","ปริญญาตรี/เทียบเท่า","2200000011","มหาวิทยาลัยเกษตรศาสตร์","20000682","ภาษาอังกฤษ","20312","ศิลปศาสตรบัณฑิต","TH","ไทย","00","เกียรตินิยมอันดับ 1","X","ใช่","99999","วุฒิเริ่มบรรจุ","20240401"
"10025944","20140708","99991231","D1","ปริญญาตรี/เทียบเท่า","2200000065","มหาวิทยาลัยรามคำแหง","20000744","รัฐศาสตร์","20248","รัฐศาสตรบัณฑิต","TH","ไทย"," "," ","X","ใช่","99999","วุฒิเริ่มบรรจุ","20170531"
"10016749","","99991231","D1","ปริญญาตรี/เทียบเท่า","2200000011","มหาวิทยาลัยเกษตรศาสตร์","20000377","ทรัพยากรเกษตรชีวภาพ","20256","วิทยาศาสตรบัณฑิต","TH","ไทย"," "," ","X","ใช่","99999","วุฒิเริ่มบรรจุ","20050305"
"10017074","19980220","99991231","D1","ปริญญาตรี/เทียบเท่า","2200000432","สถาบันราชภัฎสวนสุนันทา","20000806","วิทยาการคอมพิวเตอร์","20256","วิทยาศาสตรบัณฑิต","TH","ไทย"," "," ","X","ใช่","99999","วุฒิเริ่มบรรจุ","20021219"
"10017074","19950517","99991231","C3","ปวส.หรือเทียบเท่า","2200000305","วิทยาลัยพณิชยการเชตุพน","20000247","คอมพิวเตอร์ธุรกิจ","20172","ประกาศนียบัตรวิชาชีพชั้นสูง","TH","ไทย"," "," "," ","ไม่","99997","วุฒิเพิ่มเติม","19970325"
"10020766","19970512","99991231","C3","ปวส.หรือเทียบเท่า","2100000160","โรงเรียนช่างฝีมือทหาร","20000336","ช่างยนต์","20172","ประกาศนียบัตรวิชาชีพชั้นสูง","TH","ไทย"," "," "," ","ไม่","99997","วุฒิเพิ่มเติม","20000327"
"10020766","","99991231","B1","มัธยมศึกษาตอนต้น","2100001566","โรงเรียนสุรศักดิ์มนตรี","00000000","--ไม่สามารถระบุได้--","20242","มัธยมศึกษาตอนต้น","TH","ไทย"," "," "," ","ไม่","99999","วุฒิเริ่มบรรจุ","20140331"
"10020766","","99991231","B1","มัธยมศึกษาตอนต้น","2100001566","โรงเรียนสุรศักดิ์มนตรี","00000000","--ไม่สามารถระบุได้--","20242","มัธยมศึกษาตอนต้น","TH","ไทย"," "," "," ","ไม่","99999","วุฒิเริ่มบรรจุ","19940331"
"10020766","19970512","99991231","C3","ปวส.หรือเทียบเท่า","2100000160","โรงเรียนช่างฝีมือทหาร","20000336","ช่างยนต์","20172","ประกาศนียบัตรวิชาชีพชั้นสูง","TH","ไทย"," "," ","X","ใช่","99997","วุฒิเพิ่มเติม","20000327"
"10024487","20070616","99991231","D1","ปริญญาตรี/เทียบเท่า","2200000067","มหาวิทยาลัยศรีนครินทรวิโรฒ","20000558","ประวัติศาสตร์","20312","ศิลปศาสตรบัณฑิต","TH","ไทย"," "," ","X","ใช่","99999","วุฒิเริ่มบรรจุ","20070312"
"10025572","20190820","99991231","D1","ปริญญาตรี/เทียบเท่า","2200000076","มหาวิทยาลัยศรีปทุม","00000000","--ไม่สามารถระบุได้--","20312","ศิลปศาสตรบัณฑิต","TH","ไทย"," "," ","X","ใช่","99999","วุฒิเริ่มบรรจุ","20230514"
"10024202","20070528","99991231","F1","ปริญญาโท/เทียบเท่า","2200000003","จุฬาลงกรณ์มหาวิทยาลัย","20000873","วิศวกรรมเครื่องกล","20261","วิศวกรรมศาสตรมหาบัณฑิต","TH","ไทย"," "," "," ","ไม่","99997","วุฒิเพิ่มเติม","20100531"
"10024202","20030530","99991231","D1","ปริญญาตรี/เทียบเท่า","2200000003","จุฬาลงกรณ์มหาวิทยาลัย","20000873","วิศวกรรมเครื่องกล","20260","วิศวกรรมศาสตรบัณฑิต","TH","ไทย"," "," "," ","ไม่","99997","วุฒิเพิ่มเติม","20070424"
"10024202","20111001","99991231","H1","ปริญญาเอก/เทียบเท่า","1200000204","Hokkaido University","00000000","--ไม่สามารถระบุได้--","10314","Doctor of Philosophy","JP","Japan"," "," ","X","ใช่","99999","วุฒิเริ่มบรรจุ","20151225"
"00039347","19870601","99991231","D1","ปริญญาตรี/เทียบเท่า","2200000075","มหาวิทยาลัยศรีนครินทรวิโรฒ วิทยาเขตสงขลา","20000558","ประวัติศาสตร์","20312","ศิลปศาสตรบัณฑิต","TH","ไทย"," "," ","X","ใช่","99999","วุฒิเริ่มบรรจุ","19910312"
